:0200000460009A
:100000004643464200000156000000000103030081
:1000100000000000000000000000000000000000E0
:1000200000000000000000000000000000000000D0
:1000300000000000000000000000000000000000C0
:1000400000000000010408000000000000000000A3
:100050000000800000000000000000000000000020
:100060000000000000000000000000000000000090
:100070000000000000000000000000000000000080
:10008000EB04180A063204260000000000000000FD
:10009000050404240000000000000000000000002F
:1000A0000000000000000000000000000000000050
:1000B0000604000000000000000000000000000036
:1000C0000000000000000000000000000000000030
:1000D00020041808000000000000000000000000DC
:1000E0000000000000000000000000000000000010
:1000F0000000000000000000000000000000000000
:10010000D8041808000000000000000000000000F3
:100110000204180804200000000000000000000095
:1001200000000000000000000000000000000000CF
:10013000600400000000000000000000000000005B
:1001400000000000000000000000000000000000AF
:10015000000000000000000000000000000000009F
:10016000000000000000000000000000000000008F
:10017000000000000000000000000000000000007F
:10018000000000000000000000000000000000006F
:10019000000000000000000000000000000000005F
:1001A000000000000000000000000000000000004F
:1001B000000000000000000000000000000000003F
:1001C000000100000010000001000000000000001D
:1001D000000001000000000000000000000000001E
:1001E000000000000000000000000000000000000F
:1001F00000000000000000000000000000000000FF
:10020000FFFFFFFFFFFFFFFFFFFFFFFFFFFFFFFFFE
:10021000FFFFFFFFFFFFFFFFFFFFFFFFFFFFFFFFEE
:10022000FFFFFFFFFFFFFFFFFFFFFFFFFFFFFFFFDE
:10023000FFFFFFFFFFFFFFFFFFFFFFFFFFFFFFFFCE
:10024000FFFFFFFFFFFFFFFFFFFFFFFFFFFFFFFFBE
:10025000FFFFFFFFFFFFFFFFFFFFFFFFFFFFFFFFAE
:10026000FFFFFFFFFFFFFFFFFFFFFFFFFFFFFFFF9E
:10027000FFFFFFFFFFFFFFFFFFFFFFFFFFFFFFFF8E
:10028000FFFFFFFFFFFFFFFFFFFFFFFFFFFFFFFF7E
:10029000FFFFFFFFFFFFFFFFFFFFFFFFFFFFFFFF6E
:1002A000FFFFFFFFFFFFFFFFFFFFFFFFFFFFFFFF5E
:1002B000FFFFFFFFFFFFFFFFFFFFFFFFFFFFFFFF4E
:1002C000FFFFFFFFFFFFFFFFFFFFFFFFFFFFFFFF3E
:1002D000FFFFFFFFFFFFFFFFFFFFFFFFFFFFFFFF2E
:1002E000FFFFFFFFFFFFFFFFFFFFFFFFFFFFFFFF1E
:1002F000FFFFFFFFFFFFFFFFFFFFFFFFFFFFFFFF0E
:10030000FFFFFFFFFFFFFFFFFFFFFFFFFFFFFFFFFD
:10031000FFFFFFFFFFFFFFFFFFFFFFFFFFFFFFFFED
:10032000FFFFFFFFFFFFFFFFFFFFFFFFFFFFFFFFDD
:10033000FFFFFFFFFFFFFFFFFFFFFFFFFFFFFFFFCD
:10034000FFFFFFFFFFFFFFFFFFFFFFFFFFFFFFFFBD
:10035000FFFFFFFFFFFFFFFFFFFFFFFFFFFFFFFFAD
:10036000FFFFFFFFFFFFFFFFFFFFFFFFFFFFFFFF9D
:10037000FFFFFFFFFFFFFFFFFFFFFFFFFFFFFFFF8D
:10038000FFFFFFFFFFFFFFFFFFFFFFFFFFFFFFFF7D
:10039000FFFFFFFFFFFFFFFFFFFFFFFFFFFFFFFF6D
:1003A000FFFFFFFFFFFFFFFFFFFFFFFFFFFFFFFF5D
:1003B000FFFFFFFFFFFFFFFFFFFFFFFFFFFFFFFF4D
:1003C000FFFFFFFFFFFFFFFFFFFFFFFFFFFFFFFF3D
:1003D000FFFFFFFFFFFFFFFFFFFFFFFFFFFFFFFF2D
:1003E000FFFFFFFFFFFFFFFFFFFFFFFFFFFFFFFF1D
:1003F000FFFFFFFFFFFFFFFFFFFFFFFFFFFFFFFF0D
:10040000FFFFFFFFFFFFFFFFFFFFFFFFFFFFFFFFFC
:10041000FFFFFFFFFFFFFFFFFFFFFFFFFFFFFFFFEC
:10042000FFFFFFFFFFFFFFFFFFFFFFFFFFFFFFFFDC
:10043000FFFFFFFFFFFFFFFFFFFFFFFFFFFFFFFFCC
:10044000FFFFFFFFFFFFFFFFFFFFFFFFFFFFFFFFBC
:10045000FFFFFFFFFFFFFFFFFFFFFFFFFFFFFFFFAC
:10046000FFFFFFFFFFFFFFFFFFFFFFFFFFFFFFFF9C
:10047000FFFFFFFFFFFFFFFFFFFFFFFFFFFFFFFF8C
:10048000FFFFFFFFFFFFFFFFFFFFFFFFFFFFFFFF7C
:10049000FFFFFFFFFFFFFFFFFFFFFFFFFFFFFFFF6C
:1004A000FFFFFFFFFFFFFFFFFFFFFFFFFFFFFFFF5C
:1004B000FFFFFFFFFFFFFFFFFFFFFFFFFFFFFFFF4C
:1004C000FFFFFFFFFFFFFFFFFFFFFFFFFFFFFFFF3C
:1004D000FFFFFFFFFFFFFFFFFFFFFFFFFFFFFFFF2C
:1004E000FFFFFFFFFFFFFFFFFFFFFFFFFFFFFFFF1C
:1004F000FFFFFFFFFFFFFFFFFFFFFFFFFFFFFFFF0C
:10050000FFFFFFFFFFFFFFFFFFFFFFFFFFFFFFFFFB
:10051000FFFFFFFFFFFFFFFFFFFFFFFFFFFFFFFFEB
:10052000FFFFFFFFFFFFFFFFFFFFFFFFFFFFFFFFDB
:10053000FFFFFFFFFFFFFFFFFFFFFFFFFFFFFFFFCB
:10054000FFFFFFFFFFFFFFFFFFFFFFFFFFFFFFFFBB
:10055000FFFFFFFFFFFFFFFFFFFFFFFFFFFFFFFFAB
:10056000FFFFFFFFFFFFFFFFFFFFFFFFFFFFFFFF9B
:10057000FFFFFFFFFFFFFFFFFFFFFFFFFFFFFFFF8B
:10058000FFFFFFFFFFFFFFFFFFFFFFFFFFFFFFFF7B
:10059000FFFFFFFFFFFFFFFFFFFFFFFFFFFFFFFF6B
:1005A000FFFFFFFFFFFFFFFFFFFFFFFFFFFFFFFF5B
:1005B000FFFFFFFFFFFFFFFFFFFFFFFFFFFFFFFF4B
:1005C000FFFFFFFFFFFFFFFFFFFFFFFFFFFFFFFF3B
:1005D000FFFFFFFFFFFFFFFFFFFFFFFFFFFFFFFF2B
:1005E000FFFFFFFFFFFFFFFFFFFFFFFFFFFFFFFF1B
:1005F000FFFFFFFFFFFFFFFFFFFFFFFFFFFFFFFF0B
:10060000FFFFFFFFFFFFFFFFFFFFFFFFFFFFFFFFFA
:10061000FFFFFFFFFFFFFFFFFFFFFFFFFFFFFFFFEA
:10062000FFFFFFFFFFFFFFFFFFFFFFFFFFFFFFFFDA
:10063000FFFFFFFFFFFFFFFFFFFFFFFFFFFFFFFFCA
:10064000FFFFFFFFFFFFFFFFFFFFFFFFFFFFFFFFBA
:10065000FFFFFFFFFFFFFFFFFFFFFFFFFFFFFFFFAA
:10066000FFFFFFFFFFFFFFFFFFFFFFFFFFFFFFFF9A
:10067000FFFFFFFFFFFFFFFFFFFFFFFFFFFFFFFF8A
:10068000FFFFFFFFFFFFFFFFFFFFFFFFFFFFFFFF7A
:10069000FFFFFFFFFFFFFFFFFFFFFFFFFFFFFFFF6A
:1006A000FFFFFFFFFFFFFFFFFFFFFFFFFFFFFFFF5A
:1006B000FFFFFFFFFFFFFFFFFFFFFFFFFFFFFFFF4A
:1006C000FFFFFFFFFFFFFFFFFFFFFFFFFFFFFFFF3A
:1006D000FFFFFFFFFFFFFFFFFFFFFFFFFFFFFFFF2A
:1006E000FFFFFFFFFFFFFFFFFFFFFFFFFFFFFFFF1A
:1006F000FFFFFFFFFFFFFFFFFFFFFFFFFFFFFFFF0A
:10070000FFFFFFFFFFFFFFFFFFFFFFFFFFFFFFFFF9
:10071000FFFFFFFFFFFFFFFFFFFFFFFFFFFFFFFFE9
:10072000FFFFFFFFFFFFFFFFFFFFFFFFFFFFFFFFD9
:10073000FFFFFFFFFFFFFFFFFFFFFFFFFFFFFFFFC9
:10074000FFFFFFFFFFFFFFFFFFFFFFFFFFFFFFFFB9
:10075000FFFFFFFFFFFFFFFFFFFFFFFFFFFFFFFFA9
:10076000FFFFFFFFFFFFFFFFFFFFFFFFFFFFFFFF99
:10077000FFFFFFFFFFFFFFFFFFFFFFFFFFFFFFFF89
:10078000FFFFFFFFFFFFFFFFFFFFFFFFFFFFFFFF79
:10079000FFFFFFFFFFFFFFFFFFFFFFFFFFFFFFFF69
:1007A000FFFFFFFFFFFFFFFFFFFFFFFFFFFFFFFF59
:1007B000FFFFFFFFFFFFFFFFFFFFFFFFFFFFFFFF49
:1007C000FFFFFFFFFFFFFFFFFFFFFFFFFFFFFFFF39
:1007D000FFFFFFFFFFFFFFFFFFFFFFFFFFFFFFFF29
:1007E000FFFFFFFFFFFFFFFFFFFFFFFFFFFFFFFF19
:1007F000FFFFFFFFFFFFFFFFFFFFFFFFFFFFFFFF09
:10080000FFFFFFFFFFFFFFFFFFFFFFFFFFFFFFFFF8
:10081000FFFFFFFFFFFFFFFFFFFFFFFFFFFFFFFFE8
:10082000FFFFFFFFFFFFFFFFFFFFFFFFFFFFFFFFD8
:10083000FFFFFFFFFFFFFFFFFFFFFFFFFFFFFFFFC8
:10084000FFFFFFFFFFFFFFFFFFFFFFFFFFFFFFFFB8
:10085000FFFFFFFFFFFFFFFFFFFFFFFFFFFFFFFFA8
:10086000FFFFFFFFFFFFFFFFFFFFFFFFFFFFFFFF98
:10087000FFFFFFFFFFFFFFFFFFFFFFFFFFFFFFFF88
:10088000FFFFFFFFFFFFFFFFFFFFFFFFFFFFFFFF78
:10089000FFFFFFFFFFFFFFFFFFFFFFFFFFFFFFFF68
:1008A000FFFFFFFFFFFFFFFFFFFFFFFFFFFFFFFF58
:1008B000FFFFFFFFFFFFFFFFFFFFFFFFFFFFFFFF48
:1008C000FFFFFFFFFFFFFFFFFFFFFFFFFFFFFFFF38
:1008D000FFFFFFFFFFFFFFFFFFFFFFFFFFFFFFFF28
:1008E000FFFFFFFFFFFFFFFFFFFFFFFFFFFFFFFF18
:1008F000FFFFFFFFFFFFFFFFFFFFFFFFFFFFFFFF08
:10090000FFFFFFFFFFFFFFFFFFFFFFFFFFFFFFFFF7
:10091000FFFFFFFFFFFFFFFFFFFFFFFFFFFFFFFFE7
:10092000FFFFFFFFFFFFFFFFFFFFFFFFFFFFFFFFD7
:10093000FFFFFFFFFFFFFFFFFFFFFFFFFFFFFFFFC7
:10094000FFFFFFFFFFFFFFFFFFFFFFFFFFFFFFFFB7
:10095000FFFFFFFFFFFFFFFFFFFFFFFFFFFFFFFFA7
:10096000FFFFFFFFFFFFFFFFFFFFFFFFFFFFFFFF97
:10097000FFFFFFFFFFFFFFFFFFFFFFFFFFFFFFFF87
:10098000FFFFFFFFFFFFFFFFFFFFFFFFFFFFFFFF77
:10099000FFFFFFFFFFFFFFFFFFFFFFFFFFFFFFFF67
:1009A000FFFFFFFFFFFFFFFFFFFFFFFFFFFFFFFF57
:1009B000FFFFFFFFFFFFFFFFFFFFFFFFFFFFFFFF47
:1009C000FFFFFFFFFFFFFFFFFFFFFFFFFFFFFFFF37
:1009D000FFFFFFFFFFFFFFFFFFFFFFFFFFFFFFFF27
:1009E000FFFFFFFFFFFFFFFFFFFFFFFFFFFFFFFF17
:1009F000FFFFFFFFFFFFFFFFFFFFFFFFFFFFFFFF07
:100A0000FFFFFFFFFFFFFFFFFFFFFFFFFFFFFFFFF6
:100A1000FFFFFFFFFFFFFFFFFFFFFFFFFFFFFFFFE6
:100A2000FFFFFFFFFFFFFFFFFFFFFFFFFFFFFFFFD6
:100A3000FFFFFFFFFFFFFFFFFFFFFFFFFFFFFFFFC6
:100A4000FFFFFFFFFFFFFFFFFFFFFFFFFFFFFFFFB6
:100A5000FFFFFFFFFFFFFFFFFFFFFFFFFFFFFFFFA6
:100A6000FFFFFFFFFFFFFFFFFFFFFFFFFFFFFFFF96
:100A7000FFFFFFFFFFFFFFFFFFFFFFFFFFFFFFFF86
:100A8000FFFFFFFFFFFFFFFFFFFFFFFFFFFFFFFF76
:100A9000FFFFFFFFFFFFFFFFFFFFFFFFFFFFFFFF66
:100AA000FFFFFFFFFFFFFFFFFFFFFFFFFFFFFFFF56
:100AB000FFFFFFFFFFFFFFFFFFFFFFFFFFFFFFFF46
:100AC000FFFFFFFFFFFFFFFFFFFFFFFFFFFFFFFF36
:100AD000FFFFFFFFFFFFFFFFFFFFFFFFFFFFFFFF26
:100AE000FFFFFFFFFFFFFFFFFFFFFFFFFFFFFFFF16
:100AF000FFFFFFFFFFFFFFFFFFFFFFFFFFFFFFFF06
:100B0000FFFFFFFFFFFFFFFFFFFFFFFFFFFFFFFFF5
:100B1000FFFFFFFFFFFFFFFFFFFFFFFFFFFFFFFFE5
:100B2000FFFFFFFFFFFFFFFFFFFFFFFFFFFFFFFFD5
:100B3000FFFFFFFFFFFFFFFFFFFFFFFFFFFFFFFFC5
:100B4000FFFFFFFFFFFFFFFFFFFFFFFFFFFFFFFFB5
:100B5000FFFFFFFFFFFFFFFFFFFFFFFFFFFFFFFFA5
:100B6000FFFFFFFFFFFFFFFFFFFFFFFFFFFFFFFF95
:100B7000FFFFFFFFFFFFFFFFFFFFFFFFFFFFFFFF85
:100B8000FFFFFFFFFFFFFFFFFFFFFFFFFFFFFFFF75
:100B9000FFFFFFFFFFFFFFFFFFFFFFFFFFFFFFFF65
:100BA000FFFFFFFFFFFFFFFFFFFFFFFFFFFFFFFF55
:100BB000FFFFFFFFFFFFFFFFFFFFFFFFFFFFFFFF45
:100BC000FFFFFFFFFFFFFFFFFFFFFFFFFFFFFFFF35
:100BD000FFFFFFFFFFFFFFFFFFFFFFFFFFFFFFFF25
:100BE000FFFFFFFFFFFFFFFFFFFFFFFFFFFFFFFF15
:100BF000FFFFFFFFFFFFFFFFFFFFFFFFFFFFFFFF05
:100C0000FFFFFFFFFFFFFFFFFFFFFFFFFFFFFFFFF4
:100C1000FFFFFFFFFFFFFFFFFFFFFFFFFFFFFFFFE4
:100C2000FFFFFFFFFFFFFFFFFFFFFFFFFFFFFFFFD4
:100C3000FFFFFFFFFFFFFFFFFFFFFFFFFFFFFFFFC4
:100C4000FFFFFFFFFFFFFFFFFFFFFFFFFFFFFFFFB4
:100C5000FFFFFFFFFFFFFFFFFFFFFFFFFFFFFFFFA4
:100C6000FFFFFFFFFFFFFFFFFFFFFFFFFFFFFFFF94
:100C7000FFFFFFFFFFFFFFFFFFFFFFFFFFFFFFFF84
:100C8000FFFFFFFFFFFFFFFFFFFFFFFFFFFFFFFF74
:100C9000FFFFFFFFFFFFFFFFFFFFFFFFFFFFFFFF64
:100CA000FFFFFFFFFFFFFFFFFFFFFFFFFFFFFFFF54
:100CB000FFFFFFFFFFFFFFFFFFFFFFFFFFFFFFFF44
:100CC000FFFFFFFFFFFFFFFFFFFFFFFFFFFFFFFF34
:100CD000FFFFFFFFFFFFFFFFFFFFFFFFFFFFFFFF24
:100CE000FFFFFFFFFFFFFFFFFFFFFFFFFFFFFFFF14
:100CF000FFFFFFFFFFFFFFFFFFFFFFFFFFFFFFFF04
:100D0000FFFFFFFFFFFFFFFFFFFFFFFFFFFFFFFFF3
:100D1000FFFFFFFFFFFFFFFFFFFFFFFFFFFFFFFFE3
:100D2000FFFFFFFFFFFFFFFFFFFFFFFFFFFFFFFFD3
:100D3000FFFFFFFFFFFFFFFFFFFFFFFFFFFFFFFFC3
:100D4000FFFFFFFFFFFFFFFFFFFFFFFFFFFFFFFFB3
:100D5000FFFFFFFFFFFFFFFFFFFFFFFFFFFFFFFFA3
:100D6000FFFFFFFFFFFFFFFFFFFFFFFFFFFFFFFF93
:100D7000FFFFFFFFFFFFFFFFFFFFFFFFFFFFFFFF83
:100D8000FFFFFFFFFFFFFFFFFFFFFFFFFFFFFFFF73
:100D9000FFFFFFFFFFFFFFFFFFFFFFFFFFFFFFFF63
:100DA000FFFFFFFFFFFFFFFFFFFFFFFFFFFFFFFF53
:100DB000FFFFFFFFFFFFFFFFFFFFFFFFFFFFFFFF43
:100DC000FFFFFFFFFFFFFFFFFFFFFFFFFFFFFFFF33
:100DD000FFFFFFFFFFFFFFFFFFFFFFFFFFFFFFFF23
:100DE000FFFFFFFFFFFFFFFFFFFFFFFFFFFFFFFF13
:100DF000FFFFFFFFFFFFFFFFFFFFFFFFFFFFFFFF03
:100E0000FFFFFFFFFFFFFFFFFFFFFFFFFFFFFFFFF2
:100E1000FFFFFFFFFFFFFFFFFFFFFFFFFFFFFFFFE2
:100E2000FFFFFFFFFFFFFFFFFFFFFFFFFFFFFFFFD2
:100E3000FFFFFFFFFFFFFFFFFFFFFFFFFFFFFFFFC2
:100E4000FFFFFFFFFFFFFFFFFFFFFFFFFFFFFFFFB2
:100E5000FFFFFFFFFFFFFFFFFFFFFFFFFFFFFFFFA2
:100E6000FFFFFFFFFFFFFFFFFFFFFFFFFFFFFFFF92
:100E7000FFFFFFFFFFFFFFFFFFFFFFFFFFFFFFFF82
:100E8000FFFFFFFFFFFFFFFFFFFFFFFFFFFFFFFF72
:100E9000FFFFFFFFFFFFFFFFFFFFFFFFFFFFFFFF62
:100EA000FFFFFFFFFFFFFFFFFFFFFFFFFFFFFFFF52
:100EB000FFFFFFFFFFFFFFFFFFFFFFFFFFFFFFFF42
:100EC000FFFFFFFFFFFFFFFFFFFFFFFFFFFFFFFF32
:100ED000FFFFFFFFFFFFFFFFFFFFFFFFFFFFFFFF22
:100EE000FFFFFFFFFFFFFFFFFFFFFFFFFFFFFFFF12
:100EF000FFFFFFFFFFFFFFFFFFFFFFFFFFFFFFFF02
:100F0000FFFFFFFFFFFFFFFFFFFFFFFFFFFFFFFFF1
:100F1000FFFFFFFFFFFFFFFFFFFFFFFFFFFFFFFFE1
:100F2000FFFFFFFFFFFFFFFFFFFFFFFFFFFFFFFFD1
:100F3000FFFFFFFFFFFFFFFFFFFFFFFFFFFFFFFFC1
:100F4000FFFFFFFFFFFFFFFFFFFFFFFFFFFFFFFFB1
:100F5000FFFFFFFFFFFFFFFFFFFFFFFFFFFFFFFFA1
:100F6000FFFFFFFFFFFFFFFFFFFFFFFFFFFFFFFF91
:100F7000FFFFFFFFFFFFFFFFFFFFFFFFFFFFFFFF81
:100F8000FFFFFFFFFFFFFFFFFFFFFFFFFFFFFFFF71
:100F9000FFFFFFFFFFFFFFFFFFFFFFFFFFFFFFFF61
:100FA000FFFFFFFFFFFFFFFFFFFFFFFFFFFFFFFF51
:100FB000FFFFFFFFFFFFFFFFFFFFFFFFFFFFFFFF41
:100FC000FFFFFFFFFFFFFFFFFFFFFFFFFFFFFFFF31
:100FD000FFFFFFFFFFFFFFFFFFFFFFFFFFFFFFFF21
:100FE000FFFFFFFFFFFFFFFFFFFFFFFFFFFFFFFF11
:100FF000FFFFFFFFFFFFFFFFFFFFFFFFFFFFFFFF01
:10100000D10020434D1600600000000000000000E9
:1010100020100060001000600094026000000000DA
:101020000000006000A0020000000000FFFFFFFFC2
:10103000FFFFFFFFFFFFFFFFFFFFFFFFFFFFFFFFC0
:10104000FFFFFFFFFFFFFFFFFFFFFFFFFFFFFFFFB0
:10105000FFFFFFFFFFFFFFFFFFFFFFFFFFFFFFFFA0
:10106000FFFFFFFFFFFFFFFFFFFFFFFFFFFFFFFF90
:10107000FFFFFFFFFFFFFFFFFFFFFFFFFFFFFFFF80
:10108000FFFFFFFFFFFFFFFFFFFFFFFFFFFFFFFF70
:10109000FFFFFFFFFFFFFFFFFFFFFFFFFFFFFFFF60
:1010A000FFFFFFFFFFFFFFFFFFFFFFFFFFFFFFFF50
:1010B000FFFFFFFFFFFFFFFFFFFFFFFFFFFFFFFF40
:1010C000FFFFFFFFFFFFFFFFFFFFFFFFFFFFFFFF30
:1010D000FFFFFFFFFFFFFFFFFFFFFFFFFFFFFFFF20
:1010E000FFFFFFFFFFFFFFFFFFFFFFFFFFFFFFFF10
:1010F000FFFFFFFFFFFFFFFFFFFFFFFFFFFFFFFF00
:10110000FFFFFFFFFFFFFFFFFFFFFFFFFFFFFFFFEF
:10111000FFFFFFFFFFFFFFFFFFFFFFFFFFFFFFFFDF
:10112000FFFFFFFFFFFFFFFFFFFFFFFFFFFFFFFFCF
:10113000FFFFFFFFFFFFFFFFFFFFFFFFFFFFFFFFBF
:10114000FFFFFFFFFFFFFFFFFFFFFFFFFFFFFFFFAF
:10115000FFFFFFFFFFFFFFFFFFFFFFFFFFFFFFFF9F
:10116000FFFFFFFFFFFFFFFFFFFFFFFFFFFFFFFF8F
:10117000FFFFFFFFFFFFFFFFFFFFFFFFFFFFFFFF7F
:10118000FFFFFFFFFFFFFFFFFFFFFFFFFFFFFFFF6F
:10119000FFFFFFFFFFFFFFFFFFFFFFFFFFFFFFFF5F
:1011A000FFFFFFFFFFFFFFFFFFFFFFFFFFFFFFFF4F
:1011B000FFFFFFFFFFFFFFFFFFFFFFFFFFFFFFFF3F
:1011C000FFFFFFFFFFFFFFFFFFFFFFFFFFFFFFFF2F
:1011D000FFFFFFFFFFFFFFFFFFFFFFFFFFFFFFFF1F
:1011E000FFFFFFFFFFFFFFFFFFFFFFFFFFFFFFFF0F
:1011F000FFFFFFFFFFFFFFFFFFFFFFFFFFFFFFFFFF
:10120000FFFFFFFFFFFFFFFFFFFFFFFFFFFFFFFFEE
:10121000FFFFFFFFFFFFFFFFFFFFFFFFFFFFFFFFDE
:10122000FFFFFFFFFFFFFFFFFFFFFFFFFFFFFFFFCE
:10123000FFFFFFFFFFFFFFFFFFFFFFFFFFFFFFFFBE
:10124000FFFFFFFFFFFFFFFFFFFFFFFFFFFFFFFFAE
:10125000FFFFFFFFFFFFFFFFFFFFFFFFFFFFFFFF9E
:10126000FFFFFFFFFFFFFFFFFFFFFFFFFFFFFFFF8E
:10127000FFFFFFFFFFFFFFFFFFFFFFFFFFFFFFFF7E
:10128000FFFFFFFFFFFFFFFFFFFFFFFFFFFFFFFF6E
:10129000FFFFFFFFFFFFFFFFFFFFFFFFFFFFFFFF5E
:1012A000FFFFFFFFFFFFFFFFFFFFFFFFFFFFFFFF4E
:1012B000FFFFFFFFFFFFFFFFFFFFFFFFFFFFFFFF3E
:1012C000FFFFFFFFFFFFFFFFFFFFFFFFFFFFFFFF2E
:1012D000FFFFFFFFFFFFFFFFFFFFFFFFFFFFFFFF1E
:1012E000FFFFFFFFFFFFFFFFFFFFFFFFFFFFFFFF0E
:1012F000FFFFFFFFFFFFFFFFFFFFFFFFFFFFFFFFFE
:10130000FFFFFFFFFFFFFFFFFFFFFFFFFFFFFFFFED
:10131000FFFFFFFFFFFFFFFFFFFFFFFFFFFFFFFFDD
:10132000FFFFFFFFFFFFFFFFFFFFFFFFFFFFFFFFCD
:10133000FFFFFFFFFFFFFFFFFFFFFFFFFFFFFFFFBD
:10134000FFFFFFFFFFFFFFFFFFFFFFFFFFFFFFFFAD
:10135000FFFFFFFFFFFFFFFFFFFFFFFFFFFFFFFF9D
:10136000FFFFFFFFFFFFFFFFFFFFFFFFFFFFFFFF8D
:10137000FFFFFFFFFFFFFFFFFFFFFFFFFFFFFFFF7D
:10138000FFFFFFFFFFFFFFFFFFFFFFFFFFFFFFFF6D
:10139000FFFFFFFFFFFFFFFFFFFFFFFFFFFFFFFF5D
:1013A000FFFFFFFFFFFFFFFFFFFFFFFFFFFFFFFF4D
:1013B000FFFFFFFFFFFFFFFFFFFFFFFFFFFFFFFF3D
:1013C000FFFFFFFFFFFFFFFFFFFFFFFFFFFFFFFF2D
:1013D000FFFFFFFFFFFFFFFFFFFFFFFFFFFFFFFF1D
:1013E000FFFFFFFFFFFFFFFFFFFFFFFFFFFFFFFF0D
:1013F000FFFFFFFFFFFFFFFFFFFFFFFFFFFFFFFFFD
:10140000814205D051F8043B40F8043B8242F9D8B0
:10141000704700BF044A05494FF0000342F8043BFF
:101420009142FBD8704700BFC0420020A0FA0020C4
:101430002DE98848BFF34F8F00BF00BF00BF00BF3A
:1014400000F0D6F9684B0822C3F8542100BF00BF52
:1014500000BF00BF00BF00BF00BF00BF00BF00BF94
:1014600000BF00BF00BF00BF00BF00BF5F4A6049B0
:101470006048FFF7C5FF604A60496148FFF7C0FF59
:10148000604CFFF7C7FF4FF470004FF0E0210023DE
:101490005D4AC1F8880D44F823200133B02BFAD1FE
:1014A0005A4B80215A4A03F8011B9342FBD14FF05B
:1014B000E0254D4E4FF08039DFF884B1DFF884A18C
:1014C0004FF0FF31C5F8084D0027C6F80491C6F863
:1014D00000B1C6F8F490C6F8F0A0D5F8243DDFF8C6
:1014E000688143F4E0234B4AC5F8243DD8F81C300A
:1014F00023F07F0343F04003C8F81C30D8F82430B1
:1015000023F07F0343F04003C8F824309166D1668E
:101510001167516700F074F93F4B4049A363404B9A
:10152000E36363236B610323AF612B613D4BC5F81C
:10153000203DD5F8FC3D43F08073C5F8FC3D3A4BA7
:101540001A6842F001021A605B680B6000F0A2FBAF
:10155000C6F804913548C6F800B1C6F8F490C6F84C
:10156000F0A000F03DFDD8F86C10314B314A41F449
:101570004051C8F86C101F60C3F80871C3F81871A7
:10158000C3F82871C3F83871936BDB0708D442F6AF
:101590001563294951651365936B43F00103936308
:1015A000244A264C936843F00113936000F0B0F98D
:1015B00000F0D4FC00F018FD00F09AFB00F01AF9DE
:1015C0002368132BFCD900F02BFC2368B3F5967F1E
:1015D000FBD300F013F900F00FF900F009FD00F063
:1015E000F3FC30BFFDE700BF00800D40282B020058
:1015F0001822006000000000C0420020444D02603C
:101600000000002000400020217A000000E400E0FB
:10161000A0E400E000C00A40458E000068F9002008
:10162000498E000000002020001000E00046C32387
:101630000040084000400D400000C0566CF90020FA
:101640001B1018200C0D111300C00F40054B4FF458
:101650002A01054A05485A641864054A9963954663
:10166000FFF7E6FE00C00A40FFABAAAA0700200071
:101670000080052043690A4A03EB011010B4037A85
:10168000084C02EB0313D3E901321460C2681A60FC
:1016900003690BB142691A605DF8044B704700BFE3
:1016A000E810002061F801004369027E03EB02129A
:1016B00092F808C08C451CD01A7AFF2A19D09142A2
:1016C00010B5044616D01A7EFF2A06D00121D3E9B0
:1016D000002312681A4201D1217610BD064B052263
:1016E000204603EB0C135B681A60FFF7C3FF2176FB
:1016F000F3E770470021EAE7E810002043690A4A4F
:1017000003EB011010B490F82830084C02EB0313DF
:10171000D3E901321460C26A1A60036B0BB1426BE9
:101720001A605DF8044B7047E810002061F8010072
:101730004369427E03EB021292F828C08C451ED00A
:1017400093F82820FF2A1AD0914210B5044617D0EA
:1017500093F83820FF2A06D00121D3E9002312682C
:101760001A4201D1617610BD064B0522204603EBDB
:101770000C135B681A60FFF7C1FF6176F3E77047EF
:101780000021EAE7E8100020164942698B6B23F438
:101790007C0343F4802370B58B630446124DD2E979
:1017A00000130A681A4303690A60022200211A61C1
:1017B0000E4A19619A6401225A629D624FF43035D3
:1017C000DD624FF001159E6C1E6519629D651A6100
:1017D000017EFFF74FFF617E2046BDE87040FFF7B6
:1017E0008DBF00BF00C00F40B80B05053B3728195F
:1017F000704700BF704700BF704700BF00BF704711
:1018000010B44FF0E023002110243148C3F8941D98
:10181000C3F89C4D1124C3F8A00D2E48C3F89C4D6D
:101820001224C3F8A00D2C48C3F89C4D2B4AC3F8D2
:10183000A00D2B4C42F015022A48C3F89C4DC3F86A
:10184000A00D294C2948C3F89C4DC3F8A00D284C85
:10185000C3F89C2D2748284AC3F8A04DC3F89C0D17
:10186000C3F8A02D02F5A022244C0C322448C3F862
:101870009C4DC3F8A02D234AC3F89C0D224CC3F8FD
:10188000A02D02F14062C3F89C4D2048C3F8A02D62
:101890000C32C3F89C0DC3F8A02D00BF00BF00BFE1
:1018A00000BF00BF0122C3F8942DBFF34F8FBFF3D9
:1018B0006F8FC3F8501FBFF34F8FBFF36F8FD3F8F5
:1018C000142D5DF8044B42F44032C3F8142D7047D8
:1018D0003F0000102500080709001000A0FA0020B2
:1018E0001300200021000207140000202500081327
:1018F000090000101600202027000B1317000040DD
:10190000180000602F000B07190000701A000080FB
:10191000F0B5B84B1822B84E0120B84F83B0C3F8C9
:101920005C62B749C3F86072B64DC3F86462A6F54D
:101930003046B54CC3F86862C3F86C52C3F87052B5
:10194000C3F87452C3F8785248F20C75DA661A6715
:101950005A679A67DA67C3F88020C3F88420C3F80F
:101960008820C1F82C03A94AC1F83003C1F8340318
:10197000C1F83803C1F83C03C1F85003A169A44B76
:101980000A40A448A4491343A44AA361D4F884306C
:1019900043F00C03C4F884304FF0FF34036843F085
:1019A0000203036003682B404FF400551A439C4B1D
:1019B000026044608A689B4C13409B4A43F000538A
:1019C0008360C36823F07803C360036A1340234332
:1019D0000362036A1340954A2343954C4362826233
:1019E000C2620022D1F8B83023F03F0343F0010374
:1019F000C0F8B830D1F8BC308E4923F03F0343F033
:101A00000103C0F8BC3040F205630261056604675B
:101A1000C0F88030456644670224C0F8843003680B
:101A200023F0020303608161834B8449C46143F85E
:101A3000042B8B42FBD1774A136843F001031360F8
:101A4000136813F00103FBD17A48022140F2F564D8
:101A5000906140F29940D16140F26641C2F8004283
:101A600042F20144C2F810127549C2F82002C2F8CD
:101A7000301240F235417348C2F83442C2F8401285
:101A8000714CC2F8500242F201207049C2F854125F
:101A90000121C2F86042C2F864025E48C2F8A03078
:101AA000C2F8A430C2F8B0104369DA07FCD50123AC
:101AB00000244FF4803257494361C0F8A040C0F879
:101AC000A420C0F8B0304B69DB07FCD5012300240B
:101AD0004FF400304F4A4B61C1F8A040C1F8A40058
:101AE000C1F8B0305369DF07FCD501230024584802
:101AF00048495361C2F8A040C2F8A400C2F8B0300F
:101B00004B69DE07FCD5D1F8003145F60D52212096
:101B10009BB24861934265D100244FF48022012397
:101B20003C48C1F8A040C1F8A420C1F8B0304369D6
:101B3000DD07FCD501234FF400040021354A436141
:101B4000C0F8A040C0F8A410C0F8B0305369DC075A
:101B5000FCD501234FF400044FF480302D4953612C
:101B6000C2F8A040C2F8A400C2F8B0304B69D80750
:101B7000FCD501234FF400044FF40030254A4B619B
:101B8000C1F8A040C1F8A400C1F8B0305369D9072A
:101B9000FCD501234FF400042D481E495361C2F8BF
:101BA000A040C2F8A400C2F8B0304B69DA07FCD5F7
:101BB000D1F8003145F60D5221209BB24861934285
:101BC00050D008254FF4000422490020224B234A1C
:101BD000009015705A1A01232148224400F0F0F9B0
:101BE00003B0F0BD1E4B0022C3E90022C3E902226C
:101BF00003B0F0BD00801F40F9B00100F9100100F2
:101C000000841F40F970010000C00F40FFFCFF1F5F
:101C1000000300A000402A4000802A401200FFFF7D
:101C2000FF37F7004000008000FFF07CFF000F83CB
:101C300063000200F05AF05A00422A4000432A4052
:101C40009F041830EB06180A3806180A06320126D7
:101C50000400030000000070000000705EFA002025
:101C6000A0EE00204FF400044FF480220123084826
:101C7000C1F8A040C1F8A420C1F8B0304369DB0727
:101C8000FCD5012310254FF0807443619CE700BF11
:101C900000402A40F0B4154A40274FF480314FF4F9
:101CA00080564FF400554FF4404443F2420013690C
:101CB00013F0020F0ED113F4005F0FD013F4805F06
:101CC0000ED0002BF3DA13F4803F0BD15B060BD55B
:101CD000F0BC7047946151619061E8E75561E6E7B7
:101CE0005661E4E79161E2E75761E0E700800D406B
:101CF0003F4A03203F49F3EE095AD2F880304FF0B3
:101D0000000C9FED3D6A23F001039FED3C5A30B477
:101D1000C2F88030C2F89000D1F8E010384DCBB254
:101D2000384C39482B6007EE903A0B0DC1F30B216C
:101D3000F8EEE77A06EE903A07EE101A334BB8EE5B
:101D4000C77A2160F8EEE66A314937EEC66A37EEA7
:101D5000C55A76EEC76A77EEE57A26EE266AC3EDB7
:101D6000006A25EE265AD2F8803067EEA64AC0ED0A
:101D7000007AC6EE275A274885EE276AC4EEA76A7E
:101D800075EE875AFCEEE55A36EE076A15EE904A74
:101D9000BCEEC66A43EA045376EE877AC2F8803016
:101DA00016EE103AD2F89041FCEEE77A01EA0341D0
:101DB000214317EE903AC2F89011C3F30B03D2F807
:101DC00090110B431449C2F89031D2F8803043F09F
:101DD0000203C2F88030114B80F840C0C1F8403196
:101DE0004FF0E023012230BCC3F80821704700BF48
:101DF00000810D4000441F400000AA420000B44290
:101E0000C8F80020C4F80020CCF80020D0F800204A
:101E10000000FF0F00E400E0004000200D7C000007
:101E2000314B40F6617210B5C3F8202140F20444F2
:101E300000F0D2F82D4A2E49D2F880302D4843F0D8
:101E40000303C2F880302C4BC1F8604102681A428B
:101E500003D1D1F8A8319A071BD0254A4FF0004191
:101E6000244B5963D2F8403143F00203C2F84031A9
:101E7000D2F840319B07FBD44FF400304FF0E02103
:101E80001C4B4FF00042C1F88C0219209A6300F0FD
:101E90009FF8184A4FF08040154C002190630A20AB
:101EA000164B11604FF42072C4F8A801184600F0D8
:101EB000A3F84FF4800203464FF4810040F243112F
:101EC0001860C4F858311A640D4B0E4AC4F8481112
:101ED000C3F804224FF0E0224FF400310123C2F88E
:101EE0000C11C4F8403110BD00800D4000C00F40FF
:101EF00000002E4000900D40001C1E00000000203D
:101F000000400020F57D000008B50E4B1B6E9B07BE
:101F100000D4FBBE72B60C4B00200C4AC3F8400143
:101F200003F160430A49A3F55F2311649D46BFF3A3
:101F30004F8F4FF400130748074ADB6902609B6824
:101F4000984700BF00441F4000002E4000C00A40D8
:101F50000300200000802020000012EB104BA02086
:101F6000104AD96E41F4403110B4D96640F237645A
:101F7000D96E41F44071D96654649064936C1B0629
:101F8000FCD4094A40F23761A02351649364936CF6
:101F900013F08003FBD1054A13705DF8044B7047C2
:101FA00000C00F4000400C4000800C405CFA002054
:101FB000F8B500BFF8BC08BC9E46704700000000A2
:101FC0005FF800F0D98E00005FF800F001770000A4
:101FD0005FF800F01D7500005FF800F065850000F7
:101FE0005FF800F02D7200005FF800F02D7900001E
:101FF0005FF800F0B1B801005FF800F035A601000D
:1020000089000000493F0000858F00000D0B010092
:102010003D0B01004D1101007D110100AD110100CA
:1020200080C00F40000000031900000010000000F5
:10203000E8841F4001000000FF000000FF000000D6
:102040000000000000000000180000001000000068
:10205000E4841F4001000000FF000000FF000000BA
:1020600000000000000000001F000000D94B00002D
:1020700070C00F40000C00001100000011000000B3
:10208000E0841F40020000002C000000120000004D
:10209000E0841F400100000010000000110000005B
:1020A000DC841F40020000002D0000001200000030
:1020B000DC841F40010000001E000000CD4B00002A
:1020C00070C00F40C00000001200000013000000AC
:1020D000D0841F4001000000FF000000FF0000004E
:1020E00000000000000000001300000013000000CA
:1020F000CC841F4001000000FF000000FF00000032
:1021000000000000000000001C000000C14B0000A7
:102110001603550053004200200053006500720072
:10212000690061006C000000180354006500650040
:102130006E00730079006400750069006E006F0026
:102140000403090409026200030100C032080B0005
:10215000020202010009040000010202010005243C
:1021600000100105240101010424020605240600D3
:10217000010705820310001009040100020A000093
:102180000007050302400000070584024000000923
:1021900004020002FF6AFF000705810240000107F8
:1021A000050102400001000009026200030100C0B5
:1021B00032080B00020202010009040000010202C1
:1021C0000100052400100105240101010424020678
:1021D000052406000107058203100005090401001B
:1021E000020A00000007050302000200070584023E
:1021F0000002000904020002FF6AC700070581020D
:102200000002010705010200020100000A060002A7
:08221000EF0201400100000093
:1022180000000000000000000000000000000000B6
:1022280000000000000000000000000000000000A6
:102238000348044B834202D0034B03B1184770474D
:10224800C0420020C0420020000000000548064BA4
:102258001B1AD90F01EBA301491002D0034B03B19C
:1022680018477047C0420020C0420020000000000C
:1022780010B5064C237843B9FFF7DAFF044B13B1C6
:102288000448AFF300800123237010BDD08C0020D8
:102298000000000000A0026008B5044B1BB104490F
:1022A8000448AFF30080BDE80840CFE70000000015
:1022B800D48C002000A0026000207047034B1868EF
:1022C80010B103681B681847704700BF649400206A
:1022D800034B186810B103681B681847704700BFA4
:1022E800689400202DE9F04100F5005090B0574C5B
:1022F8009646574B0094C0F810191B6A5548C3F30B
:1023080001230468403304F080746B4413F8406C74
:10231800514B03FB06F60368B6FBF1F2B6FBF2F588
:1023280043F0A0434D1B03600368DF01FCD5052A79
:102338004FF0000C2AD96046831C0130B2FBF3F73A
:10234800192F07FB03F3F7D84FF00108B6FBF3F397
:10235800CB1A002BB8BF5B42AB420BDBA7F10C03D7
:1023680018BF4FF00008062B0AD8B8F1000F07D0A5
:102378008446E1E71D46A7F10C038446062BF4D9F1
:10238800052FD9D80CF10103B2FBF3F2B5F5967F0E
:10239800A2F105024CDC142A4AD802EB42022F4F64
:1023A8006E46DFF8B08002F14003BEF1020F0DEB7C
:1023B80003050FCF0FC60FCF0FC60FCF0FC697E875
:1023C8000F0007C626F8023B4FEA1343337015F88F
:1023D8003F3C15F83E2C4FEAC34315F8401C4FEA22
:1023E800024203F4601301F0070102F4E02243EA19
:1023F800020343EA010343F4800343EA0C6343F412
:102408008043C8F80430D8F8043014BF23F0080318
:1024180043F00803C8F804303CB90E4A136823F0A7
:10242800805313601368DB01FCD410B0BDE8F08161
:10243800002CFAD1074A136823F0805313601368FD
:10244800D901FCD410B0BDE8F08100BF3C185000A1
:1024580000C00F4000001D4040420F0080050020D2
:102468002DE9F04100F5005090B0574C9646574B77
:102478000094C0F810191B6A5548C3F30123046877
:10248800403304F080746B4413F8406C514B03FBE9
:1024980006F60368B6FBF1F2B6FBF2F543F0A0438B
:1024A8004D1B03600368DF01FCD5052A4FF0000CC3
:1024B8002AD96046831C0130B2FBF3F7192F07FBBA
:1024C80003F3F7D84FF00108B6FBF3F3CB1A002B50
:1024D800B8BF5B42AB420BDBA7F10C0318BF4FF050
:1024E8000008062B0AD8B8F1000F07D08446E1E7A8
:1024F8001D46A7F10C038446062BF4D9052FD9D81D
:102508000CF10103B2FBF3F2B5F5967FA2F10502D7
:102518004CDC142A4AD802EB42022F4F6E46DFF8F1
:10252800B08002F14003BEF1020F0DEB03050FCF9F
:102538000FC60FCF0FC60FCF0FC697E80F0007C6FD
:1025480026F8023B4FEA1343337015F83F3C15F861
:102558003E2C4FEAC34315F8401C4FEA024203F4ED
:10256800601301F0070102F4E02243EA020343EAA0
:10257800010343F4800343EA0C6343F48043C8F83F
:102588000430D8F8043014BF23F0080343F00803DC
:10259800C8F804303CB90E4A136823F0805313601E
:1025A8001368DB01FCD410B0BDE8F081002CFAD12F
:1025B800074A136823F0805313601368D901FCD4C9
:1025C80010B0BDE8F08100BF3C18500000C00F40BB
:1025D80000801D4040420F00800500200020704709
:1025E800002070470820704700207047002070477F
:1025F800082070474369022B24D1036993ED007AC0
:10260800B5EEC07AF1EE10FA1DD4DFED127AB4EE11
:10261800677AF1EE10FA37FE877AD3ED017A0E4A1F
:10262800F5EEC07A82ED007AF1EE10FA0ED4B1EE32
:10263800047AF4EE477AF1EE10FA77FE277A074B20
:10264800C3ED007A70479FED067AE6E7DFED047A7E
:10265800F5E700BF0000FA43603100205C3100203C
:102668000000000000000000002837D008B50FF077
:102678007DFD22A3D3E9002318F07EFB184B1949EE
:102688005A600A7818605AB9FF219446197583F878
:1026980078C0002212491448BDE808400CF0D4B9AB
:1026A80012484FF0020C1249124A90ED007B83ED5C
:1026B800067B91ED007BD2E90001002283ED087BC7
:1026C800B2EE027B1A75C3E90A0100200A4983EDBC
:1026D8001C7BC3E90C01C3E91401D8E7704700BFAC
:1026E800008B002054FA0020B8EE00208844002017
:1026F80090440020804400200000084000CA9A3B13
:1027080000000000F0B51F4C8DB01F4E1F4D6946EC
:10271800204604F015FDC0B19DF80030022B29D0E9
:10272800052B14D0012BF2D10698DDF814C01849F6
:10273800184F194B079A08606946C7F800C0204629
:102748001A6004F0FDFC0028E6D10DB0F0BD134A74
:10275800DDED057A124FDDF818C012490798124BC3
:10276800DDF820E0C2ED007AC7F800C00860C3F8C1
:1027780000E0CCE7059806990C4B079A3060296071
:102788001A60C4E76C940020E4940020E8940020C8
:10279800DC940020D8940020E0940020F0940020DD
:1027A800F4940020F894002064310020EC94002078
:1027B800002800F0CB80F8B5694B1B782DED068B0F
:1027C8000BB1FFF79FFF674D0FF0D0FC664E674CCB
:1027D800674F5FA3D3E9002318F0CEFA95ED007A8E
:1027E8006449B7EEC77A644B97ED006A0860B7EEA4
:1027F800C66A4A606148002281ED087B96ED007A3E
:10280800B7EEC77A81ED066B81ED0A7B94ED007A0D
:10281800B7EEC77A81ED0C7B93ED007A584BB7EE93
:10282800C77A81ED207B93ED007A564BB7EEC77AD5
:1028380081ED227B93ED007A534BB7EEC77A81ED99
:10284800247B93ED007A514BB7EEC77A81ED387B44
:1028580093ED007A4E4BB7EEC77A81ED3A7B93ED54
:10286800007AB7EEC77A81ED3C7B0CF0EDF8D7ED36
:10287800007A96ED007AB7EE005AD5ED006AF0EED0
:10288800004A67EE678AD4ED005A26EEA66A26EE5D
:10289800870AE5EEA68AB0EE464AA5EEA70AF0EE4C
:1028A800450AA7EEA74A78EEA88A30EE000AF4EEA9
:1028B800C58AE4EE640AF1EE10FA3DDDF0EE458AD1
:1028C800A7EE076A334C27EEA68AF0EE006AF7EE09
:1028D800007AA5EE878AE6EE667A9FED1F9BB0EE3A
:1028E80067AA17F0B9FFB0EE407AB0EE680AB7EE03
:1028F800C77A27EE097B84ED007B17F081FFB0EEE5
:10290800407AF0EE4A0A38EE080AB7EEC77A27EEA0
:10291800097B84ED027B17F09FFFB7EEC00A2146C2
:1029280000221D4820EE090BBDEC068B84ED040B3C
:10293800BDE8F8400CF088B8BFEE005AF4EE458ABE
:10294800F1EE10FA48BFF0EE458AB9E7704700BFCC
:1029580000CA9A3B00000000F8C1631ADCA54C408D
:1029680058FA0020F4940020F894002064310020E4
:10297800F0940020908B0020E494002038EF002091
:10298800E8940020EC940020D8940020DC940020E7
:10299800E0940020608A00209CEE002010490B681B
:1029A800486B0A68496B02F07F02C1F30361013288
:1029B8000431B2EB410F10D303F07F03C0F303607F
:1029C800053B0130A3EB4003DBB2054A106800F079
:1029D8007F000130C01AC0B270470023F5E700BF7E
:1029E80000001D4010490B68486B0A68496B02F0EB
:1029F8007F02C1F3036101320431B2EB410F10D3FE
:102A080003F07F03C0F30360053B0130A3EB4003F1
:102A1800DBB2054A106800F07F000130C01AC0B26E
:102A280070470023F5E700BF00801D40634A2DE989
:102A3800F0411468136804F0807443F0A0431360F5
:102A48001368DD01FCD511680023DFF878C121F097
:102A580000515B4F594E11601946536293621268D8
:102A680003EB0C02DD1901331201AD00D160DBB2BA
:102A78009160516011602960326802F07F02013272
:102A88009342EDD3B1643161F26A336BF26233631E
:102A98003368002849D1DFF82C810546474E484F56
:102AA80019E0336803F07F030133B0EB930F34BFB1
:102AB8004FF080634FF08C631360736BC3F3004374
:102AC8009B070B603368013503F07F03EDB20133D8
:102AD80028469D421ED2336805EB0802E91903F027
:102AE8007F03120189000133B0EB530FD9D34FF0A4
:102AF8000063136033689A0003D5FFF74FFFA842BD
:102B0800E0D801231F2D03FA05F34CD8B26A13430A
:102B1800B362D7E73CB9294A136823F0805313609E
:102B28001368DB01FCD4BDE8F08143F00053336047
:102B3800356815F000553ED0FFF730FF336805467D
:102B480003F07F0301338342E4D91E4F4FF0006640
:102B5800DFF868800DE0D8F828201343C8F828303B
:102B6800D8F80030013503F07F03EDB201339D4200
:102B7800D0D2EB191B011E60D8F80030990003D59C
:102B8800FFF70CFF8542EBD301231F2D03FA05F352
:102B9800E1D9A5F120010123D8F824208B40134363
:102BA800C8F82430DCE7A5F120010123726A8B40C4
:102BB8001343736286E73368C7E700BF00001D4010
:102BC8002042071008D00104634A2DE9F041146837
:102BD800136804F0807443F0A04313601368DD01A8
:102BE800FCD511680023DFF878C121F000515B4F54
:102BF800594E1160194653629362126803EB0C0236
:102C0800DD1901331201AD00D160DBB29160516072
:102C180011602960326802F07F0201329342EDD3DD
:102C2800B1643161F26A336BF2623363336800284E
:102C380049D1DFF82C810546474E484F19E03368E3
:102C480003F07F030133B0EB930F34BF4FF0806381
:102C58004FF08C631360736BC3F300439B070B60E7
:102C68003368013503F07F03EDB2013328469D42F6
:102C78001ED2336805EB0802E91903F07F0312013D
:102C880089000133B0EB530FD9D34FF000631360C1
:102C980033689A0003D5FFF7A5FEA842E0D80123C0
:102CA8001F2D03FA05F34CD8B26A1343B362D7E772
:102CB8003CB9294A136823F0805313601368DB0179
:102CC800FCD4BDE8F08143F000533360356815F05B
:102CD80000553ED0FFF786FE3368054603F07F03B4
:102CE80001338342E4D91E4F4FF00066DFF8688055
:102CF8000DE0D8F828201343C8F82830D8F8003059
:102D0800013503F07F03EDB201339D42D0D2EB19B8
:102D18001B011E60D8F80030990003D5FFF762FE4A
:102D28008542EBD301231F2D03FA05F3E1D9A5F161
:102D380020010123D8F824208B401343C8F82430FD
:102D4800DCE7A5F120010123726A8B40134373620B
:102D580086E73368C7E700BF00801D402062071080
:102D680008D801040000000010B58AB0724C02A80F
:102D78000DF0B2FA0DF1080CA646BCE80F00AEE85B
:102D88000F00DCF80030CEF800300BF085F904F1C4
:102D98000C03024693E8030009928DE8030009A892
:102DA80094E80E000BF07AF9072109A80BF074FAE1
:102DB8000022009409AB114660480AF0FFFD044662
:102DC80009A80BF0D1F914B100200AB010BD5B4B73
:102DD8005B4A5C495C480AF0E1FE0028F4D110F037
:102DE800C7FA5A4B0246584959480AF0DDFF0028ED
:102DF800EAD110F0BDFA574B0246534956480AF03B
:102E0800D3FF0028E0D110F0CBFA544B02464E49CC
:102E180053480AF0C9FF0028D6D110F091FA514B57
:102E28000246494950480AF0BFFF0028CCD10FF0AC
:102E380067FF4E4B024644494D480AF07BFF002885
:102E4800C2D108F099F94B4B02463F494A480AF06B
:102E580071FF0028B8D10FF06BFF484B02463A4982
:102E680047480AF067FF0028AED110F081FA454BB9
:102E78000246354944480AF05DFF0028A4D110F005
:102E88008FFA424B0246304941480AF053FF002866
:102E98009AD1404C29494048009423A3D3E9002300
:102EA8000AF0BCFF00288FD13C4C24493C480094D0
:102EB8001FA3D3E900230AF0B1FF002884D11E4BD9
:102EC80006221E4937480AF03FFA044600287FF4D4
:102ED8007BAF354B354A1E49324800940AF0E4FA74
:102EE800334B344A1C492F4800940AF0DDFA324B20
:102EF800324A1B492B4800940AF0D6FA304B314A23
:102F08001949284800940AF0CFFA234925480AF0BD
:102F180009FB234923480AF005FB4FF47A700FF0A8
:102F280033F9012051E700BF002D310100000000F6
:102F380000CA9A3B000000001898002034F90020CD
:102F4800000C00202C0A002044F80020380A002039
:102F580068980020480A00201CEF0020540A00202E
:102F680070980020640A002088EE0020700A002073
:102F780038EF00207C0A00209CEE0020880A002000
:102F8800B8EE00208C0A002020F800209C0A0020BF
:102F9800B4EE0020A10500003CEF00205904000019
:102FA80020EF0020788A0020DD1900004C980020CE
:102FB800E503000000EF0020991900006C9800203C
:102FC800AD20000084EE002038B51E4D1E4C28466A
:102FD8000AF036FE00210FF0E9F821461B480BF0F5
:102FE800D9FC21461A480BF0D5FC214619480BF0AC
:102FF800D1FC214618480BF0CDFC214617480BF0B0
:10300800C9FC214616480BF081FE214615480BF0F5
:103018007DFE214614480BF079FE214613480BF03B
:1030280075FE13480CF05EFA12480CF05BFA124871
:103038000AF006FA20460BF0ABFA2846BDE83840FD
:103048000AF0F2BC34F9002044F8002038EF0020E0
:103058009CEE0020B8EE002020F80020B4EE0020FE
:10306800689800201CEF00207098002088EE00204F
:103078003CEF002020EF0020788A002070B5604BDC
:1030880082B06049002201930B6AC3F3012308331D
:103098006B4413F8043CC0E90122C0E90322002B69
:1030A80000F0858000F5005556492420564B012430
:1030B800564A0226C5F80C091220C3F8D0208A6E99
:1030C800534B42F470328A6641F2B00185F81549D3
:1030D800504A514CC3F81C01C3F80C13E664C3F8FA
:1030E8002001C3F81013136823F00043136013681A
:1030F80043F0A04313601368DC01FCD553684549CD
:1031080043F008035360136843F0804313600B686F
:10311800D802FCD40B683F4A43F000730B60136875
:103128009901FCD43B4C2368DA01FCD523680020C4
:1031380043F400332360236843F480332360236817
:1031480043F480532360236843F4005323602368C7
:1031580043F480032360236843F400232360236837
:1031680023F408432360636B43F4E0236363236819
:1031780043F400132360236843F080632360FFF760
:1031880055FC2368234A23F0805323601368DB012E
:10319800FCD4D5F80C290121204B03EB521302F083
:1031A8001F029B0001FA02F21A6002B070BD0B6A9E
:1031B8001B4A23F47F7343F480730B621368E3B1F3
:1031C800144A00F500551C6818465268D5F81019BD
:1031D800C2F3C002636852009847124B186800286F
:1031E8003FF462AF0B4A03685268D5F81019C2F36E
:1031F800C0025B685200984756E700F50055ECE7B7
:103208003C18500000C00F4000400020AD000000F6
:1032180000801F4000001D4000841F4040380038D7
:10322800649400206894002070B5624B82B06249B3
:10323800002201930B6AC3F3012308336B4413F88C
:10324800043CC0E90122C0E90322002B00F0888079
:1032580000F5005558499A20584B0324584A00262F
:10326800C5F80C091920C3F8A822D1F88420554BB9
:1032780042F47072C1F8842041F2B00185F8154912
:10328800514A524CC3F8A400C3F89412C4F88C6392
:10329800C3F8A800C3F89812136823F0004313601A
:1032A800136843F0A04313601368DC01FCD553682E
:1032B800454943F008035360136843F080431360A3
:1032C8000B68D802FCD40B683F4A43F000730B60CC
:1032D80013689901FCD43C4C2368DA01FCD52368B7
:1032E800002043F400332360236843F480332360D1
:1032F800236843F480532360236843F40053236016
:10330800236843F480032360236843F40023236085
:10331800236823F408432360636B43F4E023636367
:10332800236843F400132360236843F08063236019
:10333800FFF74AFC2368244A23F08053236013686C
:10334800DB01FCD4D5F80C290121214B03EB5213E6
:1033580002F01F029B0001FA02F21A6002B070BD6F
:103368000B6A1C4A23F47F7343F480730B6213685F
:10337800E3B1154A00F500551C6818465268D5F89F
:103388001019C2F3C002636852009847124B1868BC
:1033980000283FF45FAF0C4A03685268D5F810194B
:1033A800C2F3C0025B685200984753E700F5005526
:1033B800ECE700BF3C18500000C00F400040002060
:1033C800C100000000801F4000801D4000841F4095
:1033D8004038003864940020689400201F2910B4F5
:1033E80022D8012318488B400363184B4FF0006420
:1033F800D0790B441B011C60E8B1117A10680905EB
:1034080020F0604041F4C0015860D0685DF8044B7A
:1034180000BA9860106900BAD860D27A41EA0242CC
:1034280042F040621A607047A1F120040123064867
:10343800A340C362D9E714680548117A00EA8440BA
:1034480009055860E1E700BF00001D4008D00104ED
:103458000000FC1F1F2910B422D8012318488B40F4
:103468000363184B4FF00064D0790B441B011C60B8
:10347800E8B1117A1068090520F0604041F4C001F4
:103488005860D0685DF8044B00BA9860106900BABB
:10349800D860D27A41EA024242F040621A6070472C
:1034A800A1F1200401230648A340C362D9E71468A8
:1034B8000548117A00EA844009055860E1E700BF31
:1034C80000801D4008D801040000FC1F00F580534F
:1034D800D3F8003EDB0069D5374B2DE9F04F5E6B22
:1034E8004FF0000E41F6146941F60467C6F303660F
:1034F80041F60868F600083609E013685B0F052BEB
:1035080034D00EF1010E5FFA8EF39E4250D90EEBC5
:103518004E0500EBC50C0CF5F05213685B0F012B40
:1035280013680DD05B0F022BE7D15CF807308B4294
:10353800E7D85CF808308B42E3D30120BDE8F08F70
:1035480013F4607FDDD06D00002304E01468C4F339
:10355800C21C6345D5D2013305EB030CDBB20CF575
:10356800F06C50F82C408C42F0D1E6E7136813F465
:10357800607FC6D0CC446D00012405E01368C3F316
:10358800C21301339C42BCD22B19DCF800A00134D1
:1035980003F5F0630AEA010AE4B250F82330DCF8D4
:1035A80000B003EA0B039A45E8D1C6E7012070474B
:1035B8000020BDE8F08F00BF00001D4001EB410175
:1035C80070B500EBC10404F5045EDEF80030DB00E2
:1035D80028D5DEF800305B0F012B0BD0DEF8003069
:1035E8005B0F022B42D0DEF800305B0F052B1BD09F
:1035F800002070BDDEF8004014F4607FF8D000238E
:103608004D0005E0DEF80010C1F3C21C6345EFD29F
:10361800013305EB030CDBB20CF5046C50F82C40BD
:103628009442EFD1012070BDDEF8005015F4607FA0
:10363800DED042F2141549000123254407E0DEF8E4
:103648000040C4F3C21C0CF1010C6345D0D22C68B5
:1036580004EA020CCC18013304F50464DBB250F818
:1036680024402E683440A445E9D1DBE742F2041334
:10367800E3589342BCD842F20813E058904234BF52
:103688000020012070BD00BF00F58053D3F8003E34
:10369800DB0069D5374B2DE9F04F5E6B4FF0000E1C
:1036A80041F6146941F60467C6F3036641F60868F3
:1036B800F600083609E013685B0F052B34D00EF1CD
:1036C800010E5FFA8EF39E4250D90EEB4E0500EBC9
:1036D800C50C0CF5F05213685B0F012B13680DD065
:1036E8005B0F022BE7D15CF807308B42E7D85CF818
:1036F80008308B42E3D30120BDE8F08F13F4607FDC
:10370800DDD06D00002304E01468C4F3C21C6345D7
:10371800D5D2013305EB030CDBB20CF5F06C50F895
:103728002C408C42F0D1E6E7136813F4607FC6D0D2
:10373800CC446D00012405E01368C3F3C2130133C0
:103748009C42BCD22B19DCF800A0013403F5F063CD
:103758000AEA010AE4B250F82330DCF800B003EAC0
:103768000B039A45E8D1C6E7012070470020BDE861
:10377800F08F00BF00801D4001EB410170B500EBE8
:10378800C10404F5045EDEF80030DB0028D5DEF85D
:1037980000305B0F012B0BD0DEF800305B0F022BE3
:1037A80042D0DEF800305B0F052B1BD0002070BD27
:1037B800DEF8004014F4607FF8D000234D0005E0E7
:1037C800DEF80010C1F3C21C6345EFD2013305EBEC
:1037D800030CDBB20CF5046C50F82C409442EFD18A
:1037E800012070BDDEF8005015F4607FDED042F293
:1037F800141549000123254407E0DEF80040C4F30E
:10380800C21C0CF1010C6345D0D22C6804EA020CEE
:10381800CC18013304F50464DBB250F824402E6858
:103828003440A445E9D1DBE742F20413E35893425C
:10383800BCD842F20813E058904234BF002001205F
:1038480070BD00BF43884FF01A0C03F00F0310B58A
:103858000CFB03034FEA122E044683F816E0438854
:1038680003F00F030CFB0303DA75408800F00F0028
:103878000CFB0040183018F069FF6288238892B268
:103888009BB283F010039A4204D12388013303F0DA
:103898001F0323806388013303F01F036380A38819
:1038A8009BB20F2B03D8A38801339BB2A38010BD12
:1038B8008B7DF0B50D468DB00446504E002B45D19A
:1038C800336813F0005C25D0FFF768F83368844646
:1038D80003F07F03013383421ED94949474807E073
:1038E80003685FFA82FC03F07F0301339C4513D21F
:1038F8000CEB01030CF101021B011B68C3F303630A
:10390800082BEDD120462A466146FFF767FD0120C6
:103918000DB0F0BD3368E0E7EE46384E0FCDF44603
:10392800ACE80F0095E803008CE80300306A10F05B
:10393800200045D104F58053B3F81E3B9BB2102BF1
:10394800E6D0FF2306AD8DF814302AE0306810F079
:10395800005038D0FFF722F8336803F07F030133B3
:10396800984231D3274B4FF0FF3C1B68C3F30363E6
:10397800082B3BD0EE46214F0FCD76460FC695E873
:10398800030086E80300386A10F0200018D104F517
:103998008053B3F81E3B9BB2102BB9D006AD8DF8FF
:1039A80014C0BEE80F000FC59EE80300182285E882
:1039B800030041F61A300DEB02012044FFF742FFE5
:1039C80001200DB0F0BD33680D490C4E05E0336899
:1039D80003F07F0301339842C4D24318421C844643
:1039E8001B01D0B21A681201BFD4F0E720462A465C
:1039F8005FFA8CF1FFF7F2FC012089E700001D4017
:103A080008D0010470001D408B7DF0B50D468DB0C7
:103A18000446504E002B45D1336813F0005C25D086
:103A2800FEF7E0FF3368844603F07F0301338342E7
:103A38001ED94949474807E003685FFA82FC03F04A
:103A48007F0301339C4513D20CEB01030CF10102F7
:103A58001B011B68C3F30363082BEDD120462A46DC
:103A68006146FFF7F7FC01200DB0F0BD3368E0E7D1
:103A7800EE46384E0FCDF446ACE80F0095E803004B
:103A88008CE80300306A10F0200045D104F580531B
:103A9800B3F81E3B9BB2102BE6D0FF2306AD8DF882
:103AA80014302AE0306810F0005038D0FEF79AFF42
:103AB800336803F07F030133984231D3274B4FF02B
:103AC800FF3C1B68C3F30363082B3BD0EE46214F32
:103AD8000FCD76460FC695E8030086E80300386ADE
:103AE80010F0200018D104F58053B3F81E3B9BB2A8
:103AF800102BB9D006AD8DF814C0BEE80F000FC565
:103B08009EE80300182285E8030041F61A300DEB01
:103B180002012044FFF796FE01200DB0F0BD336886
:103B28000D490C4E05E0336803F07F0301339842DA
:103B3800C4D24318421C84461B01D0B21A68120131
:103B4800BFD4F0E720462A465FFA8CF1FFF782FCE3
:103B5800012089E700801D4008D8010470801D40BD
:103B680000B5002387B084464FF0080E059310680F
:103B7800BCF1010F00915168CDE9013303AB8DF819
:103B88000BE003C3694605D00548FFF73DFF07B0C2
:103B98005DF804FB0348FFF78BFE07B05DF804FBF4
:103BA8008CC10020749800200D4A4FF0790C002336
:103BB800017801E012F801CF8C4503D00133082BBE
:103BC800F8D1704710B5074982B0074C6A4603C957
:103BD80082E803006146E05CFFF7C2FF02B010BD57
:103BE800540C0020A80A00205C0C0020C54BC64AD3
:103BF800196843691160082B40F0CA8003692DE9F0
:103C0800F04FC24C03F120002DED068B224687B001
:103C180053F8041B984242F8041BF9D1BC4F3D7875
:103C2800002D00F0B680BB4DBB4E05F10809DFF84A
:103C38001C83BA4F9FEDBA9A9FEDBA8ADFEDBAAAF4
:103C48009FEDBAAADFEDBA9ADFEDBA8A7FE0B4EE4B
:103C5800687AF1EE10FA48BFB0EE687A77EE877AA4
:103C6800F4EEC87AF1EE10FA00F18B80F4EEE97AFE
:103C7800F1EE10FA40F39880F0EE697A4FF0CE0C2E
:103C88004FF09A0AAC4B98F80000D3ED006AAB4BA2
:103C9800397893ED007AC6ED007AF5EEC06AF1EE58
:103CA80010FA00F19C80F4EECA6AF1EE10FA00F303
:103CB800A780C6EE8A7A67EEAA7AFDEEE77A17EE53
:103CC800903A83F30C03C3F3072BDBB24BF0F00BF2
:103CD800B5EEC07AF1EE10FA00F18A80F1EE046ACE
:103CE800B4EEE67AF1EE10FA00F38680C7EE267A93
:103CF80067EEAA7AFDEEE77A17EE902A82F30C02B5
:103D08004FEA021EC2F307124EF0070E5FFA8EFE4C
:103D18008DF814307F238DF8152004AA8DF8123001
:103D2800FF238DF810A08DF811C08DF813B08DF811
:103D380016E08DF81730FFF713FFA94506F10406C2
:103D480008F1010807F1010704F1040427D015F868
:103D5800013F002BF1D1D6ED007A94ED007A37EED1
:103D6800677AB4EEC97AF1EE10FA7FF770AF9FED7B
:103D78006C7A77EE877AF4EEC87AF1EE10FA7FF56E
:103D880075AFF0EE487A4FF0300C4FF0650A79E7DE
:103D98007047DFF8D4A19AF80030002B3ED107B065
:103DA800BDEC068BBDE8F08FBAEE096A624B98F855
:103DB8000000D3ED006AF4EEC67A604B397893EDD3
:103DC800007AF1EE10FAC6ED007A1CD5F5EEC06A5D
:103DD8004FF0000CE246F1EE10FA7FF564AFB5EE55
:103DE800C07A00234FF0F00BF1EE10FA7FF576AFB2
:103DF8004FF0070E00228BE74FF0F70EFF2287E700
:103E0800FF239B4664E7B2EE096AF4EEC67AF1EE48
:103E180010FA62DD4FF0FF0CE2463EE73F214848CA
:103E280007F00CF8474805F06DFA474B474A4FF042
:103E3800790EDFF8E8804FF0010C02F107090192D2
:103E4800DFF828B1C3E90055414BC3E90055414BA0
:103E5800C3E90055404B04AD1E460FCE03962E4EC7
:103E68000FC60296039E96E80F00029E86E80F0092
:103E7800A9F1070603E016F801CF18F801EF2A4662
:103E88009BE8030085E8030071466046FFF768FE7B
:103E98004E45F0D100201F4D4FF0010C2946024637
:103EA8008AF8000087F800C00CFA02F311F8016FD5
:103EB8000132034306B1D8B2082AF5D127490022B6
:103EC800087027480AF0C0FD3B78002B7FF4ACAEA1
:103ED80007B0BDEC068BBDE8F08F77EE867ADFED94
:103EE800215AB3EE095A87EE856A66EE257AFDEE09
:103EF800E77A17EE90CA8CF3100CCCF3072A5FFA16
:103F08008CFCCAE66CF900204493002080950020C0
:103F180055FA00206B9300204C930020540C00208D
:103F2800CDCCCC3D508D27C000F07F450000FA4332
:103F3800508D2740CDCCCCBD603100205C310020B5
:103F4800E00900209C2C00206C9300205C0C0020D1
:103F58007C930020749300201C950020B0EE002074
:103F6800B4EE002000FF7F4757FA0020200A002007
:103F78002DE9F047204E82B0DFF890904FF0790C91
:103F880006F107083746CA4601231C4D6C4603E074
:103F980017F8013F1AF801CF224695E8030084E894
:103FA800030061461846FFF7DBFD4745F0D1144989
:103FB80041F28837134A144B48681268A3FB02324F
:103FC800920C07FB02F24B681B1A9A42FBD879271E
:103FD800012303E016F8013F19F8017F224695E80E
:103FE800030084E8030039461846FFF7B9FD464543
:103FF800F0D102B0BDE8F0875C0C0020480C00202E
:10400800001000E0982C002083DE1B43540C002095
:1040180038B50F4C01252554FFF7AAFF00230D4A98
:10402800611E0D481C4613701A46037005FA02F308
:1040380011F8010F0132234300B1DCB2082AF5D18F
:104048000649002206480C70BDE838400AF0FCBC5E
:104058006C93002057FA002055FA0020B0EE00209B
:10406800B4EE0020F0B5784985B079220024037BAE
:1040780001E011F8012F934205D00134082CF8D142
:10408800002005B0F0BDB0F80DC0F3EE093ADFED41
:104098006F2ABAEE096A9CFA9CFC017CC57BBBEED0
:1040A800027A1FFA8CFCDFED6A5A9FED6A4A07EE26
:1040B80090CA4FEA012C0909DFED676AF8EEE77A42
:1040C8000CF4706C41EA0511DFED644A9FED645A07
:1040D80087EEA23A07EE901A417C624D4CEA010C39
:1040E80061492F5DF8EEE77A01EB8401A3EE236ABC
:1040F800C7EEA53A07EE90CAF8EEE77AE3EE846ACF
:1041080087EEA54AF0EE477AE4EE247AC1ED007A0C
:10411800564901EB840181ED006A817C07EE101A93
:104128005349B8EE477A01EB8401C1ED006A514961
:1041380037EE457A01EB840181ED007A57BBDFED5C
:104148004E6AB4EEE67AF1EE10FA42DAB0EEE77AA9
:10415800DFED4A6AB4EEE67AF1EE10FA1DDA484B62
:104168001F55F2EE0C6AB4EEE67AF1EE10FA2CDB8B
:1041780044490B5D0133DBB2C72B0B5559D8C17CC1
:1041880041B1414B41481D6850F82430EB1AB3F552
:104198007A7F44D8012005B0F0BD394D295D013141
:1041A800C9B202292955DCD939490020B7EEE77A86
:1041B8002246CDE90201374937488DED007B05F0ED
:1041C800BDF82046FFF724FFE4E72E4B00211955E0
:1041D800D5E7B7EEC77A0126224630492E488DED3D
:1041E800007B05F0ABF82E55FFF7C2FE2C4B3C4682
:1041F800013D1F703A462B4B1F7006FA02F315F863
:10420800011F0132234301B1DCB2082AF5D1264946
:10421800002226480C700AF017FC012031E70091B3
:10422800134640F82450224621491B4805F086F8D9
:10423800B0E7204900201346B7EEE77A2246CDE9D9
:1042480002011D49B8E700BF540C002000FF7F475A
:1042580000F07F450000B442000034C20000104264
:10426800000020426C930020FC9400201C95002044
:104278003C9500205C9500200000964200002C41EF
:10428800749300207C9300206CF90020E0950020B6
:1042980000802540740B00209C2C00203C0B002043
:1042A80055FA002057FA0020B0EE0020B4EE0020A6
:1042B800040C002000002C40C00B00202DE9F04128
:1042C800047882B0002C49D000232949294A4FF0AC
:1042D800790C294D294C2A4F2A4EC1E90033C2E9ED
:1042E80000332949294A0B70C2E900330FCD0FC4A6
:1042F80095E80F00264D84E80F0005F10708012313
:104308006C4603E015F8013F17F801CF224696E8FE
:10431800030084E8030061461846FFF721FCA8451E
:10432800F0D11C4B00241C4901251A681B4B0D7049
:104338001A6022461A4905FA02F311F8010F0132F0
:10434800234300B1DCB2082AF5D1164900221648E9
:104358000C7002B0BDE8F0410AF076BBFFF708FE2A
:104368000D4A094B14701C7002B0BDE8F08100BF03
:104378006C9300207C9300201C9500204C93002017
:10438800540C0020200A002057FA002074930020C3
:104398005C0C00206CF9002055FA002044930020A2
:1043A8006B930020B0EE0020B4EE00200B78632B56
:1043B80010B5044682B0104613D003F51C6304EB15
:1043C80083035B6813B101929847019804F5005480
:1043D800D4F804381BB102B0BDE81040184702B049
:1043E80010BD04F50054D4F80437002BF0D0019226
:1043F80098470198ECE700BF2DE9F04300F5005716
:104408008FB0044697F8003713B9012387F80037AF
:10441800238B9BB2002B57D1D7F80C2904F5805673
:10442800724B02F01F0103EB521301229B008A40DA
:104438001A60B6F81E3B9BB283B3B6F81A3B1A2231
:1044480008AD0DF1080C03F00F03AE4602FB034361
:1044580041F6323203EB02089858D8F80410D8F81D
:104468000820D8F80C300FC5D8F81000D8F8141068
:1044780003C5BEE80F00ACE80F009EE803008CE817
:1044880003009DF91C104B1C54D0594B0B441B01C5
:104498001B68C3F30363082B00F08B80D7F80C2943
:1044A800544B02F01F0103EB521301229B008A4078
:1044B80000211A60238BB6F81E0B9BB280B240EA2B
:1044C80003300FB0BDE8F083A68A1A23B4F814C0ED
:1044D80008ADF6B20CF1010C03FB0646CCF3080C50
:1044E800D6F81C01D6F82011D6F82831D6F82421A0
:1044F8000FC5D6F82C01D6F83011A4F814C0238BB8
:104508009BB203C51BB1238B013B9BB2238308AD30
:1045180002AE0FCD0FC695E8030002AA86E8030095
:104528009DF81C300DF1070120468DF80730FFF784
:104538003DFF71E7DFF8C080D8F8005015F000554E
:1045480050D0FEF72BFAD8F80030054603F07F0369
:1045580001338342A2D9DFF89890DFF89C8008E005
:10456800D8F80030013503F07F03EDB201339D42E6
:1045780094D205EB09031B011B68C3F30363082BE3
:10458800EED102AA29462046FEF728FFB6F81A3BC4
:10459800013303F01F03A6F81A3BB6F81E3B9BB283
:1045A800002BDDD0B6F81E3B013B9BB2A6F81E3BA4
:1045B800D6E702AAC9B22046FEF710FFB6F81A3BA2
:1045C800013303F01F03A6F81A3BB6F81E3B9BB253
:1045D800002B3FF463AFB6F81E3B013B9BB2A6F835
:1045E8001E3B5BE7D8F80030B5E700BF60380038FD
:1045F80008D001044038003800001D400B78632BB8
:1046080010B5044682B0104613D003F51C6304EBC2
:1046180083035B6813B101929847019804F500542D
:10462800D4F804381BB102B0BDE81040184702B0F6
:1046380010BD04F50054D4F80437002BF0D00192D3
:1046480098470198ECE700BF2DE9F04300F50057C3
:104658008FB0044697F8003713B9012387F800375D
:10466800238B9BB2002B57D1D7F80C2904F5805621
:10467800724B02F01F0103EB521301229B008A4088
:104688001A60B6F81E3B9BB283B3B6F81A3B1A22DF
:1046980008AD0DF1080C03F00F03AE4602FB03430F
:1046A80041F6323203EB02089858D8F80410D8F8CB
:1046B8000820D8F80C300FC5D8F81000D8F8141016
:1046C80003C5BEE80F00ACE80F009EE803008CE8C5
:1046D80003009DF91C104B1C54D0594B0B441B0173
:1046E8001B68C3F30363082B00F08B80D7F80C29F1
:1046F800544B02F01F0103EB521301229B008A4026
:1047080000211A60238BB6F81E0B9BB280B240EAD8
:1047180003300FB0BDE8F083A68A1A23B4F814C09A
:1047280008ADF6B20CF1010C03FB0646CCF3080CFD
:10473800D6F81C01D6F82011D6F82831D6F824214D
:104748000FC5D6F82C01D6F83011A4F814C0238B65
:104758009BB203C51BB1238B013B9BB2238308ADDE
:1047680002AE0FCD0FC695E8030002AA86E8030043
:104778009DF81C300DF1070120468DF80730FFF732
:104788003DFF71E7DFF8C080D8F8005015F00055FC
:1047980050D0FEF727F9D8F80030054603F07F031C
:1047A80001338342A2D9DFF89890DFF89C8008E0B3
:1047B800D8F80030013503F07F03EDB201339D4294
:1047C80094D205EB09031B011B68C3F30363082B91
:1047D800EED102AA29462046FEF73CFEB6F81A3B5F
:1047E800013303F01F03A6F81A3BB6F81E3B9BB231
:1047F800002BDDD0B6F81E3B013B9BB2A6F81E3B52
:10480800D6E702AAC9B22046FEF724FEB6F81A3B3C
:10481800013303F01F03A6F81A3BB6F81E3B9BB200
:10482800002B3FF463AFB6F81E3B013B9BB2A6F8E2
:104838001E3B5BE7D8F80030B5E700BF60380038AA
:1048480008D801044038003800801D4043884FF0E4
:104858001A0CDBB210B50CFB03034FEA122E044608
:1048680083F806E14388DBB20CFB030383F80721D6
:104878004088C0B20CFB004000F5847017F066FF5A
:104888006288238892B29BB283F480739A4204D1DF
:1048980023880133C3F30803238063880133C3F3F8
:1048A80008036380A3889BB2FF2B03D8A388013336
:1048B8009BB2A38010BD00BF2DE9F04F8C468DB090
:1048C8000E4607466C46054600F110084FF00109F0
:1048D800DFF8A0A0BCE80F000FC49CE8030084E840
:1048E800030055F8044F5CB19DF91420A36809FA38
:1048F80002F1194223D02368D3F800B0D34519D167
:104908004545EED107F5005393F800373BB33068BF
:1049180006AC7168B268F3680FC43069182271690F
:1049280003C40DEB020107F11400FFF78FFF0DB070
:10493800BDE8F08F9DF8153069462046D847237C9E
:10494800002BDDD02368D3F800B09DF81530D3458F
:10495800D6D020464FF0FF326946D847D0E7337D9E
:10496800324606A938468DF81830FFF747FE0DB0D5
:10497800BDE8F08FA900000000F5005393F8013757
:10498800002B00F0DB80DFF86CC22DE9F04F0F46FA
:1049980089B005460E4602AC0FCF0FC497E8030056
:1049A80084E80300DCF800309B0052D5DCF8343092
:1049B80000244FF06309C3F3036A22464FEACA0A88
:1049C8000AF1080A0CE05B0F022B3B6800F09A80A2
:1049D8005B0F052B00F0DD800134E2B2924538D937
:1049E80096F91430632B34D004EB440805EBC80B5C
:1049F8000BF5F0573B6813F0604FEDD03B685B0F49
:104A0800012B3B68DFD1C3F30043F2799A42E3D12B
:104A18003B6813F4607FDFD04FEA480B002306E0C1
:104A28003A685FFA88F3C2F3C2129342D4D203F110
:104A38000108029A0BEB080303F5F06355F82330DD
:104A48009A42EDD102A928468DF81C90FFF734FF51
:104A5800E6E70023674F8DF80E303C6814F00054E9
:104A68003FD0FDF7BFFF3B68044603F07F030133E7
:104A7800834233D942F2041742F20818DFF87491DE
:104A880096F91430A34220D004EB440105EBC1028F
:104A980002F5045ADAF8003013F0604F15D0DAF84E
:104AA8000030F079C3F3C06398420ED1DAF80030D1
:104AB8005B0F012BDAF8003041D05B0F022B12D0CC
:104AC800DAF800305B0F052B5BD0D9F800300134E1
:104AD80003F07F03E4B201339C42D1D309B0BDE8AF
:104AE800F08F3B68C6E7D159029B8B42EDD352F851
:104AF80008209342E9D802A928468DF81C40FFF700
:104B0800DBFEE2E7C3F30043F2799A427FF464AF35
:104B180041F604635BF80320029B9342FFF45CAF09
:104B280041F608625BF8022093423FF655AF02A9AE
:104B380028468DF81C90FFF7BFFE4DE7704713F429
:104B4800607FC2D04A00002307E0DAF800105FFA5D
:104B58008BF3C1F3C2118B42B7D203F1010B029957
:104B680002EB0B0303F5046355F823309942ECD1AB
:104B780002A9284600928DF81C40FFF79DFE009A76
:104B8800E3E7029A21462846FEF7F6FD00289CD066
:104B9800B1E73B6813F4607F3FF41EAF41F614633E
:104BA80001275B440AE00BF5F05101370968FFB2B1
:104BB800C1F3C21101318F42BFF40EAF07EB4801B8
:104BC800186801F5F06155F821E00299D3F800C0A2
:104BD80008400EEA0C018842E5D102A92846019353
:104BE8008DF80E2000928DF81C90FFF765FEDDE928
:104BF8000023D8E700801D40254A38B5136813F014
:104C0800005343D0136805460C4613F4004302D101
:104C1800926A92063AD41E4A136B13F0200335D0D9
:104C2800D2F88030C3F30341A380E172C3F300518B
:104C3800D2F88420217203F4001122F06042DB0DC7
:104C4800002912BF01210021920CE1711049226054
:104C580005F50052D1F8880000BAE060D1F88C0060
:104C680000BA206192F81529A37163236275237530
:104C78000B681B0401D420230B6321462846FFF749
:104C88007BFE21682846FEF7FFFC38BD184638BD74
:104C980000801D407A4B2DE9F0471F6881468A46FF
:104CA80017F0005702D0FDF79DFE0746744C09F532
:104CB8000056226896F8143902F07F0201329342B6
:104CC80000F2D8800325DFF8BC8156E000295CD0CB
:104CD800B1FA81F2C2F14002934253DB206810F02E
:104CE800005001D0FDF77EFE013D86F8140915F04D
:104CF800FF0500F0BF8023689A0005D5874203D9D5
:104D0800781EC0B286F81409236803F07F030133C4
:104D180098420CD3206810F0005001D0FDF762FED5
:104D2800013D86F8140915F0FF0500F0A380D4F8BA
:104D380024C0C0F12001A36AA0F120020CFA01F1FD
:104D4800C3402CFA02F20B431343DB070BD400EBEE
:104D580008031B011A68110105D4110E01F00B0C90
:104D6800BCF1020F15D00130C3B286F8143922689D
:104D780002F07F02013293427CD8E16A226B52EA48
:104D88000100A3D196F81409B5E7B2FA82F22032ED
:104D9800A0E702F4001001F00F010028C2F3005050
:104DA8008AF8080014BF012000208AF80700586814
:104DB80020F0604008BF800C0629CAF8000002D124
:104DC80001218AF80910C2F303418AF80B1096F8FA
:104DD8001419481C86F814098AF81410AAF8042033
:104DE80096F815299AF807108AF815209A68002964
:104DF8008AF80F2018BF4FF08C619A6808BF4FF0EF
:104E08008061120A8AF80E209A68120C8AF80D201E
:104E18009A68120E8AF80C20DA688AF81320DA6881
:104E2800120A8AF81220DA68120C8AF81120DA6855
:104E3800120E8AF8102019609AF81430A2681F2BF5
:104E480012D8012202FA03F3236351464846FFF7BA
:104E580093FDDAF800209AF814104846FEF78CFC07
:104E680058B996F814097EE7203B012202FA03F3A9
:104E7800E362EAE70020BDE8F0870120FBE700BF16
:104E880000801D4008D801042DE9F04F8C468DB0F4
:104E98000E4607466C46054600F110084FF001091A
:104EA800DFF8A0A0BCE80F000FC49CE8030084E86A
:104EB800030055F8044F5CB19DF91420A36809FA62
:104EC80002F1194223D02368D3F800B0D34519D191
:104ED8004545EED107F5005393F800373BB33068EA
:104EE80006AC7168B268F3680FC43069182271693A
:104EF80003C40DEB020107F11400FFF7A7FC0DB086
:104F0800BDE8F08F9DF8153069462046D847237CC8
:104F1800002BDDD02368D3F800B09DF81530D345B9
:104F2800D6D020464FF0FF326946D847D0E7337DC8
:104F3800324606A938468DF81830FFF737FA0DB013
:104F4800BDE8F08FA900000000F5005393F8013781
:104F5800002B00F0DB80DFF86CC22DE9F04F0F4624
:104F680089B005460E4602AC0FCF0FC497E8030080
:104F780084E80300DCF800309B0052D5DCF83430BC
:104F880000244FF06309C3F3036A22464FEACA0AB2
:104F98000AF1080A0CE05B0F022B3B6800F09A80CC
:104FA8005B0F052B00F0DD800134E2B2924538D961
:104FB80096F91430632B34D004EB440805EBC80B86
:104FC8000BF5F0573B6813F0604FEDD03B685B0F73
:104FD800012B3B68DFD1C3F30043F2799A42E3D156
:104FE8003B6813F4607FDFD04FEA480B002306E0EC
:104FF8003A685FFA88F3C2F3C2129342D4D203F13B
:105008000108029A0BEB080303F5F06355F8233007
:105018009A42EDD102A928468DF81C90FFF734FF7B
:10502800E6E70023674F8DF80E303C6814F0005413
:105038003FD0FDF7B3FC3B68044603F07F03013320
:10504800834233D942F2041742F20818DFF8749108
:1050580096F91430A34220D004EB440105EBC102B9
:1050680002F5045ADAF8003013F0604F15D0DAF878
:105078000030F079C3F3C06398420ED1DAF80030FB
:105088005B0F012BDAF8003041D05B0F022B12D0F6
:10509800DAF800305B0F052B5BD0D9F8003001340B
:1050A80003F07F03E4B201339C42D1D309B0BDE8D9
:1050B800F08F3B68C6E7D159029B8B42EDD352F87B
:1050C80008209342E9D802A928468DF81C40FFF72A
:1050D800DBFEE2E7C3F30043F2799A427FF464AF60
:1050E80041F604635BF80320029B9342FFF45CAF34
:1050F80041F608625BF8022093423FF655AF02A9D9
:1051080028468DF81C90FFF7BFFE4DE7704713F453
:10511800607FC2D04A00002307E0DAF800105FFA87
:105128008BF3C1F3C2118B42B7D203F1010B029981
:1051380002EB0B0303F5046355F823309942ECD1D5
:1051480002A9284600928DF81C40FFF79DFE009AA0
:10515800E3E7029A21462846FEF730FA00289CD059
:10516800B1E73B6813F4607F3FF41EAF41F6146368
:1051780001275B440AE00BF5F05101370968FFB2DB
:10518800C1F3C21101318F42BFF40EAF07EB4801E2
:10519800186801F5F06155F821E00299D3F800C0CC
:1051A80008400EEA0C018842E5D102A9284601937D
:1051B8008DF80E2000928DF81C90FFF765FEDDE952
:1051C8000023D8E700001D40254A38B5136813F0BE
:1051D800005343D0136805460C4613F4004302D12C
:1051E800926A92063AD41E4A136B13F0200335D004
:1051F800D2F88030C3F30341A380E172C3F30051B6
:10520800D2F88420217203F4001122F06042DB0DF1
:10521800002912BF01210021920CE171104922607E
:1052280005F50052D1F8880000BAE060D1F88C008A
:1052380000BA206192F81529A3716323627523755A
:105248000B681B0401D420230B6321462846FFF773
:105258007BFE21682846FEF739F938BD184638BD67
:1052680000001D407A4B2DE9F0471F6881468A46A9
:1052780017F0005702D0FDF791FB0746744C09F56B
:105288000056226896F8143902F07F0201329342E0
:1052980000F2D8800325DFF8BC8156E000295CD0F5
:1052A800B1FA81F2C2F14002934253DB206810F058
:1052B800005001D0FDF772FB013D86F8140915F086
:1052C800FF0500F0BF8023689A0005D5874203D9FF
:1052D800781EC0B286F81409236803F07F030133EF
:1052E80098420CD3206810F0005001D0FDF756FB0F
:1052F800013D86F8140915F0FF0500F0A380D4F8E5
:1053080024C0C0F12001A36AA0F120020CFA01F127
:10531800C3402CFA02F20B431343DB070BD400EB18
:1053280008031B011A68110105D4110E01F00B0CBA
:10533800BCF1020F15D00130C3B286F814392268C7
:1053480002F07F02013293427CD8E16A226B52EA72
:105358000100A3D196F81409B5E7B2FA82F2203217
:10536800A0E702F4001001F00F010028C2F300507A
:105378008AF8080014BF012000208AF8070058683E
:1053880020F0604008BF800C0629CAF8000002D14E
:1053980001218AF80910C2F303418AF80B1096F824
:1053A8001419481C86F814098AF81410AAF804205D
:1053B80096F815299AF807108AF815209A6800298E
:1053C8008AF80F2018BF4FF08C619A6808BF4FF019
:1053D8008061120A8AF80E209A68120C8AF80D2049
:1053E8009A68120E8AF80C20DA688AF81320DA68AC
:1053F800120A8AF81220DA68120C8AF81120DA6880
:10540800120E8AF8102019609AF81430A2681F2B1F
:1054180012D8012202FA03F3236351464846FFF7E4
:1054280093FDDAF800209AF814104846FEF7C6F8FB
:1054380058B996F814097EE7203B012202FA03F3D3
:10544800E362EAE70020BDE8F0870120FBE700BF40
:1054580000001D4008D0010483889BB20F2B03D89D
:10546800838801339BB283804288B0F802C00388E6
:1054780002F00F021FFA8CFC9BB2023283F0100379
:1054880040F822109C4504D10388013303F01F0320
:1054980003804388013303F01F034380704700BF34
:1054A80083889BB20F2B03D8838801339BB28380F8
:1054B8004288B0F802C0038802F00F021FFA8CFC81
:1054C8009BB200EB420283F01003D1809C4504D1CB
:1054D8000388013303F01F0303804388013303F07B
:1054E8001F034380704700BF2DE9F04F934D9BB0D9
:1054F800934F08AC05900FCD0FC495E8030084E8DE
:1055080003007E6AB96AD7F82C90386B3B68039120
:1055180013F40043049003D13A68950000F1188110
:10552800049B43F00103B9F1000F00F00281B9FABE
:1055380089F3834DC3F140032C68DFB214F00054A3
:10554800029700F09E82FDF74DFA2B68044603F09F
:105558007F030133834240F2C280874240F2BF801A
:10556800059B671CDFF8D8B103F50053FDB201971E
:1055780006931AE0042A00F05881082A00F0E28114
:10558800DBF800309DF8044003F07F03029A0133F2
:10559800A24288BFAB4205F1010594BF0123002355
:1055A800002B40F09C80631C0193C4F12002039BF4
:1055B800A4F1200A06FA02F1E3400B4326FA0AF1A5
:1055C8000B43DF07DCD5049B09FA02F2E3401343DF
:1055D80029FA0AF21343D807D2D5DFF87081A0441C
:1055E8004FEA0818D8F80030190EC3F3036201F027
:1055F8000B010229BED1D8F8041003F4001021F0E1
:105608006041002812BF4FF0010C4FF0000C890CCC
:10561800062A8DF827C0089102D101228DF8292089
:10562800ADF82430C3F303438DF8344000288DF8D7
:105638002B30069B93F815398DF83530D8F808309B
:105648008DF82F30D8F808304FEA13238DF82E3014
:10565800D8F808304FEA13438DF82D30D8F80830C1
:105668004FEA13638DF82C30D8F80C308DF83330AE
:10567800D8F80C304FEA13238DF83230D8F80C30B4
:105688004FEA13438DF83130D8F80C304FEA1363E2
:105698008DF8303014BF4FF08C634FF080631F2CAF
:1056A800C8F80030DBF808304FF0010331D8A340C8
:1056B80021460598CBF83030089AFEF75DF80028A7
:1056C80032D108A90598FFF757F908A8AFF3008069
:1056D80008A8AFF3008008A8AFF3008050E7184E81
:1056E800184D346A2A68184B6240134043B1059B31
:1056F80003F58053B3F8D43C9BB20F2B40F2DB8107
:105708000F4A136A23431362BFF34F8F1BB0BDE8E0
:10571800F08F03FA0AF321460598CBF82C30089A43
:10572800FEF72AF80028CCD008A90598FFF7C4F896
:10573800C7E7B3FA83F32033FBE600BFC0050020B8
:1057480000801D4004960020BFFF070008D8010410
:105758008C067FF5E5AE81067FF5E2AED7F88020AE
:10576800C94C02F40011C2F30050ADF824200029FE
:10577800C2F303414FEAD2528DF82B10D7F88410A8
:105788008DF8280018BF012021F0604108BF0020D3
:105798008DF826204FF0000208BF890C8DF82700ED
:1057A8000CA80891D4F88810D1400832202A00F8B3
:1057B800011DF7D10DA9B448D0F88C20DA40083380
:1057C800202B01F8012DF7D1059A02F5005292F825
:1057D80015298DF8352063228DF8342082680363FB
:1057E800049B5A0601D540230363049B1B0602D57C
:1057F800A54B80221A63059C08A92046FFF7BCF830
:1058080008A8AFF3008008A8AFF3008008A8AFF39A
:10581800008008992046FDF737FF00283FF480AE46
:1058280008A90598FFF748F87AE603F40012002A59
:10583800D8F80420ADF82430C3F303438DF834407E
:1058480022F060428DF82B3018BF0121069B04BF5F
:10585800920C002193F8153908928DF83530D8F854
:105868000830059A8DF82F30D8F808308DF82710B1
:105878001B0A8DF82E30D8F808301B0C8DF82D3007
:10588800D8F808301B0E8DF82C30D8F80C308DF86D
:105898003330D8F80C301B0A8DF83230D8F80C3079
:1058A8001B0C8DF8313004F6022352F82330D8F857
:1058B8000C20120E8DF830200BB108A89847069BD3
:1058C800D3F808390BB108A89847059901F5805213
:1058D800B2F81E3B17469BB2002B00F0D780B2F8F7
:1058E8001A3B1A220DF1500C03F00F03E04602FB9D
:1058F800031341F632320EA903EB020A98588E467A
:105908000791DAF80820DAF80410DAF80C30ACE875
:105918000F00DAF81000DAF81410ACE80300B8E861
:105928000F00AEE80F0098E803008EE803009DF929
:105938004C30591C00F0D8809C427FF421AE079A65
:10594800E1B2D3E003F40012002AD8F80420ADF83D
:105958002430C3F303438DF8344022F060428DF8BD
:105968002B3018BF0121069B04BF920C002193F82D
:10597800153908928DF83530D8F80830059A8DF821
:105988002F30D8F808308DF827101B0A8DF82E30E4
:10599800D8F808301B0C8DF82D30D8F808301B0EBD
:1059A8008DF82C30D8F80C308DF83330D8F80C300E
:1059B8001B0A8DF83230D8F80C301B0C8DF83130BA
:1059C800D8F80C301B0E8DF8303004F6022352F84C
:1059D80023300BB108A89847069BD3F808390BB1B8
:1059E80008A89847059901F58058B8F81E3B9BB25E
:1059F800002B58D0B8F81A3B1A220DF1500C03F0BE
:105A08000F03674602FB031341F632320EA903EB7C
:105A1800020A98588E460791DAF80820DAF8041036
:105A2800DAF80C30ACE80F00DAF81000DAF81410E5
:105A3800ACE803000FCFAEE80F0097E803008EE84C
:105A480003009DF94C305A1C67D09C427FF498ADF6
:105A5800079AE1B20598FDF7FDFCB8F81A3B013347
:105A680003F01F03A8F81A3BB8F81E3B9BB2002BA3
:105A78003FF486ADB8F81E3B013B9BB2A8F81E3B2D
:105A88007EE52B686CE500BF00801D401F2C4FF0A1
:105A9800010320D903FA0AF3CBF82C304FF0006346
:105AA800C8F800306CE51F2C4FF0010317D8A3404D
:105AB800CBF8303064E5059F41F6D04021463844A4
:105AC800FFF7CAFCF16941F6985089B23844FFF7EC
:105AD800E7FC2C6014E6A340CBF83030DEE703FA8D
:105AE8000AF3CBF82C304BE5079A21460598FDF7C9
:105AF800B1FCB7F81A3B013303F01F03A7F81A3BB0
:105B0800B7F81E3B9BB2002B3FF43AADB7F81E3BEB
:105B1800013B9BB2A7F81E3B32E5079A214699E75D
:105B28002DE9F04F934D9BB0934F08AC05900FCDE6
:105B38000FC495E8030084E803007E6AB96AD7F8C1
:105B48002C90386B3B68039113F40043049003D105
:105B58003A68950000F11881049B43F00103B9F1FC
:105B6800000F00F00281B9FA89F3834DC3F14003B5
:105B78002C68DFB214F00054029700F09E82FCF704
:105B88000DFF2B68044603F07F030133834240F284
:105B9800C280874240F2BF80059B671CDFF8D8B1FE
:105BA80003F50053FDB2019706931AE0042A00F0AA
:105BB8005881082A00F0E281DBF800309DF80440A3
:105BC80003F07F03029A0133A24288BFAB4205F17A
:105BD800010594BF01230023002B40F09C80631C27
:105BE8000193C4F12002039BA4F1200A06FA02F1F2
:105BF800E3400B4326FA0AF10B43DF07DCD5049B8D
:105C080009FA02F2E340134329FA0AF21343D807C8
:105C1800D2D5DFF87081A0444FEA0818D8F80030D0
:105C2800190EC3F3036201F00B010229BED1D8F8A3
:105C3800041003F4001021F06041002812BF4FF057
:105C4800010C4FF0000C890C062A8DF827C008912A
:105C580002D101228DF82920ADF82430C3F3034383
:105C68008DF8344000288DF82B30069B93F81539B1
:105C78008DF83530D8F808308DF82F30D8F808303E
:105C88004FEA13238DF82E30D8F808304FEA134323
:105C98008DF82D30D8F808304FEA13638DF82C3082
:105CA800D8F80C308DF83330D8F80C304FEA13237D
:105CB8008DF83230D8F80C304FEA13438DF8313074
:105CC800D8F80C304FEA13638DF8303014BF4FF01A
:105CD8008C634FF080631F2CC8F80030DBF8083065
:105CE8004FF0010331D8A34021460598CBF8303056
:105CF800089AFDF763FC002832D108A90598FFF738
:105D080023F908A8AFF3008008A8AFF3008008A81B
:105D1800AFF3008050E7184E184D346A2A68184BC4
:105D28006240134043B1059B03F58053B3F8D43C5C
:105D38009BB20F2B40F2DB810F4A136A2343136295
:105D4800BFF34F8F1BB0BDE8F08F03FA0AF321466B
:105D58000598CBF82C30089AFDF730FC0028CCD0F9
:105D680008A90598FFF790F8C7E7B3FA83F320333B
:105D7800FBE600BFC005002000001D400096002083
:105D8800BFFF070008D001048C067FF5E5AE810649
:105D98007FF5E2AED7F88020C94C02F40011C2F3B7
:105DA8000050ADF824200029C2F303414FEAD25233
:105DB8008DF82B10D7F884108DF8280018BF012013
:105DC80021F0604108BF00208DF826204FF0000226
:105DD80008BF890C8DF827000CA80891D4F8881002
:105DE800D1400832202A00F8011DF7D10DA9B44886
:105DF800D0F88C20DA400833202B01F8012DF7D198
:105E0800059A02F5005292F815298DF8352063227B
:105E18008DF8342082680363049B5A0601D5402319
:105E28000363049B1B0602D5A54B80221A63059CBD
:105E380008A92046FFF788F808A8AFF3008008A84B
:105E4800AFF3008008A8AFF3008008992046FDF75B
:105E58003DFB00283FF480AE08A90598FFF714F829
:105E68007AE603F40012002AD8F80420ADF82430AA
:105E7800C3F303438DF8344022F060428DF82B3091
:105E880018BF0121069B04BF920C002193F8153915
:105E980008928DF83530D8F80830059A8DF82F30EB
:105EA800D8F808308DF827101B0A8DF82E30D8F84E
:105EB80008301B0C8DF82D30D8F808301B0E8DF8E3
:105EC8002C30D8F80C308DF83330D8F80C301B0A49
:105ED8008DF83230D8F80C301B0C8DF8313004F6C0
:105EE800022352F82330D8F80C20120E8DF83020F7
:105EF8000BB108A89847069BD3F808390BB108A836
:105F08009847059901F58052B2F81E3B17469BB297
:105F1800002B00F0D780B2F81A3B1A220DF1500C72
:105F280003F00F03E04602FB031341F632320EA9D9
:105F380003EB020A98588E460791DAF80820DAF837
:105F48000410DAF80C30ACE80F00DAF81000DAF8D0
:105F58001410ACE80300B8E80F00AEE80F0098E8AA
:105F680003008EE803009DF94C30591C00F0D880DE
:105F78009C427FF421AE079AE1B2D3E003F4001209
:105F8800002AD8F80420ADF82430C3F303438DF871
:105F9800344022F060428DF82B3018BF0121069B57
:105FA80004BF920C002193F8153908928DF835300A
:105FB800D8F80830059A8DF82F30D8F808308DF8C1
:105FC80027101B0A8DF82E30D8F808301B0C8DF8D6
:105FD8002D30D8F808301B0E8DF82C30D8F80C303E
:105FE8008DF83330D8F80C301B0A8DF83230D8F8D9
:105FF8000C301B0C8DF83130D8F80C301B0E8DF896
:10600800303004F6022352F823300BB108A8984721
:10601800069BD3F808390BB108A89847059901F5EC
:106028008058B8F81E3B9BB2002B58D0B8F81A3BE2
:106038001A220DF1500C03F00F03674602FB0313FD
:1060480041F632320EA903EB020A98588E460791A0
:10605800DAF80820DAF80410DAF80C30ACE80F00A7
:10606800DAF81000DAF81410ACE803000FCFAEE845
:106078000F0097E803008EE803009DF94C305A1C86
:1060880067D09C427FF498AD079AE1B20598FDF776
:10609800A5F9B8F81A3B013303F01F03A8F81A3B17
:1060A800B8F81E3B9BB2002B3FF486ADB8F81E3BF8
:1060B800013B9BB2A8F81E3B7EE52B686CE500BF50
:1060C80000001D401F2C4FF0010320D903FA0AF3EA
:1060D800CBF82C304FF00063C8F800306CE51F2C6B
:1060E8004FF0010317D8A340CBF8303064E5059F83
:1060F80041F6D04021463844FFF7AEF9F16941F640
:10610800985089B23844FFF7CBF92C6014E6A340C5
:10611800CBF83030DEE703FA0AF3CBF82C304BE546
:10612800079A21460598FDF759F9B7F81A3B013344
:1061380003F01F03A7F81A3BB7F81E3B9BB2002BCE
:106148003FF43AADB7F81E3B013B9BB2A7F81E3BA4
:1061580032E5079A214699E738B5304C4FF0FF31C0
:106168002F4D204600F096FF2E4A2F49204604F076
:10617800FDFF2E4802F0AEF92D482E49002300F508
:1061880080522D4C016000F5005C2C498382206010
:10619800C3822B4C038301F50050A2F81A3BA2F8E6
:1061A8001C3BA2F81E3BA2F8D03CA2F8D23CA2F8B5
:1061B800D43CA2F8983DA2F89A3DA2F89C3D01F57E
:1061C80080528CF80037CCF80C398CF80137CCF8B1
:1061D80010398B828CF81439CB820D600B83A2F8AE
:1061E8001A3BA2F81C3BA2F81E3BA2F8D03CA2F82E
:1061F800D23CA2F8D43CA2F8983DA2F89A3DA2F865
:106208009C3D80F8003780F80137C0F80C39C0F899
:10621800103980F81439216038BD00BF6C94002013
:10622800900D0020E0260020994E00008493002065
:10623800749800206C0D0020649400208CC100200C
:1062480068940020000000002DE9F043964D83B0CB
:1062580001210D2003F024FB944C954F40F2EE28C9
:106268002E68DFF8B49204F067FE2378002B00F064
:10627800E5803B78DB0740F1E1802B68D9F8002006
:106288009B1A0E2B40F2DA808A4C8B488B4B8C4A37
:106298008C49CDE9000401208B4C0AF059FC8B484D
:1062A800FCF7ECFE00228A498848FCF71BF82368B3
:1062B80043F0A04323602368D801FCD5002025685B
:1062C800FCF7B4FBE26A236BA900E262236323684C
:1062D80023F07F032360236843F00F03236000F15A
:1062E800BB80794B1A6822F080521A601C6814F03F
:1062F8008074FBD10120774DFCF798FB7648FCF7BA
:1063080093FF224672497448FCF7AAF82B6843F0B9
:10631800A0432B602B68DA01FCD500202C68FCF721
:1063280053FCEA6A2B6BEA622B632B6823F07F032A
:106338002B602B6843F00F032B60A30000F1A380B0
:10634800644A136823F080531360146814F080744F
:10635800FBD10120FCF738FC642003F0E7F95F4823
:106368001EF0DEFC5E495D4800F044FD23465B4AB2
:106378004A215C4800F09AFE5B4B187000286FD1E8
:1063880000224FF4165159480927154602F004FD1A
:106398006420574C03F0CAF9564B0821564A57480F
:1063A80099615749574EC3E90405C2E90415564B8C
:1063B80020215648C3E905110221A0609161544A81
:1063C8001A6117F085FD534BC4E903071846B360FB
:1063D80017F07EFD012329463822F382C6E9030718
:1063E80004F1400016F02EFA2946382204F1A000E4
:1063F80016F028FA2946382204F5807016F022FA99
:1064080023A3D3E9002324A1D1E90001C4E9262369
:10641800C4E92E23C4E9362321A3D3E90023C4E920
:106428000E01C4E91601C4E91E01C4E93E23C4E90A
:106438004623C4E94E2303B0BDE8F0832B682278D5
:106448009B1B32B1B3F5FA6F3FF61EAF04F074FD33
:1064580009E74345FAD917E70120FCF7E7FA40E7CF
:1064680044F6206205211F4800F088FE44F62062A9
:1064780001211C4800F082FE44F6206202211948DE
:1064880000F07CFE7CE70120FCF79EFB58E700BF8C
:106498002D431CEBE2361A3F613255302AA9333FAF
:1064A800FCA9F1D24D62803F6CF9002069FA002006
:1064B80068FA0020AD460000A14600009D46000095
:1064C800994600009C2C002000001D407498002074
:1064D80040420F0000801D408CC100200C2D002080
:1064E800801A06006C94002058FA0020AC2C00207A
:1064F800908B00204C98002000EF00202C98002062
:10650800F8EE0020008B002004F80020EC31002079
:1065180084F70020E0310020F0F90020000000009E
:106528002DE9F04FB04CB14DB14F2DED048B9FEDDF
:10653800AA8B9FEDAB9B87B007E002F0A1FB014659
:106548002846C9B202F09AFAC8B9204602F046FBBA
:1065580003462046002BF0DCA64B1B780BB1FCF75A
:10656800D1F8DFF8F0B29BF80030012B60D0022B95
:1065780056D033B307B0BDEC048BBDE8F08F2E784E
:1065880016B99D4B1E70E0E7284602F0DDFA284652
:1065980087ED000B02F0F4FA984BB0EE487B00222E
:1065A80083ED000B95F87C303BB1D5ED217A85F869
:1065B8007D20B8EEE76B86EE097B914B83ED007B7F
:1065C800DFE7904C904D23682A689B1AB3F5FA7F51
:1065D80000F2C280012164200AF0D0FA05460028A2
:1065E800C8D1FCF7C1FB0028C4D0884B2946884A8B
:1065F8008848C3E90055884BC2E90055C3E90055EE
:10660800202216F01FF9854B2668012184481D7049
:106618002268844B06600D208BF800101A6094E005
:1066280000238BF8003007B0BDEC048BBDE8F08F79
:10663800DFF824C26F4600257B4E7C4CBCE80F0077
:106648000FC79CE8030087E803000221002002F03E
:10665800C1FE03466946304643B923689A0005D50A
:10666800A36A9B0602D4236B9F060ED4FEF7FAFD9D
:10667800034668467BB19DF80B30072BE5D9FDF73B
:10668800F1FC002818BF0546DFE7FEF79DFD03462D
:106698006846002BEFD1664F664E0221002002F0BB
:1066A80099FE03466946384643B933689C0005D5C8
:1066B800B36A9A0602D4336B9B060ED4FEF7EAFA45
:1066C800044668467CB19DF80B30072BE5D9FDF7E9
:1066D800C9FC002818BF0546DFE7FEF78DFA044617
:1066E8006846002CEFD11DB19BF80030012B40D03B
:1066F800514D0023514A524807F02EF92B78414C4E
:106708003BB1484E236832689B1AB3F5FA6F00F222
:10671800AB80434A236811685B1AB3F5FA7F7FF6AA
:1067280029AF23680321642013600AF027FA0028A0
:106738003FF420AF2B78002B40F0A780FCF744FCF7
:10674800022300210D208BF8003007B0BDEC048B2C
:10675800BDE8F04F03F068B80D2003F08FF801464C
:106768000D20B1FA81F1490903F05EF823682B6026
:1067780030E7DFF8E8A0DFF8E8C0DFF8E890314F4D
:10678800314DBAE80F00ACE80F009AE80F000CF1A1
:1067980010080CF130060CF1500E8CE80F00B9E827
:1067A8000F00A8E80F0099E80F0088E80F000FCF46
:1067B8000FC697E80F0086E80F000FCDAEE80F0070
:1067C80095E80F008EE80F002049202022464861F6
:1067D8001F4808F039F98BE70000000000000000AE
:1067E8000000000000005940AC2C002084930020D9
:1067F8008844002058FA002054FA002090440020D1
:10680800804400206CF90020DC9500207C93002057
:106818006C9300204C9300207493002057FA0020BA
:10682800D8950020449300207498002000001D4053
:106838008CC1002000801D4055FA002080969800E9
:10684800788A0020FC9400205C95002004F8002041
:1068580020F8002053FA0020C00500201C950020D5
:1068680084F700203C95002054210C4804F0E6FAF7
:106878000B4802F047FDFDF77BFB002301222B703C
:10688800084B1A702368336043E7FDF771FB00215A
:10689800044B012229701A7050E700BFBC14002075
:1068A8009C2C002057FA00200120704701207047D7
:1068B800D0F88C0203685B68184700BFD0F88C02D8
:1068C800836002F04DBD00BF0020704790F8A32000
:1068D80090F8A200101A704790F8A23090F8A32000
:1068E8009A4205D95A1C034480F8A220987E704722
:1068F8004FF0FF30704700BF90F8A23090F8A32007
:106908009A4202D91844807E70474FF0FF30704792
:10691800704700BF0346B0F8300178B193F82F21D3
:10692800882A03D9012200205A60704702F1010C1D
:1069380001201A4483F82FC182F8A510704700BFC0
:1069480038B5B0F830410CB9204638BD90F82F3131
:106958000546C3F18904A2420DD8144605F1A500E5
:106968002246184402F0DCFF95F82F3120462344D4
:1069780085F82F3138BD01224260EFE72DE9F04F4D
:10698800D0F814A01524017E8146437E83B00AEB1B
:106998000111384A0AEB0313374F097A93F8283064
:1069A80002EB01150901E86852F8018002EB0311B6
:1069B800D5F804B01B01CE68D558CBF80040C8F80C
:1069C8008400D8F804304A6803432C490192C8F877
:1069D80004301460C5F884606B6833436B60284BDF
:1069E8004C683A68A3FB0232920C02EB8202520016
:1069F8004B681B1B9A42FBD84FF0090C1F4ADFF863
:106A080080E0D8F80830034202D0AB6833422FD177
:106A1800C5F8886054683968AEFB0131890C01EB10
:106A2800810153681B1B9942FBD8C5F884605468E0
:106A38003968AEFB0131890C01EB810153681B1BDE
:106A48009942FBD8BCF1010CDBD1604699F81830AB
:106A5800019A0AEB0313DB68CBF8003099F8193078
:106A68000AEB031ADAF82C30136003B0BDE8F08F94
:106A78000120EBE7E8100020982C0020001000E02F
:106A880083DE1B430E4A10B51168046905E0DB017B
:106A980007D413685B1A102B08D8636913F0007FBA
:106AA800F5D14FF4FE430120636110BDFFF766FF87
:106AB8000028FAD04FF4FE4301206361F5E700BFD8
:106AC8006CF900202DE9F04790F82FA10569BAF17B
:106AD800000F4FD081468846FFF7D4FF002849D0E1
:106AE800374E0024376818E06B69190551D4DA0469
:106AF80055D4580559D4990441D43268D21B322A46
:106B08003DD8544507D9EA6D520704D19B0555D4A1
:106B1800B8F1000F52D004F00FFA5445E4D8EA6DEA
:106B2800500702F00703DFD413E099F8A5200133DA
:106B3800022442F48062042B2A661ED08A4503F19F
:106B4800010309EB01020ED992F8A520042B2A664D
:106B5800CAD00121002CE8D02146013301348A45EE
:106B680009EB0102F0D8B8F1000FBDD04FF4007363
:106B78002B66B9E70420BDE8F0870124B4E72B6948
:106B88004FF40072042043F440732B612A66BDE879
:106B9800F0872B69042043F440732B61EBE72B69E2
:106BA800052043F440732B61E5E72B694FF400722D
:106BB800022043F440732B612A66DCE70020DAE701
:106BC8006CF900202DE9F84F83460C4615461F4600
:106BD800D0F810A0FFF756FF002800F09E80610053
:106BE800012DDFF83C8140F20146CBB24FF00001A5
:106BF80038BF0125D8F800900C461E43ABF8A21008
:106C080020E09BF8A330872B3FD9DAF81420100531
:106C18005AD412F4105F70D1D8F80030A3EB0903EE
:106C2800322B6AD89BF8A330AB4209D3022C07D980
:106C3800DAF85C30590703D193054BD4002F49D0BB
:106C480004F07AF9022CDCD8DAF85C3003F0070299
:106C58005B07D6D4681E224440F480704CB9CAF849
:106C680060600134131B032BCBD8022CC9D8002C2D
:106C7800F5D0012C37D01FB14FF40073CAF860303B
:106C88009BF8A3300324872BBFD8DAF85C2012F4D2
:106C9800E02FC2F3024CB8D0591C9C441933C9B236
:106CA8005FFA8CFC5BFA83F3DAF870004A1C6145E2
:106CB8008BF8A310D1B203F8010FA6D08929F3D11C
:106CC800DAF814201005A4D5DAF8103043F440732C
:106CD800CAF81030DAF85C3013F4E02F06D19BF8CC
:106CE800A300BDE8F88FCAF86000BAE7DAF81030F8
:106CF80043F40073CAF81030F1E7DAF810304FF4B3
:106D0800007243F44073CAF81030CAF86020DAF809
:106D18005C3013F4E02FE2D0E8E70420BDE8F88FF8
:106D28006CF90020F8B506690446D6F8145115F434
:106D3800706301D0C6F81431A8070BD5D6F87021B6
:106D480011043DD50023012184F8A230234484F89E
:106D5800A3109A76EA0710D594F83071F7B194F831
:106D68002E7194F82F31BB4226D97B1C274484F816
:106D78002E3197F8A530C6F86031AB050DD594F8DB
:106D8800A30018B1D4F83C3103B198470023A4F804
:106D9800A230A4F82E3184F83031F8BDD4F8383157
:106DA80003B19847002384F82E31012384F8303149
:106DB80094F82F31BB42D8D80023C6F86031DCE7FD
:106DC80094F8A330872BC5D8591CC9B2BEE700BFB9
:106DD8000148FFF7A7BF00BF0C2D00200148FFF7AF
:106DE800A1BF00BF4C2E00200148FFF79BBF00BF8A
:106DF8008C2F002010B4144C00220369A1421A61A0
:106E080014D8124C012012494FF430329C64586255
:106E18009962DA629C6C00204FF0011101221C6516
:106E280018625DF8044B99651A61704709488142F8
:106E380007D9094C09480A499C645A629862D96280
:106E4800E8E7084C0848F6E77F1A06003B37281998
:106E5800B80B05053F420F000A0907046009010144
:106E6800007F05001C1A120C100E0202704700BFAA
:106E7800034B4FF47A701B6803FB00F0704700BFA8
:106E88006CF900200B6813B9014B01221A70704786
:106E980056FA00200A480123006830B5C56883B057
:106EA8000024AA4228BF2A46CDE9004494B22246CB
:106EB80013F016FC002814BF2046002003B030BD94
:106EC8007C9500202DE9F04F85B02B480E461446DE
:106ED80000AF0123042207F10C01006813F06CFCD9
:106EE80000283FD0244B8046B7F80C901868C9F3A7
:106EF8000E09C368A1457B6034D8073323F0070324
:106F0800ADEB030DEA46B9F1000F30D07C684D4671
:106F18000DF1040B4C4528BF4C46A4B22246012370
:106F2800514613F049FC0346A4F1040C224651468D
:106F38003046BBB1B8F1000F03D11FFA8CF45946A3
:106F480022462D1B26444FF0000802F0E9FCADB2A2
:106F58002C1D65B1084B18687B689C4228BF1C46ED
:106F6800A4B2DBE700201437BD46BDE8F08F4846E1
:106F78001437BD46BDE8F08F7C950020134B70B5E3
:106F880093E8030084B00524114E002502908DF883
:106F98000C100123052202A93068CDE9005513F031
:106FA8009FFB03461E204BB902F0C0FB631E13F083
:106FB800FF04EED14FF0FF3004B070BD4FF496706F
:106FC80002F0B4FB002004B070BD00BFD80500205B
:106FD8007C95002010B5104C94F90000431C00D19A
:106FE80010BD0121C0B202F05BFC0121207802F043
:106FF8001BFC0A2002F09AFB0021207802F014FC06
:107008000A2002F093FB2078012102F00DFC0A20EF
:10701800BDE8104002F08ABB52FA002010B50446C1
:10702800FFF7D8FF00220C4904F1580000F034FBA8
:1070380008B1002010BD043401465422204615F042
:1070480001FC204600F0BCFB0028F2D101460348B1
:1070580000F0AEFB012010BD754C0000514E000041
:1070680010B5094C206800F057FC00B910BD242168
:10707800064803F0E3FE064802F044F923680020BE
:107088000021C3E9020110BD48930020B40A002082
:107098009C2C0020024A034B02601970704700BF05
:1070A800B40D002052FA0020704700BFF0B51C4F05
:1070B800044683B00D4638681E4620B1102101925F
:1070C80002F0CAFC019A1020019202F0C3FC294682
:1070D8000546019A13F0DEFA012128463D6013F0B7
:1070E800E3FA054688B10F4A31460F4B0F48C4E909
:1070F80016230F4B0F4AC4E9180323682046A266DB
:107108001B6803B0BDE8F040184715210A4803F092
:1071180095FE0A4802F0F6F8284603B0F0BD00BF15
:107128007C9500206D4D00005D4C0000B54C0000C2
:10713800854C0000614C0000E00C00209C2C0020D5
:107148009FED0B7B0C4B10B50C46196081ED027B53
:1071580000F028FBD4E90232134306D12078A0F1CD
:107168002A00B0FA80F0400910BD012010BD00BF10
:10717800000000000000000048930020074B08466C
:1071880010B5002419469A601C609C80C3E903442A
:1071980000F028FBB0FA80F0400910BD08960020E6
:1071A800704700BF0848094BD0F8BC2010B4012430
:1071B80019711C602AB11946D0F8C0005DF8044B5B
:1071C80010475DF8044B70471C960020F8F8002023
:1071D80000B54FF4806183B04FF0F90C0223A0F89A
:1071E800AC1001AAC17A4068ADF804C001F008F9F2
:1071F80003B05DF804FB00BFD0F8A8301A785978BE
:10720800520030B5D2B287B0044609B142F001024B
:10721800997809B142F00402D97809B142F008021C
:107228000025019504958DF814508DF8062001AAC3
:10723800CDE902559988ADF807109968CDF809107D
:10724800D3E903011123CDF8111094F8AC10CDF84F
:107258000D008DF80510FD2160688DF80410E17AA5
:1072680001F0CEF8C4E9285007B030BD2DE9F04F41
:107278008BB0164604460F464FF0000C00F11D0275
:10728800019304E00CF1010CBCF1400F2DD012F871
:107298001C302A2BF6D104EB4C0C9CF81E500EB374
:1072A8004FF000091FFA85FB4FF02A0AC846019BD8
:1072B80007EB08012A460DF112008DF811A0CDE95F
:1072C800023902F02DFBD4F8C42002A98DF8105021
:1072D80012B1D4F8C80090470BEB08031FFA83F8E3
:1072E8004645E4D80BB0BDE8F08F0025D7E700BFCE
:1072F800002A7ED02DE9F04F4FF000088BB000F146
:107308001D0407460E469A469146DFF8ECB04546FE
:1073180000947119705D0023009C02E00133402B3A
:107328005FD014F813208242F8D107EB430300948E
:107338009A7F002A55D0FB2836D0FA283AD0EF2871
:107348003DD091F802E0CB784FEA8E1E0EF47C5EB9
:1073580003EB0E0CDBF800309A45264B3CD31B6838
:1073680003930CEB08038DF811006420CBF800A000
:1073780000FB03A30DF11200CDE9012302F0D0FABE
:10738800019AD7F8C4308DF8102092B22BB102A917
:10739800D7F8C80001929847019A2A4495B2A9459E
:1073A800B7D80BB0BDE8F08FD1F8018092B2C8F120
:1073B8000008F2E7D1F8013092B29844EDE7D7F827
:1073C800A03092B2002BE8D09B68002BE5D038465D
:1073D80001929847019AE0E71C461B680133236035
:1073E800BEE7D7F8F8310133C7F8F8310BB0BDE87C
:1073F800F08F704790F8002024F80020FFF778BF3E
:10740800802938B5044628D0812911D001B138BD6A
:10741800164A1749406800F003FF0346154AA3724D
:107428001549606800F0FCFE0123E072637238BD04
:10743800812A18D85008EAD004F11D0C00221E3405
:107448005D1C13F812100CF8121015F8121004F83D
:10745800121001328242F4DB38BD19460C30BDE807
:10746800384016F0D3BC4020E6E700BF28180020BB
:10747800301800203C18002044180020012A02D1AE
:107488000B78012B05D0D0F8F0310133C0F8F0317A
:10749800704710B407490024D0F8BC2003720C6070
:1074A80022B1D0F8C0005DF8044B10475DF8044BDA
:1074B800704700BFF8F800200B78F82B31D190F80E
:1074C800AC3070B5D0F8A85065B390F8ADE073450E
:1074D80028D24C781A01AC5405EB03128C785470FE
:1074E800CC7894704C6854608E68966091F80CC0A3
:1074F8004E7B4CEA062CA2F80CC091F80EC082F81C
:107508000EC0C97BD1730A4A944203D1052296461C
:1075180080F8AD200133DBB2734580F8AC3001D27E
:1075280070BD7047002285F85030C0E9282270BD30
:107538007FA69800F8B5194C054623681A691846BD
:107548009047D4F8A07037BB06466B682046C4E95C
:1075580028579847A8B9D4F8A0307BB130462A6894
:10756800831B0AB19A420FD9606800F089FE20682F
:1075780003699847D4F8A030002BF0D1D4F8A400C0
:10758800F8BDC4E92870F8BD6FF00503002218465D
:10759800C4E92823F8BD6FF00200F8BD1C9600204E
:1075A800FFF7A6BE2DE9F84F0646002A63D00F461E
:1075B8009146002500F11D04DFF8D8B007EB050857
:1075C800795D002302E00133402B5BD014F81320CF
:1075D8008A42F8D106EB430393F81EA0BAF1000FD4
:1075E80050D0FC2911D0D6F8A0101FFA8AFA29B178
:1075F8008B681BB152464146304698470AEB050353
:107608009DB2A945DAD8BDE8F88FD6F8BC20002A83
:10761800E9D00223D6F8C000CBF8003098F8011062
:107628008BF8041098F802C01A49CCF3400E8BF876
:1076380008E00CF0010E8BF809E0CCF3800ECCF3D7
:10764800C00C8BF80AE08BF80BC098F803C098F8C8
:1076580004E04CEA0E2CABF80CC0D8F80530CBF897
:107668001030D8F80930CBF81430D8F80D30CBF8F2
:1076780018309047B7E7D0F8F4310133C0F8F43147
:10768800BDE8F88FD6F8F8310133C6F8F831BDE80F
:10769800F88F00BFF8F8002000285ED0F0B5324C13
:1076A800054683B00F46164600214FF4FE72204669
:1076B80015F0C8F8FF2328462560E372C4E92F7641
:1076C80000F0D0FC606000284AD02246274900F02C
:1076D8004DFD2346264A0221606800F077FD254BC0
:1076E800254A02216068009400F044FD234B244A97
:1076F80002216068009400F03DFD224B224A0221DD
:107708006068009400F036FD204A0221204B606832
:10771800009400F02FFD23461E4A0121606800F006
:1077280055FD1D4B1D4A01216068009400F022FDA3
:1077380020681B4E03699847054608E0606800F01A
:107748009FFD206803699847401BB04202D8237AFE
:10775800002BF3D0002003B0F0BD6FF0010070479C
:107768004FF0FF30F7E700BF1C960020954F000050
:10777800F1510000955300003C180020ED51000025
:107788005C1800209153000068180020741800202D
:107798005D500000914F00006D5200002818002035
:1077A8003F0D0300014B586800F06ABD1C9600208D
:1077B8000246024B0020C3E9312170471C96002085
:1077C80010B4064A044600230548C2E92A43C2E920
:1077D8002C335DF8044BFFF7ADBE00BF1C960020AC
:1077E800B014002000B5074B864600220648C3E9BE
:1077F8002A12C3E92C2283F8ACE05DF804EBFFF70A
:1078080099BE00BF1C9600205018002038B50446C9
:1078180001F10E000D462DED028B00F087FA07EE00
:10782800900A9FED1D8A05F11000F8EEE77A67EEE1
:10783800887AC4ED057A00F079FA07EE900A05F126
:107848001200F8EEE77A67EE887AC4ED067A00F05F
:107858006DFA07EE900A05F11400F8EEE77A67EE84
:10786800887AC4ED077A00F061FA07EE900A05F10C
:107878001600F8EEE77A67EE887AC4ED087A00F029
:1078880055FA07EE900A0020FAEECA7ABDEC028B90
:10789800C4ED097A38BD00BF0000803838B5044609
:1078A80001F10E000D462DED028B00F03FFA07EEB8
:1078B800900A9FED188A05F11000F8EEE77A67EE56
:1078C800887AC4ED057A00F031FA07EE900A05F1DE
:1078D8001200F8EEE77A67EE887AC4ED067A00F0CF
:1078E80025FA07EE900A05F11400F8EEE77A67EE3C
:1078F800887AC4ED077A00F019FA07EE900A00209A
:10790800F8EEE77A67EE887ABDEC028BC4ED087A68
:1079180038BD00BF0000803870B52DED028B4B7A62
:107928000D46044603702A2B91ED007B80ED027B07
:1079380040D0CA7A013B42700A7B02F0030282708F
:107948002A2B00F2C580DFE813F09400F600F1005E
:1079580094009F0194001501EB00DB01CF01C301E6
:10796800B701AB01C6006E01BF0061012B00BF006B
:10797800D2007901D200C60098012B002B002B0001
:107988002B00C3000101BF002B002B002B002B0094
:10799800C300C300C300C3007301A501C300FB00FB
:1079A800002601F10E0000F0BDF9A0823046BDECC2
:1079B800028B70BD002601F10A00DFEDD48A6670E3
:1079C800A67000F0B3F907EE900A05F10C009FEDE0
:1079D800D08AF8EEE77A67EEA87AC4ED057A00F067
:1079E800A5F907EE900A05F10E00F8EEE77A67EEC2
:1079F800A87AC4ED067A00F099F907EE900A05F125
:107A08001000F8EEE77A67EEA87AC4ED077A00F07E
:107A18008DF907EE900A05F11200F8EEE77A67EEA5
:107A2800A87AC4ED087A00F081F907EE900A05F10A
:107A38001400F8EEE77A67EE887AC4ED097A00F068
:107A480075F907EE900A05F11600F8EEE77A67EE89
:107A5800887AC4ED0A7A00F069F907EE900A304690
:107A6800F8EEE77A67EE887ABDEC028BC4ED0B7A04
:107A780070BD01F10E009FEDA78A00F057F907EEDF
:107A8800900A05F110000026F8EEE77A67EE887A8A
:107A9800C4ED057A00F04AF907EE900A05F11200E4
:107AA800F8EEE77A67EE887AC4ED067A00F03EF9D8
:107AB80007EE900A3046F8EEE77A67EE887ABDEC72
:107AC800028BC4ED077A70BD8A7B002602756DE7CC
:107AD8004FF0FF366AE701F10E00002600F026F9A4
:107AE80007EE900AFAEEEC7AC4ED057A5EE701F14A
:107AF8000E00002600F01AF9034605F11000A382D3
:107B080000F014F9034605F11200E38200F00EF9C3
:107B1800034605F11600238300F00CF9E06145E700
:107B2800BDEC028BBDE87040FFF7B8BE01F10E0056
:107B38009FED798AA1E701F10E009FED788A9CE715
:107B48008A7B00260275CA7B42752FE78B7B01F181
:107B5800190203F07F01DB090175437515F80F3F22
:107B680004F8163F15F8013FAA4204F8013FF9D17D
:107B780000261BE701F10E009FED688A00F0D6F899
:107B880007EE900A05F110000026F8EEE77A67EE96
:107B9800887AC4ED057A00F0C9F807EE900A05F175
:107BA8001200F8EEE77A67EE887AC4ED067A00F0FC
:107BB800BDF807EE900A05F11400F8EEE77A67EED3
:107BC800887AC4ED077A00F0B1F807EE900A05F15B
:107BD8001600F8EEE77A67EE887AC4ED087A00F0C6
:107BE800A5F807EE900A05F11800F8EEE77A67EEB7
:107BF800887AC4ED097A00F099F807EE900AF8EE51
:107C0800E77A67EE887AC4ED0A7ACFE601F10E00CA
:107C1800002600F089F8034605F11200636100F0C0
:107C280083F82083C2E601F10E009FED3B8AA5E7A9
:107C3800BDEC028BBDE87040FFF7E8BD01F10E0016
:107C4800002600F073F8034605F11000A38200F047
:107C58006DF8034605F11200E38200F067F8034669
:107C680005F11400238300F061F8034605F11600BE
:107C7800638300F05FF8E06198E601F10E000026EA
:107C880000F052F8606191E6BDEC028BBDE87040EF
:107C9800FFF7BCBDBDEC028BBDE87040FFF7FEBD31
:107CA80001F10E00002600F041F807EE900AFAEE06
:107CB800CE7AC4ED057A79E601F10E00002600F0CF
:107CC80035F807EE900AFAEECC7AC4ED057A6DE63F
:107CD80001F10E00002600F02DF807EE900AFAEEEA
:107CE800CC7AC4ED057A61E601F10E00002600F0B9
:107CF80021F807EE900AFAEEC67AC4ED057A55E641
:107D0800BDEC028BBDE87040FFF780BD00008038F5
:107D18000000803A0000803B0000803D0000003BEE
:107D2800007870470088704700687047B0F9000015
:107D3800704700BF006870472DE9F84F4FF0000901
:107D4800074600F2245B00F2C4685BF804ACCBF889
:107D58002490BAF1FF3F1ED007F2BE64002503E06D
:107D680001352C34082D16D0D4F82260002EF7D017
:107D780034F8023C9A45F3D12146584615F0DCFE0A
:107D88000028EDD12C23CBF8246003FB0575D5F82A
:107D9800E436CBF828300BF1340BC345D5D1BDE818
:107DA800F88F00BF10B590F8DC447CB104EBC40E2A
:107DB800002300F5856C01E0734505D05CF82320AD
:107DC80009338A42F8D110BD052CFCD004EBC4025B
:107DD80004F1010C242300EB820280F8DCC4C2F811
:107DE800281440F22C41002213FB0413BDE8104074
:107DF800C254FFF7A1BF00BF802900D0704738B533
:107E0800054618461C4616F063F8072800D938BD01
:107E1800421C214605F10C00BDE8384001F080BD48
:107E2800002A18BF00292FD02DE9F04F97B00B7802
:107E3800029313B117B0BDE8F08F029D0223012A07
:107E480080468DF818508DF8385080F8243400F0AA
:107E580006810124894603950192631CA61C19F822
:107E680004A09BB2B6B219F803B00AF1FF3306EBCF
:107E78000B044E44A4B2082B38D8DFE803F0B9AF9E
:107E8800AB9F948D86650600704731460EA815F0A5
:107E9800DDF8029A0490072A28D8342140F22450A9
:107EA80011FB020301FB028731464344C7F8205502
:107EB8001846059315F0AAFF0021039B4046A7F832
:107EC8001C1587F84435C7F84815C7F84C15FFF74F
:107ED80033FF0EA9049A059B521AC7F82055184675
:107EE800013201F01DFD039B87F84435434600220B
:107EF800B3F8E0148D4200F0938001320C33052A68
:107F0800F6D1019BA342A8D843460022B3F8E01457
:107F1800A94207D001320C33052A8BD0B3F8E014FC
:107F2800A942F7D1D3F8E444002CF3D002EB420283
:107F38000023A44608EB820819461A46D8F8E80434
:107F480017B0BDE8F04F604706AF3146384615F028
:107F58007DF898F8DCC4BCF1000FC7D04246002376
:107F680002E001336345C1D0D2F828142432A94273
:107F7800F7D103EBC303C21B394608EB8303013275
:107F880003F22C4001F0CCFCB0E73046FFF7C8FE06
:107F9800012302900393A9E73046FFF7C1FE0023AF
:107FA80002900393A2E73046FFF7BCFE043883B281
:107FB800B3F5C07F9AD2A8F8183197E73046FFF793
:107FC800B1FE043883B2FF2B88BF4FF48073A8F842
:107FD80016308BE73046FFF7A5FE87E73046FFF7F8
:107FE800A1FE043883B2FF2B80D8A8F814307DE7AF
:107FF80043460022B3F8E014A94221D001320C33E1
:10800800052AF7D13046FFF78FFE05464046294638
:10801800FFF7C8FE00238DF818308DF8383065E773
:10802800D3F8E474002F3FF468AF02EB4200334604
:108038005A46514608EB8000D0F8E804B84760E794
:10804800D3F8E474002FD9D002EB420208EB820384
:10805800D3F8E80400231A461946B847D2E7029D28
:1080680052E700BF70B53C4C05462178002968D01E
:10807800002D6ED0394C2668002E6AD140F63402A5
:108088003146204614F0DEFB4FF0012331462046EE
:1080980063612560FFF786FE314A04F22453C4F871
:1080A800206584F84465A4F81C65C4F84865C4F8DC
:1080B8004C6592E8030083E803002046FFF73CFE86
:1080C80094F8DD34042B0DD85A1C03EB430384F8D1
:1080D800DD2404EB8303234AA3F8E064C3F8E844EF
:1080E800C3F8E42494F82434022B02D1002384F842
:1080F800243494F81C28072A1BD8511C2C2384F8F4
:108108001C1840F2BE6103FB024613FB0213002158
:10811800134AA6F8BC1604EB030C03CAE050124B32
:10812800CCF804100D48C6F8E446C6F8E036FFF768
:1081380003FE0123284684F824342B68984707480F
:1081480070BD40F63402054814F07CFB012323700F
:108158008EE7002070BD00BF63FA002050EF0020BA
:1081680080180020E95B0000115C0000C0E90112E2
:10817800704700BF32B38C46114670B51E4613785F
:10818800D3B1044690F81C08072818D82C22431CA1
:1081980002FB004584F81C3805F2BE60A5F8BCC691
:1081A80015F034FE049B2046C5F8E066C5F8E436B1
:1081B800FFF7C2FD002070BD6FF0010070BD4FF0E9
:1081C800FF3070BD6FF00100704700BF90F8DDC44C
:1081D800BCF1040F1BD800B50CEB4C0E0CF1010CD4
:1081E80080F8DDC400EB8E0CACF8E014CCF8E42485
:1081F800CCF8E83490F82434022B02D000205DF843
:1082080004FB002380F8243400205DF804FB90F878
:108218002434022B02D1002380F824340020704734
:108228002DE9F843002605468946904600F22C477A
:108238003846494615F080FC2437044628B10136F3
:10824800052EF5D1FF20BDE8F88306EBC60605EB41
:108258008606D6F82864731CF4D005F224552846FF
:10826800414615F069FC18B955F8043CB34204D0EE
:1082780001343435082CF2D1E4E7E0B2BDE8F883E4
:108288002DE9F043002383B090F824540446019369
:108298005DB1206801AB4FF4C07204F5297185689F
:1082A800A84778B903B0BDE8F08301220223294624
:1082B80080F82424514A00F0A3F80028E9D084F873
:1082C8002454E6E780B2DDF804C003285FD994F8A7
:1082D800A51247F6FC7594F8A43294F8A62203EB8D
:1082E800012394F8A7622B429FB244D0072A56D89C
:1082F80094F81C38934252D9B4F81A31C7F30E08CF
:10830800002B59D1B8F5C07F5CD800231746C4F8B4
:10831800A0C284F81C21A4F89E32404504F21D191D
:1083280004F52A7128BF4046054609EB03002A1FB9
:10833800A8EB050801F0F4FAB4F89E221FFA88F3B6
:10834800043AA4F81A31A81882B2A4F89E225BB99C
:10835800342303FB0743D3F848552DB1D3F84C0514
:108368004946D4F8A032A8473423013603FB07470F
:1083780087F81D6596E7D4F8243862680133C4F895
:108388002438002A8ED00121A06890478AE7D4F8C3
:1083980024380133C4F8243803B0BDE8F083D4F896
:1083A8002C3862680133C4F82C38002A3FF47AAFBD
:1083B8000321A068904775E70B0610D40023A4F8A2
:1083C8001A319FE7D4F8283862680133C4F828388E
:1083D800002A3FF467AF0221A068904762E794F84B
:1083E8001C719742EAD1342303FB074393F81D35E8
:1083F800B342E3D1B4F89E328FE700BFC00E00202D
:108408002DE9F04F1E46838A83B0B34201925DD3B3
:1084180007298346894651D800274FF0340808FBBE
:1084280001083946002E45D0BBF81620043A92B20E
:10843800B24228BF3246141D9246A4B2230A8BF8D2
:10844800184009B163F07F038BF819305D468BF84B
:108458001A90A6EB0A0698F81C35019AB6B2581C71
:10846800D119524688F81C050BF11C008BF81B30FB
:10847800574401F055FA55F8180B2246BFB2C368A5
:108488002946984750B95846FFF7FAFEDBF800002E
:1084980022462946C36898470028F4D000284FF0A0
:1084A8000101BFDADBF820380B44CBF8203803B0E1
:1084B800BDE8F08F304603B0BDE8F08FD0F8303813
:1084C8006FF001000133CBF83038F0E76FF00100AE
:1084D800EDE700BF4E2100224FF0300C80F8361037
:1084E80002210280828082600273028242610276E7
:1084F8008283026280F824200285C26280F83020DC
:1085080080F834C082870264A0F84C200265A0F885
:108518005C204266A0F86C204267A0F87C20C0F876
:108528008420A0F88C20C0F89420A0F89C20C0F8E3
:10853800A42080F8BD10A0F8BE2080F8C020C0E9B3
:108548003122C0E93322C0E93522A0F8AC2080F8F6
:10855800AE20704738B5057804462D2D08BF013484
:10856800204612F0D7FD6422237802FB00F0A3F125
:108578003002092A05D814F8013FA3F13002092A6C
:10858800F9D92E2B03D02D2D08BF404238BD637872
:10859800303B092BF7D8A27803EB8303303A00EB82
:1085A8004300092A98BF80182D2D08BF404238BDC6
:1085B80070B50D46044612F0ADFD1B4B6422A3FBBB
:1085C80000135B0902FB13002B802278174BA2F1E2
:1085D800300100FB03F3092905D814F8012FA2F193
:1085E80030010929F9D92E2A0AD003EB8303104A4E
:1085F800002101332972A2FB03235B086B6070BD65
:1086080060780134A0F130010929EED8074A094EF3
:10861800A6FB020214F8010FD20802FB0133A0F1F5
:1086280030010929F4D9E0E71F85EB5180969800BD
:10863800ABAAAAAACDCCCCCC2DE9F04190F8AD607C
:10864800044656B390F8AE30A3F14102052A6FD91B
:10865800A3F16102052A94BF573B303B94F8AF2041
:108668001B01A2F14101DBB2052940F2F980A2F118
:108678006101052994BF573A303A134494F8AC2065
:10868800DBB29A4200F0B680D4F8D4300026013329
:10869800C4F8D4303046BDE8F08190F8BE3033B32A
:1086A80090F8BD20022A03D090F8AE10002941D1DD
:1086B800D4F8C850002DEDD02B4604F1AE0704E0E5
:1086C8002D6B002DE6D0D4F8C830996AA86A15F049
:1086D80033FA0028DED1EA6A94F8BE309A42D9DC2F
:1086E800EED10F223946284614F0AAF9E8E790F8A7
:1086F800AE30472B00F0CB800223D4F8C45084F866
:10870800BD30C4F8C850002DC4D004F1AE0704E051
:108718002D6BC4F8C850002DBCD0A86A394615F096
:108728000BFA0028F4DBB5D00023C4F8C830B1E751
:10873800373B93E743EA4213013B2B2BB8D801A2FE
:1087480052F823F07D670000716700006167000040
:1087580055670000456700009367000087670000C1
:10876800E5670000D9670000A1640000A16400006B
:10877800A1640000A1640000A1640000A1640000DD
:10878800A1640000A1640000A1640000A1640000CD
:10879800A1640000A1640000A1640000A1640000BD
:1087A800A1640000A1640000A1640000A1640000AD
:1087B800A1640000A1640000A1640000A16400009D
:1087C800A16400007D670000C967000071670000B0
:1087D800616700005567000045670000BF6700003B
:1087E800B5670000AB670000A1640000A164000049
:1087F800A5670000D4F8D83094F8C0200133C4F835
:10880800D8307AB3D4F8D03094F8BD200133C4F806
:10881800D030002A00F0FD80012A4BD0D4F8C8508F
:10882800002D3FF437AF2B46DFF8408240F20117A6
:108838000BE015F0EBFAD8F80030AF842B622D6B03
:10884800002D3FF427AFD4F8C830996AA86A15F00C
:1088580073F90346294605F11000002BE9D019E702
:10886800373A0AE794F8BD30002B57D0012BD5D101
:1088780040F201127D4B616CA287A4F84C20216460
:10888800626D19681B68A1642265A365C6E790F844
:10889800AF10774814F028F800283FF42DAF04F102
:1088A800B0057449284615F047F9002840F0A8801B
:1088B800012322E76D4A40F20113616C206A2164AA
:1088C8001168A060A164616DE06A21651168A387E1
:1088D800A165E169A4F84C30616094F824106061E6
:1088E8002173A16A216194F83010217694F835102B
:1088F80084F8341094F8371084F8361011682380FF
:10890800A163A16E616611682166A16F1268A4F85F
:108918005C30A4F86C30C4E91C217FE7534B40F26B
:108928000110626D1968A4F84C00A16522651868E9
:1089380040F201121B68D4F89810C4F8A030D4F89B
:10894800A830A4F88C20A4F89C20C4F8A430C4E96A
:10895800240163E7A1F15701B1FA81F1490980F8CF
:108968003010A5E600F12801AE30FFF721FE9FE6A2
:10897800A1F15301B1FA81F1490980F8241097E671
:1089880000F11C01AE30FFF713FE91E6AE30FFF7A1
:10899800E1FD60658CE6AE3012F0BCFBC4F89800CF
:1089A80086E6302980F8351094BF0023012380F82B
:1089B800C0307DE680F837107AE6AE3012F0AAFBB8
:1089C800606475E6AE30FFF7C5FDA06770E6AE30AF
:1089D800FFF7C0FDA0666BE6A1F14101B1FA81F194
:1089E800490980F8C01063E6AE30FFF7B3FDC4F85C
:1089F80088005DE6AE30FFF7ADFDC4F8A80057E685
:108A08001D49284615F098F8003818BF0120430082
:108A180073E6164B40F20112616DA4F84C202165F3
:108A28001968A4F87C20A165E169616094F82410B4
:108A38002173A16A216194F83010217694F83510D9
:108A480084F8341094F8371084F8361019682280A6
:108A5800D4F88820A163C4F884201A68C4F8802058
:108A6800226AA260E26A626161E700BF6CF90020D5
:108A7800640C00206C0C0020700C002038B5D0F875
:108A8800CC30A1F10A0204460D460133C0F8CC30BF
:108A9800222A2ED8DFE802F0182D2D182D2D2D2D85
:108AA8002D2D2D2D2D2D2D2D2D2D2D2D2D2D2D2DEE
:108AB8002D2D412D2D2D2D2D182D120090F8AC3077
:108AC80083F02C0380F8AC3094F8BF300E2B30D9EB
:108AD8000020A5F12A0194F8BE300022B1FA81F1F4
:108AE800013384F8BF20490984F8BE3084F8AD10FA
:108AF80038BD90F8BF300D2B05D85A1C034480F8B8
:108B0800BF2083F8AE1094F8AD00D0B994F8AC301B
:108B180085EA030184F8AC1038BD00230222184608
:108B2800A4F8AC3084F8BD20A4F8BE3084F8C03076
:108B380038BD23440022204683F8AE20FFF77CFD91
:108B4800C7E7002038BD00BF90ED026A0022838885
:108B5800B8EE466B427007EE103A037B9FED065B5A
:108B6800B8EEC77B86EE050B30EE070B0BB1B1EE06
:108B7800400B7047AFF300800000000065CDCD4189
:108B880090ED056A0022038AB8EE466B427007EE44
:108B9800103A037E9FED065BB8EEC77B86EE050BA9
:108BA80030EE070B0BB1B1EE400B7047AFF300800E
:108BB8000000000065CDCD4101207047B0F8463077
:108BC800B0F848209BB292B2934202D2013AD01A2E
:108BD8007047416B01390A44D01A7047016972B66F
:108BE800B0F84A20B0F84C3092B29BB29A423CBFDF
:108BF800806B1218C86AD31A62B6C0F302601844B0
:108C0800704700BFB0F84A100246B0F84C3089B23D
:108C18009BB2994210B4046914D00133906B116B64
:108C2800984298BF0023994206D85B1A526AD05CD2
:108C3800C0B25DF8044B7047126A5DF8044BD05C13
:108C4800C0B2704772B6B0F84A0080B2814201D013
:108C580062B6E2E7E36A13F0E06F03D14FF0FF304A
:108C680062B6E6E7E36901200024116AA2F84A0027
:108C7800C3F30900DBB2A2F84C404B70F0E700BF29
:108C8800B0F84A100246B0F84C3089B29BB299420B
:108C980030B4046925D00133946B9C4216D9106B0B
:108CA8001FFA83FC984217D9106AC05CC0B2956D50
:108CB800A2F84CC045B199421CD3CB1AD16B99424A
:108CC80002D3D36DC5F8883030BC70474FF0000C24
:108CD800106B63469842E7D8181A556A285CC0B2E8
:108CE800E5E7084672B6B2F84A1089B2884204D05D
:108CF80062B6D0E70C44E31AE0E7E36A13F0E06FEA
:108D080003D14FF0FF3062B6DEE7E069C0F3090037
:108D1800F9E700BF90F8443043B110B5044602F0BB
:108D28000BF994F84430002BF9D110BD704700BFFF
:108D380038B5D0E90453D3E903120968114228D0A1
:108D480090F84420044632B102F0F6F894F8443022
:108D5800002BF9D1636900210E4AA961207E03EB3B
:108D68000010007D02EB0010456805202860657E34
:108D780003EB051393F8343002EB0312A36D52682A
:108D88001060A4F84A10A4F84C1013B1E26DC3F8AF
:108D9800842038BDE810002007EE901A9FED9A7ADB
:108DA8000421B6EE005AF8EE677A9FED986A41F60C
:108DB800FF7CC7EE275A2DE9F0478E460569012446
:108DC80007EE901AF8EEE77A85EEA77A77EE057A3D
:108DD800FDEEE77A17EE903A6345A8BF6346012B8C
:108DE800B8BF012307EE903AF8EEE76A76EEC76A55
:108DF800C6EE877AF5EEC07AF1EE10FA48BFF1EECA
:108E0800677AF4EEC67AF1EE10FA03D8B0EE676A24
:108E18008E461C4601312129D2D10021436902F432
:108E28000076A0F84A10B3F85AC08E42A0F84C1049
:108E3800B3F85860A0F84610A0F8481080F844101D
:108E4800816BDF68A1EB0606A1EB0C01C0E90F619D
:108E580039681E6941EA0601396014BF0121002101
:108E6800817640F0AC80017E694E03EB0118DFF893
:108E7800C09198F81470D8F81CA006EB0717B968C9
:108E8800C1F800907968D8F818700F60BAF1000F2F
:108E980003D0D8F82010CAF80010477ED92103EB78
:108EA800071898F834C006EB0C1CDCF80870396019
:108EB800DCF80410D8F838700F60417E03EB01111C
:108EC800CF6B0FB1096C39600EF1FF31BEF1080F9D
:108ED8004FEA0161CCBF4FF0000E4FF0010E01F0D8
:108EE800F85144EA4E4421435C682961597801F1FC
:108EF80010030021E960474941F8234041694FF0D8
:108F0800010E454C02F0030C4F7891F85610434B74
:108F180039554FF002174469617803EB511301F09A
:108F28001F019B000EFA01F11960EF62AB6A43F072
:108F38008803AB6253073ED44CF4701302F00F0160
:108F4800042908BF43F0804397062ED5817E43F05D
:108F5800805300293AD11607AB6103D52B6943F03A
:108F680000532B616B69D10623F0805348BF43F04F
:108F780080536B61D30503D52B6943F400532B61F0
:108F8800A36883B1264E3478002C3AD0611E254D53
:108F9800C9B22B1F05EB810101E0994225D053F896
:108FA800042F9042F9D1BDE8F087817E0029D2D004
:108FB80043F0A003CFE71C4B4CEA0303BEE7477E10
:108FC8004FF2D901124E03EB07186AE7417E43F0CE
:108FD800A00304EB011191F8341006EB0116B668F2
:108FE800316821F440413160B5E7631CDBB20F4AB8
:108FF8003370137845F8240043F002031370BDE87A
:10900800F0870123074DF2E7001BB74BEC78AD6002
:10901800E81000200040002000E400E0403800385C
:109028005AFA0020B095002010003C006CFA00208D
:1090380038F00100EFF31380B8B9EFF310834BB9A0
:10904800EFF305823AB94FF48073EFF3118050B112
:10905800984208D270470F2AF7D9054B9B5CEFF36B
:1090680011800028F4D1184670474FF0FF30F1E71F
:10907800F0E300E0036D2DE9F04104460F46066970
:1090880013B1426DC3F88420A37E2BB172B6B369C5
:1090980043F00053B36162B6B4F84650636BADB2A7
:1090A8000135AB424CD84FF000084546B4F848307B
:1090B8009BB29D4219D028E073691B0210D5B4F801
:1090C8004830626B9BB201339A4236D99AB2E16A50
:1090D80099422DD9E169CB5CDBB2F361A4F8482051
:1090E800B4F848309BB2AB420FD1FFF7A3FF6369D6
:1090F800B3F856308342DFDAFF28F1DD01F01CFFB8
:10910800B4F848309BB2AB42EFD0E36AAB421AD90D
:10911800FFB2E3695F5572B6012084F84400A4F8F1
:109128004680B36943F40003B36162B6BDE8F081D9
:109138005B1AA16ACB5CDBB2CFE700221346C6E715
:109148001FFA85F8B2E7ED1AFFB2A36A5F55E2E7A6
:10915800FFF790BF0269536913F4401F70B543D0FD
:10916800D36A13F0E06FC3F3026E3AD0B0F84A50F6
:10917800B0F84C60ADB2B6B207E0016A01F803C0BE
:109188000EF1FF3313F0FF0E1DD0D1696B1C846BF9
:10919800B0F84CC0C1F309019C4298BF00231FFAE4
:1091A8008CFC9C45ECD0046B5FFA81FC1D469C420C
:1091B800A3EB0404E1D8436A03F804C00EF1FF33BB
:1091C80013F0FF0EE1D1ABB2A0F84A30836D43B182
:1091D800B54254D3AD1B016CA94202D8C16DC3F886
:1091E80084105369D90245D49669330228D5536946
:1091F8001D0225D5B0F84650B0F84830ADB29BB244
:1092080006E0C169C95CC9B2D161D16A4C0512D402
:10921800AB4238D0446B0133C16A9C4298BF0023EB
:109228009942A3EB0104ECD8816A095DC9B2D16106
:10923800D16A4C05ECD599B2AB42A0F8481025D0BC
:10924800710216D553695B0213D50021036D80F8AE
:10925800441013B1416DC3F88810837E2BB172B6E8
:10926800936923F00053936162B6936923F48003F2
:10927800936170BD536943F480135361B4E7816B04
:10928800891B0D44A7E79BB2A0F84830936923F4E3
:1092980000039361936943F480039361D0E700BFAF
:1092A8000148FFF757BF00BFAC2C0020084601F06B
:1092B800AFBD00BF2DE9F0410C46D1B1EAB18046FF
:1092C8008E1800250E4F04E001F0A2FDB4420544BB
:1092D8000CD0D8F8003014F8010B1B68BB42F3D04F
:1092E800014640469847B4420544F2D12846BDE8B5
:1092F800F0810D462846BDE8F0811546F6E700BF27
:109308009D70000000B5036883B040F60D2C022262
:1093180001A95B68ADF804C0984703B05DF804FB89
:10932800054B022888BF034610B41C6818466368BA
:109338005DF8044B184700BF9C2C00200EB400B504
:1093480082B003AA52F8041B019213F0EBF802B0A2
:109358005DF804EB03B0704701F04ABD01F0E2BCD0
:109368002DE9F047884651B3914662B382460027FB
:10937800164C174E25680BE001F03AFD002810DA6C
:1093880001F0DAFD2368DAF808205B1B934210D25B
:10939800DAF800305B69B342EED0504698470028AF
:1093A800EEDB013708F8010BB945E3D13846BDE8D3
:1093B800F087012338468AF80C30BDE8F0870F465D
:1093C8003846BDE8F0871746F0E700BF6CF9002083
:1093D80049710000884200DB704730B4124C091A0A
:1093E8002368EBB1114A124D82FB032CDA179C4417
:1093F800C2EB2C4244F2A71C05FB12330D4D05FBB2
:1094080002F20CFB0322002A0CDA6FF0004313442B
:109418002360B3FBF1F201FB123330BC18447047F0
:10942800054BF5E71346F3E7609400205F0B4E8386
:109438001DF30100ECF4FFFF42CE0C1FA249A34B21
:1094480088422DE9F047A24C5E699A69D4F80C80ED
:109458001BD9A04B984240F20281C31A9E491B0AAD
:10946800A1FB031340F22761DB0903EB830303EB42
:10947800830303F2E2438B4228BF0B46A3F54877E8
:10948800964BA3FB0737FF0804E0954FB8428CBF03
:109498000E2706278D4908F01F09D1F88030B945F5
:1094A80043F0C003C1F880300CD228F01F08A1F5A2
:1094B800F82148EA0708C1F80C800B68002BFCDA91
:1094C80008F01F0916F0007324D186490C698649F3
:1094D800A14300F0EA8082F4805134464FF480556D
:1094E80014F0605F04D026F060561E43774B5E612F
:1094F80011F4405F07D022F4405274492A438A612C
:109508008B6C1A07FCD446F00076704A5661936C4F
:109518009B06FCD4754CA04200F2CE804FF0010CA3
:109528000146634603FB011203F1010E0CF101052C
:10953800A24218D8BEF1080F4FF0010340F08D8009
:10954800BCF1040F00F291800A18A24200F2A48034
:1095580005FB00F1AC4603F1010E03FB01120CF10F
:109568000105A242E6D90CF1FF318C0286EA81217D
:109578005F4810445F4A90427FD9DFF8A4A16C226B
:109588005D48584DB0FBFEF0D5F800E0B0FBFCF0AC
:10959800DFF890C10EEA0C0CD44509D042F4005211
:1095A8004FF4805CC5F800C02A602A68002AFCDAFB
:1095B800464A156905F007059D4203D01361936C6F
:1095C800DD03FCD411F4E05F09D026F4E05604F47E
:1095D800E0543E4A26435661936C9907FCD44749A8
:1095E800474A014491423CD8464BC909A3FB013183
:1095F800090B4B1E1B0286EA030212F4407F06D0B9
:1096080026F4407603F44073304A334353612F4ABB
:10961800536923F000735361936C9B06FCD43A4B57
:109628004F45A3FB00234FF0FF324FEA9343B0FBB3
:10963800F1F1B2FBF3F3354A1060354A1160354A4F
:10964800136008D228F01F08214A48EA0707D760A4
:109658001368002BFCDABDE8F087734662E712272F
:1096680018E74FF440730421C5E70CF1FF31204897
:1096780007238C02104486EA8121274ADFF8A8A034
:10968800A2FB0020020D2548362A38BF362202FBED
:1096980000F042EA0A0A74E74FEA8C24002386EABB
:1096A8008C214FF0010EAC4662E71D4686F0C0548F
:1096B80011464FF0C05313E700244FF0010C024647
:1096C80031462346E64653E700A4781F00C00F4002
:1096D800000008400046C32323B24C001F85EB510D
:1096E80000366E0100800D4040300080FFB19F269B
:1096F800808D5B00FF7EF64D00643F4D7FD1F00802
:109708007F17B42C9F10E50083DE1B43982C0020A4
:10971800942C0020D4F80020819F5E16001BB7000F
:109728006C2000807F3001800020008000B97047E5
:109738002DE9F84F01218146214C224D224E54E853
:10974800003F2A68306844E80013002BF7D11F490E
:109758004B684FF47A7BDFF878A01B1A01270BFBC4
:1097680002F8DAF80020A3FB02325A4594BF90446D
:10977800D84454E8003F2A68306844E80073002B56
:10978800F7D14B68DAF800C01B1A0BFB02F2A3FBF7
:109798000C3CBCF57A7F94BF624402F57A72A2EB66
:1097A8000802B2F57A7F06D3B9F1010908F57A788B
:1097B800DFD1BDE8F88F01F0BFFB0449D9E700BF4E
:1097C80070F900206CF9002068F90020001000E012
:1097D800D4F8002030B40F4B4FF0010C0E4D0F4C55
:1097E80053E8002F2868216843E800C2002AF7D10F
:1097F8000B4B5B680B4A5B1A4FF47A71126801FBDA
:1098080000F0A3FB023230BC8A4294BF8018401893
:10981800704700BF70F900206CF9002068F900203B
:10982800001000E0D4F80020362816D80201104BAA
:1098380003EB00109B5810B4C2685C68144205D052
:1098480061B95DF8044BC3F888207047836851B14B
:10985800084A5DF8044B1A60704770475DF8044B7E
:10986800C3F884207047044A5DF8044B1A607047B7
:10987800E810002038F001003830010036280BD8F5
:10988800064B020103EB00109A58C36892681A420B
:1098980014BF01200020704700207047E810002006
:1098A800362829D8164B0201012903EB00109A58D3
:1098B80010B45368C4680ED004290CD023EA0403FA
:1098C80053608368A9B1022917D003290CBF0D4A38
:1098D8000D4A1A6007E0234301295360836808D0C2
:1098E80040F638021A60436815225DF8044B1A6086
:1098F800704738221A60F6E77047044A1A60F2E7A0
:10990800E8100020383001003800010038F001006C
:1099180008B5FCF799FCFCF703FE01F00DFBFAE72C
:10992800844641EA000313F003036DD1403A41D362
:1099380051F8043B40F8043B51F8043B40F8043B21
:1099480051F8043B40F8043B51F8043B40F8043B11
:1099580051F8043B40F8043B51F8043B40F8043B01
:1099680051F8043B40F8043B51F8043B40F8043BF1
:1099780051F8043B40F8043B51F8043B40F8043BE1
:1099880051F8043B40F8043B51F8043B40F8043BD1
:1099980051F8043B40F8043B51F8043B40F8043BC1
:1099A80051F8043B40F8043B51F8043B40F8043BB1
:1099B800403ABDD2303211D351F8043B40F8043B51
:1099C80051F8043B40F8043B51F8043B40F8043B91
:1099D80051F8043B40F8043B103AEDD20C3205D361
:1099E80051F8043B40F8043B043AF9D2043208D059
:1099F800D2071CBF11F8013B00F8013B01D30B88CB
:109A080003806046704700BF082A13D38B078DD0A8
:109A180010F003038AD0C3F10403D21ADB071CBF7A
:109A280011F8013B00F8013B80D331F8023B20F8E4
:109A3800023B7BE7043AD9D3013A11F8013B00F81D
:109A4800013BF9D20B7803704B7843708B788370A5
:109A58006046704711F01EBC11F024BC01F1FF3CB8
:109A680070B56646002400E00134B0FBF2F502FB55
:109A78001503092B03F1370E03F130035FFA8EFE4D
:109A880098BF5FFA83FE9042284606F801EFEBD2B2
:109A9800631C0022C818CA547CB162461CF8015FD6
:109AA80010F8016DA1EB0C0302328CF80060013B49
:109AB800521A057023449A42EFDB084670BD00BF76
:109AC80000230F2248F2B82C194610B54FF4704401
:109AD8004FF4806EA0F88C414FF46044A0F88E21BA
:109AE8000A46A0F89031B0F888319BB243F0F003F1
:109AF800A0F8883101EB4103013100EB431304293D
:109B08009C80A3F806E05A841A865A805A81A3F8E2
:109B18000EC05A82DA825A83DA83EBD1B0F88831E0
:109B28009BB243F00F03A0F88831B0F888319BB29C
:109B380043F47063A0F8883110BD00BF374B384A32
:109B4800996F384841F47F0170B5996741F2010671
:109B5800D3F8801045F6C05543F226040A43C3F8EB
:109B68008020FFF7ADFF00F58040FFF7A9FF00F563
:109B78008040FFF7A5FF00F58040FFF7A1FF002216
:109B8800A0F503104FF00F0E114600EB42134FEAF9
:109B9800421C01329981042A5981A3F80EE09E8261
:109BA800DD8020F80C1019829C81EED100221E481D
:109BB8004FF00F0E41F20106114645F6C05543F22B
:109BC800260400EB42134FEA421C01329981042A11
:109BD8005981A3F80EE09E82DD8020F80C101982CE
:109BE8009C81EED1002211480F2641F20105114651
:109BF80045F6C05443F2260E00EB42134FEA421CCE
:109C080001329981042A5981DE819D82DC8020F805
:109C18000C101982A3F80CE0EED170BD00C00F4003
:109C2800000003FC00C03D4000001E4000401E40F4
:109C380072B6EFF30583524CC4F884301EF0040F5B
:109C48000CBFEFF30882EFF309824FF0E0234D4E8B
:109C58004D4DD3F8280DD3F82C1DC4E92201D3F8B3
:109C6800341DD3F8383DC4E924139369C4F89830F7
:109C7800D369C4F89C3000F0D3F884ED280A01F0C9
:109C8800FBF90B214FF0FF32C4F8A4000B46C4F8CF
:109C980080103E49301D5A40202402F00103013C47
:109CA80001FB03F383EA5202F7D1A84202D073689A
:109CB8000646EFE7324BC3F8A820BFF34F8F4FF0AB
:109CC800E0233049324AC3F8701FC3F8702FBFF33E
:109CD8004F8FBFF36F8F2F4A02252F48D36E2F491E
:109CE80043F44053D3660560D3692D4823F07F03BE
:109CF80043F04003D3610B6883423DD8264D0021D1
:109D08004FF0E0234FF0FF3229600126C5F8081113
:109D18002449C5F80011C5F80861C3F88021C3F8C3
:109D28008421C3F88821C3F88C21C3F8902101E06D
:109D380000F068F9D5F80C31002BF9D00134C5F8DA
:109D48000C614F2CF4D9184B022018494FF00042EF
:109D5800C1F840015A63D5F80C313BB9144815498C
:109D68000D4A0163D2F80C31002BFAD04FF0E023F2
:109D7800114AC3F80C2DFEE7FFF760FBBEE700BFF2
:109D880000FF272080FF2720A8FF27202083B8ED89
:109D9800A0FF272000C00F4000400840982C00205A
:109DA800803DCD0B009F240000900D4000002E4008
:109DB80000800F40F100AD0B0400FA050A490A685B
:109DC80038B108B513180948834204D810460B6007
:109DD80008BD1046704713F06DFE0C234FF0FF329C
:109DE8000360104608BD00BFF8310020000028209D
:109DF800002070474FF0FF30704700BF4FF400530A
:109E080000204B60704700BF012070474FF0FF30C3
:109E1800704700BF30BFFDE730BFFDE7FFF708BF61
:109E2800124AD2F880305B07FBD5D2F88030104850
:109E3800C3F30B230F4990ED007A07EE903A91EDAA
:109E4800006AB8EE477A0C4AF8EEE77A0B4BD2ED87
:109E5800006A77EEC77A93ED007AB8EE477A67EE34
:109E6800867A87EEA60A37EE400A704700810D40D1
:109E7800C4F80020CCF80020D0F80020C8F8002052
:109E8800836BF0B41BB1536843F40043536072B65C
:109E9800446B3CB31A4B2260D3F8B0410C421DD13D
:109EA800184E776804E07468E41BB4F5166F0BD29B
:109EB800D3F8404144F48044C3F84041D3F8B85142
:109EC800D3F840416404EED50D4007D10C4CC0E9ED
:109ED8000225D4F8B0310B43C4F8B031426362B6FE
:109EE800F0BC7047064DC0E90224D5F8B0310B43E9
:109EF800C5F8B0310263426362B6F0BC704700BF78
:109F080000002E40001000E070B5056B9DB10646BC
:109F18002A46002403E012680134012A0CD0536851
:109F280013F08003F7D032632CB12846B36B2D6849
:109F38009847013CF9D170BDC6E90C33F4E700BF7E
:109F480030B4D9B91F4C204B0021204A01254FF0CD
:109F5800011099601D60C4E9023180245C60C2F878
:109F6800BC01D2F8B0311A482B43C2F8B0310160B5
:109F7800D2F8B031002BFBD130BC70470904154B27
:109F8800104C012541F080019860104A596000F595
:109F980080511D60D96000F50051A364196100F576
:109FA800405100F58040596100219861E164D2F880
:109FB800B03143F48033C2F8B031D2F8B031002B5D
:109FC800FBD1C0E700000020C042002000002E4066
:109FD80094EE0020E0420020084901220B7802FAA2
:109FE80000F023EA0000087030B9054AD2F8483179
:109FF80023F08003C2F84831704700BF64FA00209C
:10A0080000002E402DE9F04F974C83B0D4F84471EE
:10A01800FB07C4F8447153D5D4F8AC21002A4AD0C0
:10A02800924EDFF860A2DFF87492DFF874B2DFF8BE
:10A038007482C4F8AC21D6E90A20D4F8403143F43C
:10A048000053C4F84031D4F840319D04F5D5D4F814
:10A05800403123F40053C4F840314FF00113C4F8E1
:10A06800B431D4F8B45115F00115FAD193B284463D
:10A07800CAF80050B3F5086F00F0CF8100F2DB801A
:10A0880040F202318B4200F0E78100F29A80822B85
:10A0980000F0CB81B3F5817F40F08A8010F0780F13
:10A0A80083B200F003824FF00113C4F8C031D4F832
:10A0B800AC21002ABDD16C4AD2F8BC31002B42D168
:10A0C8007E0616D5684BD3F8AC21C3F8AC21D3F87B
:10A0D800BC21C3F8BC21D3F8B041002CFBD14FF010
:10A0E800FF32C3F8B421D3F8843100F029FD604B66
:10A0F8001C60FC0103D55F4B1B6803B19847B8018E
:10A1080003D55D4B1B6803B19847790708D5564BB3
:10A11800D3F8843113F4007347D0584B01221A70D6
:10A12800514BD3F848311A060AD53B0608D5544A8C
:10A1380013782BB1013BDBB21370002B00F0728255
:10A1480003B0BDE8F08F4F49C2F8BC31086803423C
:10A1580040F0D181464A14681C40B1D05FEA1448E7
:10A1680010D0424E4FF0010998FAA8F5B5FA85F5D6
:10A1780006EBC51009FA05F54030FFF7C5FE38EAC9
:10A188000508F1D1A4B2002C9AD0384E4FF001083E
:10A1980094FAA4F5B5FA85F506EBC51008FA05F5A5
:10A1A800FFF7B2FEAC43F3D18AE7344A1370B7E73E
:10A1B800802B7FF478AF344802210580FFF7C0FE7A
:10A1C80075E7B3F5A06F00F00B81A3F5D063012B01
:10A1D8003FF669AF2D4B5D68002D3FF464AF1FFA61
:10A1E8008CFC4FEA124E04E01D690C33002D3FF43D
:10A1F8005AAF1A887245F7D15A886245F4D14FEAA6
:10A208001E22032A00F0A5811A89000C824228BF69
:10A218000246BEF5007F40F0A181184B1C49187812
:10A228001C4B0192002818BF19461B48FFF778FB02
:10A23800194D019AE1E142F221218B427CD033D9B8
:10A2480042F221318B4200F081804FF6C0018B42EF
:10A258007FF429AF10F47F4F83B27FF424AF43F427
:10A268006E4363F30F0CB5E700002E40000000209A
:10A2780098EE0020F4F90020F8F900206AFA00208E
:10A288006BFA002094EE00206CF8002034250020A2
:10A2980044210060A8210060000020208CEE0020EE
:10A2A8005DCFC6B8C0012E40B3F5106F66D042F23C
:10A2B80021018B427FF4F7AE030C072B7FF4F3AE3A
:10A2C800B24BB349F560D960B249B360C3F808909E
:10A2D800C1E9002001221A60AF4A5A60AF4A1A61E8
:10A2E800D4F8B01141F00101C4F8B01102F5805161
:10A2F80002F5005259619A61D4F8B031002BFBD1B4
:10A30800A74AF36493600123B264136048F28003A0
:10A3180053604FF00113C4F8BC31D4F8B03143F4A2
:10A328008033C4F8B0314FF48033CAF80030D4F821
:10A33800B031002BFBD1BAE680B238B9994BC2F3E1
:10A3480007421968984B1960984B1A70944B002271
:10A358009A60F2640122B3641A6080225A604FF056
:10A368000113C4F8BC31D4F8B03143F48033C4F8D5
:10A37800B031D4F8B031002BFBD198E6C2F30742D4
:10A388008B4B1A708B4BC4F8C8318B4BC4F8CC314B
:10A398008A4BC4F8D03100F0D5FB80222946884882
:10A3A80012F050FA874B8022C6F8A0B0C6F8E03009
:10A3B8007B4BF5645A600122B3649D601A604FF0CC
:10A3C8000113C4F8BC31D4F8B03143F48033C4F875
:10A3D800B031CAF80050D4F8B031002BFBD166E692
:10A3E8006F4B0121F564196080219D60B364596049
:10A3F8004FF00113C4F8BC31D4F8B03143F48033C2
:10A40800C4F8B031D4F8B031002BFBD1130C5B0683
:10A4180043F08073C4F8543149E6654B01216A481A
:10A428001B780370FFF78CFD41E683B210F07800CB
:10A438007FF439AE03F07F0258F82210624A108088
:10A44800180600F19E80CB0701D501231370022165
:10A458005D48FFF775FD2AE610F0780F83B27FF4A8
:10A4680022AE03F07F0213F0800F58F8223014BF99
:10A4780043F4803343F0010348F822300022484B6C
:10A48800F2649A600122B3641A6080225A604FF025
:10A498000113C4F8BC31D4F8B03143F48033C4F8A4
:10A4A800B031D4F8B031002BFBD100E603F07F02C5
:10A4B80013F0800F58F8223014BF23F4803323F0B0
:10A4C800010348F822300022354BF2649A600122D9
:10A4D800B3641A6080225A604FF00113C4F8BC318B
:10A4E800D4F8B03143F48033C4F8B031D4F8B03183
:10A4F800002BFBD1DBE50020086026490C88486862
:10A5080042F221018C427FF425AE80B200287FF40C
:10A5180021AE2E492E4C03C9A18086284FEA11414D
:10A528002060A1717FF416AE72B62A48017841F016
:10A5380008010170D2F848110D0605D480200143A6
:10A54800C2F84401C2F8481162B6234A502111707A
:10A5580000E6000C2A78824228BF0246BEF5E06F6A
:10A5680044D11E4B1E4D18781E491F4B01920028DE
:10A5780018BF19462846FFF7D3F907236B70019ACD
:10A588003BE0C9033FF561AF61E700BFE04200204F
:10A598008CFE0020588A0020800007008C0E0120C5
:10A5A800C04200206CF90020F0F9002068FA002071
:10A5B80069FA00200200CC00C80002000200C800AE
:10A5C800800000201993D5746CF800208CEE0020D0
:10A5D800E8F9002064FA00206BFA00206AFA0020EB
:10A5E80000002020A8210060442100602946104D69
:10A5F80001922846FFF794F9019A25F01F031544A4
:10A60800BFF34F8F4FF0E021C1F8703F20339D42D8
:10A61800FAD8BFF34F8FBFF36F8F05481146FFF786
:10A628008FFC44E50320FFF7D7FC1AF075FB00BF49
:10A63800000020202DE9F0471F46831E022B01D978
:10A64800BDE8F087DFF84C9015460C463C2209EB34
:10A65800C01806464FEAC01A002108F10400240475
:10A6680012F0F0F8B5FA85F20123520944EA42746F
:10A6780049F80A40C8F83870C8F80830002FDFD009
:10A68800034AB34011680B431360BDE8F08700BF6D
:10A6980098EE0020000000202DE9F0470D46811EAD
:10A6A800022901D9BDE8F087C701DFF84C9092462E
:10A6B800044640373C2200211E4609EB07082D04BA
:10A6C80008F1040012F0BEF8BAFA8AF2520945EA13
:10A6D800427249F807200122C8F83860C8F80820F3
:10A6E800002EDFD0034B10341968A2400A431A60C9
:10A6F800BDE8F08798EE0020000000201204816079
:10A70800C36101F5405342F0800210B40124426055
:10A7180001F50052046001F5805401F58041C460E0
:10A7280081615DF8044BC0E904237047831E0A4623
:10A73800022B00D97047064B00F110014FF0010CB5
:10A7480003EBC0100CFA01F14030FFF799BB00BFD2
:10A7580000000020831E0A46022B00D97047012101
:10A76800024B814003EBC010FFF78ABB00000020BA
:10A7780040687047124A134BD2F8200220F07F40FD
:10A78800984210B584B002D200EB800040000E4C15
:10A7980001A90A22FFF762F901A90023204611F84E
:10A7A800012B01333AB10A2B20F8022FF7D11623D7
:10A7B800237004B010BD5B00DBB2237004B010BD81
:10A7C80000441F4080969800B83C002000F0D8BA9A
:10A7D80000F0CABA00F066BB00F03CBB0846114660
:10A7E80000F02CBBF8B5144C4FF0E025134E4FF495
:10A7F800003204EB4024124F06EB40160346C5F81E
:10A808008C2121463A883046FFF778FF3B8823445D
:10A81800BFF34F8FC5F85C4F2034A342FAD8BFF37B
:10A828004F8FBFF36F8F03203146FFF793FF4FF42D
:10A838000033C5F80C31F8BD80002020004300200B
:10A848004CFA0020244B2DE9F0411C884368C56967
:10A85800C3F30E43E41A002C24DD204920480A786B
:10A868000078D3B21F4E82421F4807D010F80380E9
:10A8780036F81870C7F50072944218D901330022CF
:10A8880026F81540082B194E88BF134626F81520C0
:10A8980098BFDAB2C554164B0A701A6814441C6083
:10A8A800BDE8F0812846BDE8F041FFF79BBF07EB04
:10A8B8004820104922462744084401EB4521FFF768
:10A8C8002FF80B4A284626F8187013682344BDE869
:10A8D800F0411360FFF786BF4CFA002061FA0020B0
:10A8E80062FA002098F80020B8F80020A8F80020A4
:10A8F80094F80020800020201D4B1A78002A36D1B9
:10A9080002F0FF031B4A12788AB32DE9F0411A4D71
:10A918002A8852B3194EC2F50068194F3278194C7B
:10A9280007EB421704EBC224424638462146FFF79C
:10A93800E5FE04EB0802BFF34F8F4FF0E023C3F8A6
:10A94800704F2034A242FAD8BFF34F8FBFF36F8FF6
:10A9580004203946FFF7EAFE33780133DBB2032BD4
:10A9680088BF0023337000232B80BDE8F081704737
:10A9780067FA002069FA00204EFA002066FA0020E3
:10A9880000440020801020202DE9F04F85B0CDE94B
:10A998000110002900F0BF800023604CDFF8988187
:10A9A800DFF898A15E4F009301235E4A23705E4B47
:10A9B8001978B8F8003002EB4119002B40F0A78055
:10A9C8001E461D469B464846FFF7D2FE10F0800003
:10A9D80000F08C80BFF34F8F9AF8003084F800B0F5
:10A9E80005B93E68002B7DD13B689B1B782B00F294
:10A9F80087804E4B1B78002B74D000F09DFA012203
:10AA0800B8F8003015462270002BDCD0464AC3F552
:10AA1800006011781A4600EBC120454DC902284450
:10AA2800019D954217D20393DDE901512A46FEF7AD
:10AA380077FF039B4FF040425B1BA8F800303D4B6B
:10AA4800C3F88420BFF34F8F009800232844237055
:10AA580005B0BDE8F08F364BCD180299FEF760FFC0
:10AA680000234FF4006229464846FFF747FEBFF32C
:10AA78004F8F05F1200205F50063934234BF01238F
:10AA880040234FF0E02205EB4313C2F8705F2035F6
:10AA9800AB42FAD1BFF34F8FBFF36F8F0420494603
:10AAA800FFF744FE204A13780133DBB2032B84BF3F
:10AAB80000231D4A1370B8F80030019AD11A009A81
:10AAC8001A4401910092029A1A4400230292194AE8
:10AAD800A8F80030C2F88430BFF34F8F23700029E4
:10AAE8007FF462AF009805B0BDE8F08F4FF40062C4
:10AAF8000D4B8AF8000019781346A8F800208AE759
:10AB0800012300988AF8003005B0BDE8F08F1A4696
:10AB1800C3F500607FE70198E5E700BF67FA00200A
:10AB28006CF900200044002066FA002069FA002031
:10AB38008010202000002E404EFA002065FA0020E8
:10AB4800704700BF2D4B002180222D4870B51B781F
:10AB580000242C4D8B422C4E0CBF40234FF4007325
:10AB68002B80338011F06EFE284A2146284B147042
:10AB78004FF4807227481C8011F064FE264A102189
:10AB8800264B0220C2E90044C2E90244244AC3E930
:10AB980000441470234AC3E90244234B1C70234623
:10ABA80014602246FFF778FD2246318803201F4BA8
:10ABB800FFF740FD2346012229880420FFF76CFD9A
:10ABC80020460134FFF70EFE082CF9D1184B00215E
:10ABD8004A221848184C0460C3F88410C3F880202F
:10ABE800D3F84821154942F08072C3F8482121B1B1
:10ABF800134A137843F00103137070BD6AFA0020FA
:10AC08000044002050FA00204CFA002066FA002088
:10AC18004EFA00200043002098F80020A8F80020F1
:10AC280061FA002094F8002062FA002035860000BE
:10AC380000002E40F4F90020E98600000000000022
:10AC48006CFA00202DE9F04F4FF0E0234FF400326A
:10AC5800DFF8C8A083B0C3F88C218B469AF800406F
:10AC680000294FD08046E4B20027DFF8B490264B85
:10AC7800ABEB070225491B78A34204F101043FD03E
:10AC8800092C234B404628BF00241E5D39F816C006
:10AC98000CEB462319441F4B33F81650A5EB0C0553
:10ACA800AA421CD20CEB462C18491B4C6144019259
:10ACB800FEF736FE216839F816505846019AA1EB7E
:10ACC8000B012A44394429F8162021604FF0E0236B
:10ACD8004FF40032C3F80C2103B0BDE8F08F2A46C8
:10ACE8002F44FEF71DFE0C49E3B230460A68A8441B
:10ACF800521B0A608AF80030FFF774FDBB45B6D8CE
:10AD08003846E3E70846E1E761FA002080002020A2
:10AD1800B8F8002098F8002094F8002062FA002083
:10AD2800A8F800200B4B0C4A12781978D3B28A4243
:10AD38000DD0013309480A4A092B0A4928BF0023C4
:10AD4800C35C31F8131002EB4323585C70474FF093
:10AD5800FF30704761FA002062FA0020B8F800203E
:10AD680080002020A8F80020044B10B51C680CB106
:10AD7800204610BD00F0E0F8204610BD94F80020F1
:10AD88002DE9F84F144E154D33782A78934221D087
:10AD9800DCB2DFF85090DFF850B0DFF85080104F89
:10ADA8000134082C5FFA84FA01D90024A24619F864
:10ADB8000400DBF8003038F8102037F81010521A69
:10ADC8009B1ACBF80030FFF70DFD86F800A02B7812
:10ADD800A342E5D1BDE8F88F62FA002061FA0020AD
:10ADE800A8F80020B8F8002094F8002098F800206F
:10ADF80000B583B001210DF10700FFF723FF20B153
:10AE08009DF8070003B05DF804FB4FF0FF30F9E749
:10AE1800094B00B583B01B788DF807003BB10121C1
:10AE28000DF10700FFF7B0FD03B05DF804FB03F078
:10AE3800FF0003B05DF804FB69FA0020044B1B789F
:10AE480003F0FF020BB1FFF79FBD1046704700BF2C
:10AE580069FA00202DE9F0410024DFF8448001233D
:10AE68000D4D27460D4E88F800303378284620359A
:10AE7800A34204F1010405D0FFF77AFC030658BF8A
:10AE880007F50067042CF0D1BFF34F8F0023384635
:10AE980088F80030BDE8F0810044002066FA002000
:10AEA80067FA00202DE9F8431D4B1B7813B11D4D9F
:10AEB8002A880AB9BDE8F8831B4EC2F500691B4908
:10AEC80033784A461A4C01EB43181A4F04EBC32453
:10AED800012340463B7021460023FFF70FFC04EB9B
:10AEE8000902BFF34F8F4FF0E023C3F8704F2034AF
:10AEF800A242FAD8BFF34F8FBFF36F8F04204146A9
:10AF0800FFF714FC33780133DBB2032B88BF00232F
:10AF1800337000232B80BFF34F8F3B70BDE8F8835D
:10AF280069FA00204EFA002066FA0020004400204A
:10AF38008010202067FA00202DE9F8432D4B1E7859
:10AF480066B12D4F3B784BB90123F1073B7043D4D1
:10AF5800B20726D400233B70730701D4BDE8F883F9
:10AF6800264B1A68002AF9D0EFF30582002AF5D19A
:10AF7800EFF3108572B61868002834D0204C217879
:10AF8800002930D10122227042691A60002A2ED08D
:10AF9800916105B962B600258368457798472570A1
:10AFA800DCE7DFF8648098F80030002BD2D0002569
:10AFB800DFF858902B4659F823400135236820467E
:10AFC8001B69984710B163699B68984798F80020F7
:10AFD800EBB29A42EFD8BDE7FFF7C6FE0028B7D01C
:10AFE800AFF30080B4E7002DB8D162B6B6E7054BE1
:10AFF8001A60CEE76CFA00205BFA0020A0950020CA
:10B0080059FA0020AC9500205AFA0020B09500208B
:10B0180070B5EFF3108272B60C4C206880B10C4EFC
:10B0280000254369236073B19D6102B962B68368E4
:10B0380045779847EFF3108272B620680028F0D160
:10B0480002B962B670BD3360EFE700BFA895002073
:10B05800A4950020FFF7DCBF0449054A4968054B61
:10B068001960136801331360704700BF001000E0D7
:10B078006CF9002068F90020074A506A936A19465B
:10B088008446506A936A9942F9D18445F7D1DB0B1B
:10B0980043EA4040704700BF00400D4008B5D0E982
:10B0A80000325BB1BAB10F4BA3FB0213DB0803EB11
:10B0B8004303B2EB83030AD1012008BD094BA3FB6C
:10B0C8000213DB0803EB4303B2EB830301D0D21A6C
:10B0D8004260F02AF0D812F0EDFC1C220346002052
:10B0E8001A6008BDABAAAAAA70B5044638B319B14C
:10B0F800B2FA82F67609A2B9206800B36268F2B1A2
:10B10800184B194902FB03F3B1EBB30F17D3A3682C
:10B11800E3B90022012322606260A260E26018465F
:10B1280070BD1D46049BC0E90012C360FFF7B6FF5F
:10B1380003460028F3D06DB90123184670BD12F0FC
:10B14800B9FC162200230260184670BD002111F0D8
:10B1580079FBDEE7626831462068A56011F072FB72
:10B168000123DCE7ABAAAAAA55555515034608469C
:10B17800194610F0EBBE00BF044B1A680AB1034829
:10B188007047034A014812681A60704798310020D6
:10B19800F0350020024A034B12681A60704700BF5E
:10B1A800F03500209831002008F084BC08F086BCF7
:10B1B800044B1A680AB103487047034A01481268E9
:10B1C8001A607047A8350020F4350020B8B170B572
:10B1D8000D46082105F10806284601F0F3FC082170
:10B1E8000644C5F10805304601F0ECFC0821441876
:10B1F8003444204601F0E6FC0544281970BD704728
:10B2080038B50C4671B1054601F0F0FA04F10801B1
:10B21800284601F0EBFA04F110012846BDE8384051
:10B2280001F0E4BA084638BD98B138B50D46044671
:10B2380090ED000B084601F037F9284694ED020B13
:10B2480001F032F9284694ED040BBDE8384001F0CE
:10B258002BB9704790B10821002038B501F0B2FC35
:10B2680008214518284601F0ADFC082144182C4453
:10B27800204601F0A7FC0830204438BD704700BFC5
:10B2880038B50821002001F09DFC08214518284602
:10B2980001F098FC082144182C44204601F092FC47
:10B2A8000830204438BD00BF70B501230C46082182
:10B2B8000370204601F086FC04F108030821C4F15C
:10B2C8000804C618304601F07DFC082145183544AD
:10B2D800284601F077FC2044284470BD0048704798
:10B2E8005031002038B50D460121044601F01EFCFE
:10B2F80048B1A36801211D70A26823690A446175D9
:10B308000B44A2602361A07D80F0010038BD00BF1E
:10B3180038B50D460121044601F008FC60B1A26869
:10B328000121236912F8010B0B44003818BF0120D2
:10B338002870A26023616175A07D80F0010038BD8E
:10B3480038B50D460121044601F0F0FB48B1A36869
:10B3580001211D70A26823690A4461750B44A2602B
:10B368002361A07D80F0010038BD00BF38B50D46CF
:10B378000121044601F0DAFB50B1A36801211B78D2
:10B388002B70A26823690A4461750B44A26023618B
:10B39800A07D80F0010038BD2DE9F0410B4682B058
:10B3A80004460221ADF8063001F014FC014620469F
:10B3B800677D01F057FC0221204601F0ABFB78BB0A
:10B3C800D4E90135AB4226D95E1BA3602369204628
:10B3D800C6F1020833444146236101F0A7FB002867
:10B3E8003BD0237D012B4AD09DF807302B70002ECF
:10B3F80040D09DF806306B7023690221A268A07DB9
:10B408000233424461759B1B80F00100A2602361F6
:10B4180002B0BDE8F0810221204601F087FB90B11F
:10B42800237D012BA36814D09DF807109DF80620F2
:10B438001970A3685A700221A26823690A446175C9
:10B448000B44A2602361A07D80F0010002B0BDE83A
:10B45800F081BDF806201A80EDE7A2682369A07D77
:10B46800921B9B1B677580F00100A260236102B0EC
:10B47800BDE8F081A3689DF806201A70BCE728464D
:10B488000DF1060532462946FEF74AFA4246A91941
:10B49800A068FEF745FAAFE72DE9F043044683B00C
:10B4A8000D460221ADF8062001F094FB0146204626
:10B4B80094F8158001F0D6FB0221204601F02AFB02
:10B4C80070BBD4E90167BE4225D923692046A6602E
:10B4D800F61B3344C6F102092361494601F026FBF5
:10B4E800002839D0012D4AD09DF807303B70002E36
:10B4F80040D09DF806307B7023690221A268A07DA8
:10B5080002334A4461759B1B80F00100A2602361ED
:10B5180003B0BDE8F0830221204601F007FB88B1A3
:10B52800012DA36814D09DF807109DF80620197006
:10B53800A3685A700221A26823690A4461750B4402
:10B54800A2602361A07D80F0010003B0BDE8F08314
:10B55800BDF806201A80EDE7A2682369A07D921B3A
:10B568009B1B84F8158080F00100A260236103B062
:10B57800BDE8F083A3689DF806201A70BCE70DF1BA
:10B588000605324638462946FEF7CAF94A46A91939
:10B59800A068FEF7C5F9AFE72DE9F84304460D4664
:10B5A800022101F017FB0146204694F8158001F0AE
:10B5B80059FB0221204601F0ADFA60BBD4E90167CE
:10B5C800BE4223D923692046A660F61B3344C6F140
:10B5D80002092361494601F0A9FA002834D0237DE5
:10B5E800012B42D07B782B70002E3AD03B786B70C1
:10B5F80023690221A2680233A07D4A4461759B1B1E
:10B6080080F00100A2602361BDE8F8830221204692
:10B6180001F08CFA80B1237D012BA36811D05B78EF
:10B628002B70A3681B786B700221A26823690A44F7
:10B6380061750B44A2602361A07D80F00100BDE824
:10B64800F8831B882B80EFE7A2682369921BA07DF3
:10B658009B1B84F8158080F00100A2602361BDE87F
:10B66800F883A3681B786B70C2E7394632462846D0
:10B67800FEF756F94A46A819A168FEF751F9B7E747
:10B688002DE9F04704460E460221154601F0A2FABC
:10B698000146204694F8158001F0E4FA022120467C
:10B6A80001F038FA70BBD4E901794F4525D92369EF
:10B6B8002046A760A7EB09073B44C7F1020A2361AC
:10B6C800514601F033FA002834D0012E43D099F8BE
:10B6D80001302B70002F3AD099F800306B70236935
:10B6E8000221A2680233A07D52446175DB1B80F001
:10B6F8000100A2602361BDE8F0870221204601F025
:10B7080015FA78B1012EA36811D05B782B70A36865
:10B718001B786B700221A26823690A4461750B4487
:10B72800A2602361A07D80F00100BDE8F0871B883E
:10B738002B80EFE7A2682369D21BA07DDB1B84F86E
:10B74800158080F00100A2602361BDE8F087A3683E
:10B758001B786B70C3E749463A462846FEF7E0F87F
:10B768005246E819A168FEF7DBF8B8E72DE9F04181
:10B7780082B004460191042101F02CFA01462046CA
:10B78800677D01F06FFA0421204601F0C3F9002813
:10B7980039D1D4E90135AB4230D95E1BA3602369A6
:10B7A8002046C6F1040833444146236101F0BEF93E
:10B7B80000284CD0237D012B63D09DF807302B70D7
:10B7C800002E51D09DF80630012E6B7050D09DF898
:10B7D8000530022EAB704FD09DF80430EB70236912
:10B7E8000421A268A07D0433424461759B1B80F04C
:10B7F8000100A260236102B0BDE8F0810421204667
:10B8080001F094F9D0B1237D012BA3681CD09DF8D9
:10B8180007009DF806209DF805101870A3685A7057
:10B82800A3689DF804209970A368DA700421A268BF
:10B8380023690A4461750B44A2602361A07D80F0EE
:10B84800010002B0BDE8F081019A1A60EEE7A26833
:10B858002369A07D921B9B1B677580F00100A26085
:10B86800236102B0BDE8F081A3689DF806201A7034
:10B87800A3689DF805201A70A3689DF804201A7023
:10B88800ADE7284601AD32462946FEF749F842465B
:10B89800A919A068FEF744F8A1E700BF2DE9F04315
:10B8A800044683B00D460421019201F093F9014644
:10B8B800204694F8158001F0D5F90421204601F0BE
:10B8C80029F9002838D1D4E90176B7422FD923695C
:10B8D8002046A760BF1B3B44C7F1040923614946C2
:10B8E80001F024F900284AD0012D63D09DF80730D3
:10B8F8003370002F51D09DF80630012F737050D04F
:10B908009DF80530022FB3704FD09DF80430F370C6
:10B9180023690421A268A07D04334A446175DB1BB6
:10B9280080F00100A260236103B0BDE8F083042128
:10B93800204601F0FBF8C8B1012DA3681CD09DF882
:10B9480007009DF806209DF805101870A3685A7026
:10B95800A3689DF804209970A368DA700421A2688E
:10B9680023690A4461750B44A2602361A07D80F0BD
:10B97800010003B0BDE8F083019A1A60EEE7A268FF
:10B988002369A07DD21BDB1B84F8158080F00100A1
:10B99800A260236103B0BDE8F083A3689DF8062088
:10B9A8001A70A3689DF805201A70A3689DF80420F2
:10B9B8001A70ADE701AD3A4630462946FDF7B0FFAB
:10B9C8004A46E919A068FDF7ABFFA1E72DE9F8435E
:10B9D80004460D46042101F0FDF80146204694F87E
:10B9E800158001F03FF90421204601F093F8002862
:10B9F80038D1D4E90176B7422FD923692046A76008
:10BA0800BF1B3B44C7F104092361494601F08EF886
:10BA1800002846D0237D012B5CD0F3782B70002FB3
:10BA28004CD0B378012F6B7005F102034AD07378BC
:10BA3800022FAB7005F1030348D03378EB7023690C
:10BA48000421A2680433A07D4A446175DB1B80F0A1
:10BA58000100A2602361BDE8F8830421204601F0BB
:10BA680065F8B0B1237D012BA36817D0DB782B7064
:10BA7800A3689B786B70A3685B78AB70A3681B782E
:10BA8800EB700421A26823690A4461750B44A26023
:10BA98002361A07D80F00100BDE8F8831B682B605E
:10BAA800EFE7A2682369D21BA07DDB1B84F8158011
:10BAB80080F00100A2602361BDE8F883A3689B7849
:10BAC8006B70AB1CA268527803F8012BA26812783D
:10BAD8001A70B4E731463A462846FDF721FF4A4630
:10BAE800E819A168FDF71CFFA9E700BF2DE9F04799
:10BAF80004460E460421154601F06CF8014620461E
:10BB080094F8158001F0AEF80421204601F002F8FF
:10BB180000283CD1D4E90137BB4233D9A3EB07094C
:10BB2800A36023692046C9F1040A4B4451462361A6
:10BB380000F0FCFF002848D0012E61D0FB782B7064
:10BB4800B9F1000F50D0BB78B9F1010F6B7005F156
:10BB580002034DD07B78B9F1020FAB7005F10303F6
:10BB68004AD03B78EB7023690421A2680433A07D96
:10BB780052446175A3EB090380F00100A2602361C0
:10BB8800BDE8F0870421204600F0D0FFA8B1012EBF
:10BB9800A36817D0DB782B70A3689B786B70A368B9
:10BBA8005B78AB70A3681B78EB700421A2682369EB
:10BBB8000A4461750B44A2602361A07D80F00100F6
:10BBC800BDE8F0871B682B60EFE7A2682369A2EB4A
:10BBD8000902A07DA3EB090384F8158080F0010019
:10BBE800A2602361BDE8F087A3689B786B70AB1CEB
:10BBF800A268527803F8012BA26812781A70B2E78B
:10BC080039464A462846FDF78BFE524605EB0900A1
:10BC1800A168FDF785FEA6E72DE9F041044682B04C
:10BC28000821CDE9002300F0D5FF01462046677DB5
:10BC380001F018F80821204600F06CFF00284ED1CA
:10BC4800D4E90135AB4245D95E1BA3602369204680
:10BC5800C6F1080833444146236100F067FF002815
:10BC680074D0237D012B00F09B809DF807302B704A
:10BC7800002E78D09DF80630012E6B7077D09DF895
:10BC88000530022EAB7076D09DF80430032EEB7091
:10BC980075D09DF80330042E2B7174D09DF80230B6
:10BCA800052E6B7173D09DF80130062EAB7172D0E2
:10BCB8009DF80030EB7123690821A268A07D083344
:10BCC800424461759B1B80F00100A260236102B0B1
:10BCD800BDE8F0810821204600F028FF50B3237DFD
:10BCE800012B2DD0A3689DF807009DF806209DF82C
:10BCF80005101870A3685A70A3689DF804209DF871
:10BD080003009970A368DA70A3689DF802209DF873
:10BD180001101871A3685A71A3689DF800209971E1
:10BD2800A368DA710821A26823690A4461750B4483
:10BD3800A2602361A07D80F0010002B0BDE8F0811F
:10BD48006B46A26803CB10605160EBE7A2682369D9
:10BD5800A07D921B9B1B677580F00100A260236188
:10BD680002B0BDE8F081A3689DF806201A70A368A8
:10BD78009DF805201A70A3689DF804201A70A3681E
:10BD88009DF803201A70A3689DF802201A70A36812
:10BD98009DF801201A70A3689DF800201A708AE7A0
:10BDA80028466D4632462946FDF7BAFD4246A9198E
:10BDB800A068FDF7B5FD7EE738B50D4601210446BC
:10BDC80000F0B4FE48B1A36801211D70A268236980
:10BDD8000A4461750B44A2602361A07D80F00100D4
:10BDE80038BD00BF38B50D460121044600F09EFE5F
:10BDF80050B1A36801211B782B70A26823690A44FB
:10BE080061750B44A2602361A07D80F0010038BDFC
:10BE18002DE9F0410B4682B004460221ADF8063008
:10BE280000F0D8FE01462046677D00F01BFF022186
:10BE3800204600F06FFE78BBD4E90135AB4226D925
:10BE48005E1BA36023692046C6F1020833444146BD
:10BE5800236100F06BFE00283BD0237D012B4AD0E4
:10BE68009DF807302B70002E40D09DF806306B707F
:10BE780023690221A268A07D0233424461759B1B9D
:10BE880080F00100A260236102B0BDE8F0810221C8
:10BE9800204600F04BFE90B1237D012BA36814D0FF
:10BEA8009DF807109DF806201970A3685A700221A2
:10BEB800A26823690A4461750B44A2602361A07DCE
:10BEC80080F0010002B0BDE8F081BDF806201A80BC
:10BED800EDE7A2682369A07D921B9B1B677580F024
:10BEE8000100A260236102B0BDE8F081A3689DF85B
:10BEF80006201A70BCE728460DF106053246294689
:10BF0800FDF70EFD4246A919A068FDF709FDAFE748
:10BF18002DE9F84304460D46022100F05BFE014678
:10BF2800204694F8158000F09DFE0221204600F07E
:10BF3800F1FD60BBD4E90167BE4223D923692046DD
:10BF4800A660F61B3344C6F102092361494600F096
:10BF5800EDFD002834D0237D012B42D07B782B7057
:10BF6800002E3AD03B786B7023690221A268023315
:10BF7800A07D4A4461759B1B80F00100A26023618B
:10BF8800BDE8F8830221204600F0D0FD80B1237D72
:10BF9800012BA36811D05B782B70A3681B786B709A
:10BFA8000221A26823690A4461750B44A2602361D7
:10BFB800A07D80F00100BDE8F8831B882B80EFE7A7
:10BFC800A2682369921BA07D9B1B84F8158080F0D2
:10BFD8000100A2602361BDE8F883A3681B786B7039
:10BFE800C2E7394632462846FDF79AFC4A46A81960
:10BFF800A168FDF795FCB7E72DE9F04182B004464A
:10C008000191042100F0E6FD01462046677D00F01D
:10C0180029FE0421204600F07DFD002839D1D4E90D
:10C028000135AB4230D95E1BA36023692046C6F1B7
:10C03800040833444146236100F078FD00284CD0C1
:10C04800237D012B63D09DF807302B70002E51D033
:10C058009DF80630012E6B7050D09DF80530022EE9
:10C06800AB704FD09DF80430EB7023690421A268AF
:10C07800A07D0433424461759B1B80F00100A260DF
:10C08800236102B0BDE8F0810421204600F04EFD96
:10C09800D0B1237D012BA3681CD09DF807009DF823
:10C0A80006209DF805101870A3685A70A3689DF8BB
:10C0B80004209970A368DA700421A26823690A44ED
:10C0C80061750B44A2602361A07D80F0010002B07D
:10C0D800BDE8F081019A1A60EEE7A2682369A07DA5
:10C0E800921B9B1B677580F00100A260236102B060
:10C0F800BDE8F081A3689DF806201A70A3689DF832
:10C1080005201A70A3689DF804201A70ADE7284628
:10C1180001AD32462946FDF703FC4246A919A0683D
:10C12800FDF7FEFBA1E700BF2DE9F84304460D46E5
:10C13800042100F04FFD0146204694F8158000F0D8
:10C1480091FD0421204600F0E5FC002838D1D4E90F
:10C158000176B7422FD923692046A760BF1B3B440D
:10C16800C7F104092361494600F0E0FC002846D0E5
:10C17800237D012B5CD0F3782B70002F4CD0B37843
:10C18800012F6B7005F102034AD07378022FAB7050
:10C1980005F1030348D03378EB7023690421A268C2
:10C1A8000433A07D4A446175DB1B80F00100A26066
:10C1B8002361BDE8F8830421204600F0B7FCB0B144
:10C1C800237D012BA36817D0DB782B70A3689B789D
:10C1D8006B70A3685B78AB70A3681B78EB70042165
:10C1E800A26823690A4461750B44A2602361A07D9B
:10C1F80080F00100BDE8F8831B682B60EFE7A268B8
:10C208002369D21BA07DDB1B84F8158080F0010018
:10C21800A2602361BDE8F883A3689B786B70AB1CB0
:10C22800A268527803F8012BA26812781A70B4E752
:10C2380031463A462846FDF773FB4A46E819A16895
:10C24800FDF76EFBA9E700BF2DE9F043044683B074
:10C258000D4604218DED010A00F0BCFC0146204684
:10C2680094F8158000F0FEFC0421204600F052FCF2
:10C27800002838D1D4E90176B7422FD9236920465E
:10C28800A760BF1B3B44C7F104092361494600F07E
:10C298004DFC00284AD0012D63D09DF8073033703B
:10C2A800002F51D09DF80630012F737050D09DF8A3
:10C2B8000530022FB3704FD09DF80430F370236916
:10C2C8000421A268A07D04334A446175DB1B80F019
:10C2D8000100A260236103B0BDE8F0830421204679
:10C2E80000F024FCC8B1012DA3681CD09DF80700FC
:10C2F8009DF806209DF805101870A3685A70A36869
:10C308009DF804209970A368DA700421A268236953
:10C318000A4461750B44A2602361A07D80F001008E
:10C3280003B0BDE8F083019A1A60EEE7A2682369BA
:10C33800A07DD21BDB1B84F8158080F00100A26071
:10C34800236103B0BDE8F083A3689DF806201A7046
:10C35800A3689DF805201A70A3689DF804201A7038
:10C36800ADE701AD3A4630462946FDF7D9FA4A46C7
:10C37800E919A068FDF7D4FAA1E700BF2DE9F04755
:10C3880004460E460421154600F024FC01462046CA
:10C3980094F8158000F066FC0421204600F0BAFBF2
:10C3A80000283CD1D4E90137BB4233D9A3EB0709B4
:10C3B800A36023692046C9F1040A4B44514623610E
:10C3C80000F0B4FB002848D0012E61D0FB782B7018
:10C3D800B9F1000F50D0BB78B9F1010F6B7005F1BE
:10C3E80002034DD07B78B9F1020FAB7005F103035E
:10C3F8004AD03B78EB7023690421A2680433A07DFE
:10C4080052446175A3EB090380F00100A260236127
:10C41800BDE8F0870421204600F088FBA8B1012E72
:10C42800A36817D0DB782B70A3689B786B70A36820
:10C438005B78AB70A3681B78EB700421A268236952
:10C448000A4461750B44A2602361A07D80F001005D
:10C45800BDE8F0871B682B60EFE7A2682369A2EBB1
:10C468000902A07DA3EB090384F8158080F0010080
:10C47800A2602361BDE8F087A3689B786B70AB1C52
:10C48800A268527803F8012BA26812781A70B2E7F2
:10C4980039464A462846FDF743FA524605EB090055
:10C4A800A168FDF73DFAA6E72DE9F041044682B000
:10C4B80008218DED000B00F08DFB01462046677DBD
:10C4C80000F0D0FB0821204600F024FB00284ED1C4
:10C4D800D4E90135AB4245D95E1BA36023692046E8
:10C4E800C6F1080833444146236100F01FFB0028C9
:10C4F80074D0237D012B00F09B809DF807302B70B2
:10C50800002E78D09DF80630012E6B7077D09DF8FC
:10C518000530022EAB7076D09DF80430032EEB70F8
:10C5280075D09DF80330042E2B7174D09DF802301D
:10C53800052E6B7173D09DF80130062EAB7172D049
:10C548009DF80030EB7123690821A268A07D0833AB
:10C55800424461759B1B80F00100A260236102B018
:10C56800BDE8F0810821204600F0E0FA50B3237DB1
:10C57800012B2DD0A3689DF807009DF806209DF893
:10C5880005101870A3685A70A3689DF804209DF8D8
:10C5980003009970A368DA70A3689DF802209DF8DB
:10C5A80001101871A3685A71A3689DF80020997149
:10C5B800A368DA710821A26823690A4461750B44EB
:10C5C800A2602361A07D80F0010002B0BDE8F08187
:10C5D8006B46A26803CB10605160EBE7A268236941
:10C5E800A07D921B9B1B677580F00100A2602361F0
:10C5F80002B0BDE8F081A3689DF806201A70A36810
:10C608009DF805201A70A3689DF804201A70A36885
:10C618009DF803201A70A3689DF802201A70A36879
:10C628009DF801201A70A3689DF800201A708AE707
:10C6380028466D4632462946FDF772F94246A91941
:10C64800A068FDF76DF97EE72DE9F043044683B055
:10C658000E4608218DED000B00F0BCFA014620467D
:10C6680094F8158000F0FEFA0821204600F052FAEE
:10C6780000284DD1D4E90157BD4244D92369204649
:10C68800A560ED1B2B44C5F108092361494600F05C
:10C698004DFA002872D0012E00F09B809DF80730DB
:10C6A8003B70002D78D09DF80630012D7B7077D037
:10C6B8009DF80530022DBB7076D09DF80430032D0F
:10C6C800FB7075D09DF80330042D3B7174D09DF834
:10C6D8000230052D7B7173D09DF80130062DBB719A
:10C6E80072D09DF80030FB7123690821A268A07DF3
:10C6F80008334A4461755B1B80F00100A260236126
:10C7080003B0BDE8F0830821204600F00FFA48B3D3
:10C71800012E2DD0A3689DF807009DF806209DF8EE
:10C7280005101870A3685A70A3689DF804209DF836
:10C7380003009970A368DA70A3689DF802209DF839
:10C7480001101871A3685A71A3689DF800209971A7
:10C75800A368DA710821A26823690A4461750B4449
:10C76800A2602361A07D80F0010003B0BDE8F083E2
:10C778006B46A26803CB10605160EBE7A26823699F
:10C78800A07D521B5B1B84F8158080F00100A2601D
:10C79800236103B0BDE8F083A3689DF806201A70F2
:10C7A800A3689DF805201A70A3689DF804201A70E4
:10C7B800A3689DF803201A70A3689DF802201A70D8
:10C7C800A3689DF801201A70A3689DF800201A70CC
:10C7D8008AE76E462A4638463146FDF7A1F84A46AA
:10C7E8007119A068FDF79CF87EE700BF2DE9F843B2
:10C7F80004460D46082100F0EDF90146204694F85C
:10C80800158000F02FFA0821204600F083F900284F
:10C8180051D1D4E90167BE4248D923692046A660B0
:10C82800F61B3344C6F108092361494600F07EF936
:10C8380000286DD0237D012B00F09380FB792B70AD
:10C84800002E72D0BB79012E6B7005F1020370D0F7
:10C858007B79022EAB7005F103036ED03B79032E72
:10C86800EB7005F104036CD0FB78042E2B7105F1F5
:10C8780005036AD0BB78052E6B7105F1060368D0F5
:10C888007B78062EAB7105F1070366D03B78EB7118
:10C8980023690821A2680833A07D4A4461759B1B5F
:10C8A80080F00100A2602361BDE8F88308212046DA
:10C8B80000F03CF910B3237D012BA36823D0DB796A
:10C8C8002B70A3689B796B70A3685B79AB70A368C6
:10C8D8001B79EB70A368DB782B71A3689B786B716D
:10C8E800A3685B78AB71A3681B78EB710821A26819
:10C8F80023690A4461750B44A2602361A07D80F01E
:10C908000100BDE8F8831A685B682A606B60EDE790
:10C91800A2682369921BA07D9B1B84F8158080F078
:10C928000100A2602361BDE8F883A3689B796B705E
:10C93800AB1CA268527903F8012BA268127903F89C
:10C94800012BA268D27803F8012BA268927803F829
:10C95800012BA268527803F8012BA26812781A708A
:10C9680096E7394632462846FCF7DAFF4A46A819C0
:10C97800A168FCF7D5FF8BE72DE9F04704460F4681
:10C988000821154600F026F90146204694F815803E
:10C9980000F068F90821204600F0BCF8002859D1B9
:10C9A800D4E901694E4550D923692046A660A6EB13
:10C9B80009063344C6F1080A2361514600F0B6F867
:10C9C800002873D0012F00F09A8099F807302B7057
:10C9D800002E78D099F80630012E6B7005F102030D
:10C9E80075D099F80530022EAB7005F1030372D0AB
:10C9F80099F80430032EEB7005F104036FD099F811
:10CA08000330042E2B7105F105036CD099F8023020
:10CA1800052E6B7105F1060369D099F80130062ED1
:10CA2800AB7105F1070366D099F80030EB71236903
:10CA38000821A2680833A07D524461759B1B80F0D1
:10CA48000100A2602361BDE8F0870821204600F0BC
:10CA58006DF808B3012FA36823D0DB792B70A36886
:10CA68009B796B70A3685B79AB70A3681B79EB70DB
:10CA7800A368DB782B71A3689B786B71A3685B78DC
:10CA8800AB71A3681B78EB710821A26823690A447B
:10CA980061750B44A2602361A07D80F00100BDE8B0
:10CAA800F0871A685B682A606B60EDE7A268236903
:10CAB800921BA07D9B1B84F8158080F00100A2606A
:10CAC8002361BDE8F087A3689B796B70AB1CA268F3
:10CAD800527903F8012BA268127903F8012BA26896
:10CAE800D27803F8012BA268927803F8012BA26888
:10CAF800527803F8012BA26812781A7097E7494612
:10CB080032462846FCF70CFF5246A819A168FCF7E4
:10CB180007FF8CE7837D3BB9D0E901030B449842BA
:10CB280034BF00200120704700207047837D43B93F
:10CB3800D0E9012110B59142044605D201231846D7
:10CB480010BD00231846704782693AB1C169904701
:10CB580080F00103A075DBB2184610BD0120A07556
:10CB6800FAE700BFC0E90612704700BF10B4019C85
:10CB78000A44016042600A191C4482600022C0E92C
:10CB880003349DF8083042755DF8044B82750375CF
:10CB9800C0E90622704700BF10B582B0049C00941B
:10CBA80001240194FFF7E2FF02B010BD10B5002484
:10CBB80082B00094FFF7F0FF02B010BD0023FFF72A
:10CBC800F5BF00BFB0FBF1F202FB11004B1E081AC3
:10CBD80018407047437D8B4209D203694A1EB3FB54
:10CBE800F1F001FB1033C91A01EA02007047002076
:10CBF800704700BF38B504460D46FFF7EBFFA36842
:10CC080065751A182369184463689342206128BF20
:10CC18001346A36038BD00BF82680068101A7047C9
:10CC2800D0E90120101A704738B5837DA3B90446AE
:10CC38000D46D0E901329A4200D331B92046FFF7B8
:10CC4800EFFFA84228BF284638BD836933B1C169C0
:10CC58009847A0750028F1D0002038BD01238375BE
:10CC6800FAE700BF38B504460D46FFF753FF78B121
:10CC78002369A2682B442A4423610123A2606375B7
:10CC880038BDA2682D1A236902440344A2602361B7
:10CC9800294601222046FFF7C7FF0028F1D10123CA
:10CCA800637538BD002846D0034630B5027885B094
:10CCB8000A2A42D8DFE802F01212181414060606EF
:10CCC8001A2E16000A6A596B002052F82120121AEF
:10CCD80018BF012283F8392005B030BD0A68F2E791
:10CCE8008A69F0E78A68EEE70A69ECE75C68084653
:10CCF80004F1430204F1440304F1420504F1100174
:10CD0800CDE90132009504F1410304F140020BF032
:10CD1800B9FAE1E75C68084604F1220204F123014C
:10CD280004F12103CDE9002104F1200204F11001EE
:10CD38000BF0C2FCD0E70B2070470120CCE700BF06
:10CD4800F0B59BB0002800F08880037804460A2BD1
:10CD580000F26781DFE803F02D2D154444191919F5
:10CD68005A061500406890F82030002B40F0B28039
:10CD780090F82230002B40F0E48090F82130002B0E
:10CD88006FD1002528461BB0F0BD426B0B6A53F8E3
:10CD98002230002BF5D0826800F11001406801F0C4
:10CDA8009FFE05460028ECD040F25923984213D044
:10CDB80029E0426B0B6853F82230002BE1D00023A6
:10CDC8000AAAD0E9010102F023F805460028D9D0C3
:10CDD80040F29113984216D1002384F83930D1E7F4
:10CDE800426B8B6953F82230002BCAD0826800F15D
:10CDF8001001406800F080FE05460028C1D040F2CE
:10CE0800F5139842BED003F057FBBBE7406890F893
:10CE18004230002B7DD1C3691BB190F84030002B04
:10CE280044D190F84430002B40F0AC8090F8433067
:10CE3800002BA6D0C26A0AA910300BF0FBF80546F1
:10CE48000028E0D16068DDE90E230BF067FD0028BB
:10CE580098D0012380F8233094E70B2528461BB08F
:10CE6800F0BD04AE10300AAA31460BF059FB054656
:10CE78000028C8D10AA960680BF010FD07460028F1
:10CE880000F0BB80012190F908000BF08FFC03280B
:10CE9800844640F0A78007F158040FCE0FC496E8E7
:10CEA800030084E8030087F808C06BE7816A103044
:10CEB8000BF040F905460028A5D16068816A0BF09F
:10CEC800EDFC0346002800F0A3800122606883F887
:10CED8002220A6E70BF0BCFC06466068002E3FF453
:10CEE80047AF706006F12801F26910300BF060FA64
:10CEF8000546002840F08E80F7690FCF3572C6F8D6
:10CF08000900C6F80D106068C6F81120C6F815307B
:10CF18002EE704AA0AA910300BF014F805460028D9
:10CF28007FF471AF6068DDE90E230BF0E5FC30B1EA
:10CF38009DF81030012280F8213080F820206068A8
:10CF480069E7103004AA0AA90BF0AAFA05460028D6
:10CF58007FF459AF04A960680BF0A0FC074660B1E4
:10CF68000AAD00F140064FF0020C0FCD0FC695E850
:10CF7800030086E8030087F808C06068002380F88B
:10CF88002230FAE600F130020AA910300BF092F8CC
:10CF9800054600287FF437AF6068DDE90E230BF003
:10CFA800CFFC06466068002E3FF440AF0127836B34
:10CFB800B784002B3FF43AAF436B05EB450103EB15
:10CFC800C1010BF06BFC38B16068013586F825703B
:10CFD800836BAB42F0D829E760680135836BAB42BD
:10CFE800EAD823E706AB0FCB8DE80F000321606872
:10CFF80096E80C000BF018FDC4E606AB0FCB8DE8E5
:10D008000F000221606896E80C000BF00DFDB9E6F0
:10D01800606806E7314660680BF02AFC03F04CFABA
:10D02800B0E60125AEE600BFF0B5037885B004464A
:10D038000A2B00F24081DFE803F06B444F5EAA063A
:10D0480006061E756500062B00F02681072B036B6C
:10D0580000F02A81816A04F1100580689847A26A65
:10D068002946606801F07CFD0446002840F00381F1
:10D07800204605B0F0BD406890F84230002B00F023
:10D0880090800026012704E00BF0BCFBA0B92F72AA
:10D0980060680BF067FC0546002800F08180636833
:10D0A800E26A9B6995F8211085F82060984795F801
:10D0B80021302846002BE7D1606829460BF0D8FBC1
:10D0C800E6E790F83900D4E90B1300B1A068002412
:10D0D8009847204605B0F0BD406802F02BFA40F2B0
:10D0E80021330446984202D0002840F0C48000242E
:10D0F800204605B0F0BD0024036B806898472046A1
:10D1080005B0F0BD0024036B9847204605B0F0BD7C
:10D1180090F83900236B00B1A06800249847204696
:10D1280005B0F0BD406890F824303BBB90F8203043
:10D13800002B7DD040F63406012707E028460BF087
:10D1480029FC294660680BF093FB606800210BF00E
:10D15800BBFB0546002868D06368E16A9B6998476D
:10D16800B0424FF00001E9D1012128460BF012FC32
:10D178002F72EAE748680BF07BFB60680BF0B0FBA6
:10D1880001460028F6D1606880F82410CEE7002414
:10D19800036B00F1100180689847204605B0F0BD88
:10D1A800606890F840308BB1C5682DB3002695F8BB
:10D1B800223043B1C36985F8226023B1816A2846C9
:10D1C800E26A984760682D68002DF0D190F84430E5
:10D1D80093B1C56885B1002695F824304BB1436AF0
:10D1E80085F824602BB1284695F82510E26A9847FF
:10D1F80060682D68002DEFD190F84330002B3FF484
:10D2080076AF00270BE06368E26AD96A1E6A85F880
:10D218002370B047606829460BF02AFB60680BF062
:10D22800ADFB05460028EED161E7606880F8205024
:10D2380090F82130002B3FF45AAFC568B5B10226EB
:10D2480001E02D6895B195F90830032BF9D1C36930
:10D258002846E16A9847034605F16002284685F8A2
:10D2680025305BB10BF0B4FB6068EAE700231C468D
:10D2780080F82130FCE603F01FF9F9E60FCA05F142
:10D2880058078DE80F0001216068D7E900230BF0EB
:10D29800CBFB2E726068D4E700F11005036B826A3D
:10D2A800294680689847DAE6D0E90A12806804F1CE
:10D2B80010059847D3E60124DAE600BF00283DD0E0
:10D2C80000293CD0034690F838000022002835D0C9
:10D2D80030B493F800C0BCF1080F1DD15C68256C10
:10D2E80035F07F4505D194F8440010B994F843000F
:10D2F80028B130BC704793F839000028F9D10132C1
:10D308004033914217D093F838000028F1D093F8B1
:10D3180000C0BCF1080FE1D0BCF1090FEBD15C688B
:10D32800256A002DE5D194F824000028E1D10132C6
:10D3380040339142E7D1002030BC7047704708461F
:10D34800704700BF0000000000296AD02DE9F041B5
:10D358000546B0B000285CD01646184688461F46D9
:10D3680002F0C8FF002E54D080F0010010F0FF0436
:10D378004FD1882230490EA8FCF7D2FA0EA988228C
:10D388002846FCF7CDFA6846C5F80080AE6002F082
:10D39800D9F9EC4605F1140ED7F80080BCE80F0067
:10D3A800AEE80F00BCE80F00AEE80F00BCE80F00C5
:10D3B8009FED1F7BAEE80F00DCF80030B001396943
:10D3C800CEF800302F6185ED1A7BC047686008B938
:10D3D80029E0686800EB84100134314600F0DCFA7B
:10D3E800A642F6D805F1480000F0CCFA134A00230B
:10D3F8006868C5E91E2368B1AB6873B12A69B2FAD7
:10D4080082F35B094AB1184685F8803030B0BDE830
:10D41800F0810B2030B0BDE8F081002030B0BDE8CD
:10D42800F0810B2070470A20F4E700BFAFF30080BB
:10D4380000CA9A3B00000000B8030020ADB000000D
:10D4480018B370B504464068E8B1A2682369D2B140
:10D45800B3FA83F56D09B3B15A6804F11406196972
:10D4680090470022002304F148006560C4E90223C4
:10D4780000F088FA304602F079F940B908A3D3E9F8
:10D488000023C4E91A23002070BD002070473046ED
:10D4980002F072F90028F1D003F00EF8EEE700BFB1
:10D4A80000CA9A3B00000000002B18BF002A70B584
:10D4B80004460CBF012000209DF810C0002908BFB9
:10D4C80040F0010028BBB4FA84F56D090CB3D4E927
:10D4D8000206864201D3012070BD60684FEA861EAD
:10D4E80000F80E5000EB8610013603630123C56275
:10D4F80004F1140580F801C00387C0E90112284629
:10D50800E66002F033F930B9A36C00200133A3645C
:10D5180070BD0B2070BD284602F02EF90028F3D00C
:10D5280070BD00BF51B3B0FA80F270B5520904461D
:10D53800E0B1D0E90203834201D3012070BD6068E5
:10D548009D015E1C00EB83135960022141530121A8
:10D5580004F11405DA6219872846E66002F006F934
:10D5680030B9E36C00200133E36470BD0B2070BD5B
:10D57800284602F001F90028F3D070BD0B2070474F
:10D58800002844D0F0B500F114059BB004462846A5
:10D5980002F0ECF810B100201BB0F0BD284602F0F4
:10D5A800EBF8002830D10CA804AE02F0CBF80DF14E
:10D5B800300CAE462769BCE80F00AEE80F00BCE8A7
:10D5C8000F00AEE80F00BCE80F00AEE80F00DCF873
:10D5D8000030CEF800300FCF0FC63B6828462268CF
:10D5E8003360636E616DCDE90232D4E91332CDE95F
:10D5F8000021226EA16C02F0BFFB0028CCD00B905A
:10D6080002F05AFF0B98C7E702F056FFCBE70B2052
:10D61800704700BF2DE9F84F054691469846FFF739
:10D62800AFFF05F11406304602F072F907460028EC
:10D6380040F0A880AB680BB304466968A20101EB0F
:10D64800841C9CF83830CBB18B5C0A2B00F2DE804E
:10D65800DFE803F09D9DA98D8D060606CEC1B500B5
:10D668000CF13402DCF80410304602F0A1FC00286A
:10D6780040F087800134AB689C42DED343464A467B
:10D68800304602F0C1FC95F88030002B00F0C680CF
:10D69800012B40F0BB80AB68002B00F059810024BF
:10D6A80040F29119A0460AE0FFF7FCFA044610B1CF
:10D6B800484540F0B180AB68984580F026816A689B
:10D6C800314602EB881008F1010890F838C0BCF127
:10D6D800000FE9D119461046D5E91E3298470028AF
:10D6E80000F09A80AB68002B00F096804FF000089D
:10D6F80040F2911909E0FFF723FB044610B14845B1
:10D7080040F08A80AB68984509D26868314600EBDA
:10D71800881008F1010890F83820002AEBD1002B76
:10D728007AD000260EE012F80C20082A00F0FC80BF
:10D73800092A00F0EE8090F839208AB901369E4215
:10D7480067D200246A684FEA861C02EB861090F8BC
:10D758003810002960D041780029E4D00129EDD1A2
:10D76800FFF762FC002840F0B580AB68E6E70CF1F3
:10D778003402DCF80410304602F0EEFB00283FF4D7
:10D7880079AF074602F098FE3846BDE8F88F0CF1ED
:10D798003402DCF80410304602F08EF800283FF41A
:10D7A80069AF0746EEE70CF13402DCF804103046A6
:10D7B80002F0A2FB00283FF45DAF0746E2E70CF158
:10D7C8003402DCF80410304602F06AFB00283FF40B
:10D7D80051AF0746D6E7DCF804100CF134023046A6
:10D7E80010310AF015FF00283FF444AF0746C9E797
:10D7F800DCF8041000230CF13402304610310AF032
:10D80800DDFC00283FF436AF0746BBE7012702F0EE
:10D8180053FE3846BDE8F88F2746FAE7AB68002B79
:10D8280000F09380002440F29119A04608E0FFF729
:10D8380039FA044608B14845EED1AB68984566D236
:10D848006A68314602EB881008F1010890F838C080
:10D85800BCF1000FEBD119461046D5E91E329847A6
:10D868000028D9D0AB68002BD6D04FF0000A40F280
:10D87800911840F259290EE013F80B30082B34D0D8
:10D88800092B29D090F8393003BB0AF1010AAB689B
:10D898009A45BED2002468684FEA8A1B00EB8A10BA
:10D8A80090F83830002BB7D03146FFF749FA0028F6
:10D8B80018BF404501D048450CD16B6813EB0B00ED
:10D8C80021D04278002AD7D0012ADED1FFF7ACFB5D
:10D8D8000028DAD007469CE743681A6A002AF5D17F
:10D8E80093F82430002BD0D0F0E743681A6C32F05C
:10D8F8007F42EBD193F84420002AE7D193F84330D4
:10D90800002BC2D0E2E70B2783E76A68E2E66A6881
:10D91800A1E74268116A00297FF422AF92F8242017
:10D92800002A3FF40BAF1BE74268116C31F07F41CE
:10D938007FF416AF92F8441000297FF411AF92F8E3
:10D948004320002A3FF4FAAE0AE76A681C4682E7D9
:10D958006A681C46BEE600BF90B170B50446006810
:10D9680016461D4600F066F930B132462B46204671
:10D97800BDE87040FFF74EBE02F09EFD012070BD6D
:10D988000B20704730B12022002108B50EF05AFF55
:10D99800002008BD0B207047034668B100224FF0F5
:10D9A8000B0C41631046A3F800C01A631A87C3E939
:10D9B8000122C3E90A2270470B2070472DE9F04382
:10D9C80083B00A9F002B18BF002F27D0044628B326
:10D9D800E9461D460E469046484600F021F92A467B
:10D9E800234699E8030084E803004146304600F0E6
:10D9F80045FA054660B93A4604F10C010320A760D0
:10DA080001F086FA054618B9284603B0BDE8F08348
:10DA180002F052FD284603B0BDE8F0830B252846E6
:10DA280003B0BDE8F08300BF38B520B304460C301E
:10DA380001F0F6FA054648B9204600F00FFB68B930
:10DA4800204600F063F988B9284638BD02F034FD55
:10DA58002046012500F002FB0028F1D002F02CFD41
:10DA68002046012500F052F90028EDD0012502F0EA
:10DA780023FD284638BD0B25284638BD18B1006857
:10DA880008B1D0F80801704770B582B0F8B1044603
:10DA98000068E0B1D0F80831CBB10E46E1B11546C7
:10DAA800D2B1052100F5887002F032FC02460B461F
:10DAB8003146C5E9002323682A46D3F8080103F054
:10DAC8009BFE064660B10126304602B070BD4FF499
:10DAD800FA76304602B070BD0B26304602B070BDF3
:10DAE80020680521D5E9002300F58870009102F02F
:10DAF8007BFC304602B070BD70B58E468CB00C46CB
:10DB080016460DF1180C0546BEE80F00ACE80F00EC
:10DB18009EE803008CE803005DB32B684BB3D3F891
:10DB2800080130B346B30023324602A98DF8073006
:10DB38000DF107039FED127B8DED027B8DED047BCC
:10DB480003F062FF0546C8B99DF8072040F2F513B7
:10DB5800002A08BF1D460DF1180EA446BEE80F00A6
:10DB6800ACE80F009EE803008CE8030028460CB0E0
:10DB780070BD4FF4FA75EEE70B25ECE70125EAE7EF
:10DB8800000000000000000030B1006820B1D0F8AB
:10DB98000801003818BF0120704700BF002B18BFCC
:10DBA800002A2DE9F04316460CBF01220022A1B03D
:10DBB800002908BF42F0010222BB044610B30DF150
:10DBC80010081F460D460DF11809404600F08EFB5F
:10DBD80098E8030084E80300484600F033FD404617
:10DBE80000F084FBCDF800903B46324698E80300ED
:10DBF80084E803002946204600F082FB30B921B0B2
:10DC0800BDE8F0830B2021B0BDE8F083039002F05B
:10DC180053FC02F051FC039821B0BDE8F08300BF2B
:10DC2800034A034692E8030083E803001846704756
:10DC3800E00E002018B14068003818BF0120704776
:10DC480010B1006800B12830704700BF2DE9F843D3
:10DC58000646002300687360002849D04769D0F859
:10DC68000480D0F8109037B1143000F07DFA0746E0
:10DC7800002844D13068036B43B1283003F0C6FA5A
:10DC880018B1002F3ED002F017FC3068036ADBB1F0
:10DC9800D0E9062C012A7CF1000111DB002425467D
:10DCA80053F824004946B8B1C04733680134D3E972
:10DCB800062C45F100051B6A944275EB0C01EFDB5D
:10DCC80018464946C04730684946C0470023384689
:10DCD800C6E90033BDE8F883013445F100059442F4
:10DCE80075EB0C01DCDB18464946C0473068EBE7AA
:10DCF800074600233846C6E90033BDE8F88302F03A
:10DD0800DBFBB7E70AF0B0FE0746BCE778B110B511
:10DD18000446006850B163683BB902F0EBFA20B1E1
:10DD28002046BDE81040FFF791BF0B2010BD0B2027
:10DD3800704700BF002B18BF002A2DE9F041164696
:10DD48000CBF01220022A0B0002908BF42F0010246
:10DD58001ABB044608B30DF110081F460D4600F023
:10DD680079FD2060404600F041FE50220D494046B2
:10DD7800FBF7D6FD3B46324629462046CDF80080C3
:10DD880000F06EFD10B920B0BDE8F081039002F0FC
:10DD980093FB039820B0BDE8F0810B2020B0BDE8CC
:10DDA800F08100BF40040020002B18BF002A2DE995
:10DDB800F04116460CBF01220022A0B0002908BF7E
:10DDC80042F001021ABB044608B30DF110081F46C1
:10DDD8000D4600F0E7FE2060404600F0EBFF5022C1
:10DDE8000D494046FBF79CFD3B46324629462046F6
:10DDF800CDF8008000F0DCFE10B920B0BDE8F0815D
:10DE0800039002F059FB039820B0BDE8F0810B2085
:10DE180020B0BDE8F08100BF9004002061B32DE977
:10DE2800F04106468AB018B30D4690461F4601F0E9
:10DE38009BFAAC680DF10C0C30600FCCACE80F000D
:10DE480023682A4605F10C013046CCF80030109BB7
:10DE5800CDE90087029301F08FFA10B90AB0BDE846
:10DE6800F081099002F028FB09980AB0BDE8F0811A
:10DE78000B200AB0BDE8F0810B2070472DE9F04770
:10DE8800051E9CB00E4690461F4640F39C80002914
:10DE980000F09C80A1F1040E4FF0000C5EF8044FD6
:10DEA8000CF1010C002C00F091806545F6D1B8F119
:10DEB800000F00F08B80D8F80040002C00F086801E
:10DEC8000DF15C0C0FCCACE80F00236817A8CCF858
:10DED800003002F00FFA80F00100C0B2002875D1BE
:10DEE800002F73D03B68002B75D178210120DDE924
:10DEF8001A32984704463860002800F0A08002A82B
:10DF080002F0EAFD02A904F128005022FBF708FDFF
:10DF180017ACD7F800E00FCCF446ACE80F00236844
:10DF28000EF114014046CCF8003000F047F90446E1
:10DF3800002844D1D7F800904FEAE578C9F82000C6
:10DF4800C9F81850C9F81C80002D4BD0002E49D0B4
:10DF580004212846DDE91A329847C9F82000D7F885
:10DF68000090D9F82030CA4643B3012D78F1000358
:10DF780038DB0024043EA1460BE03168FBF7D0FCF7
:10DF8800013449F10009C84508BFA54228D0D7F88F
:10DF980000A056F8040F0FF09BFF421C179B104679
:10DFA8001B99DAF820A0019298473B684AF82400A8
:10DFB8001B6A019A53F824000028DED10A24384647
:10DFC800FFF744FE03E000293FF471AF0B2420461D
:10DFD8001CB0BDE8F087642420461CB0BDE8F0877B
:10DFE800D7F800901C490B68013323D01A46002447
:10DFF8000B60D9F814007B60436A82610133C46105
:10E008001FD090F830304BB9303000F04DF904464D
:10E018000028D4D1D7F80090D9F8140009F12801C4
:10E02800183002F059FF04460028D0D00AF01CFD31
:10E038000446C4E701221C460A601346D9E70A24AD
:10E04800C5E724300AF024FD04460028B7D1D7F8E4
:10E058000090D9F81400D4E740F80020A8B103686C
:10E0680010B5044673B1FFF7E5FD40B120682830CC
:10E0780003F068F8034658B96060184610BD6A2373
:10E08800184610BD0B23184610BD0B2318467047C1
:10E09800BDE810400AF0E8BC0020704784B0F0B535
:10E0A80097B01DAE86E80E00002858D003680546D4
:10E0B80033B16424204617B0BDE8F04004B070477F
:10E0C800304602F017F9002849D0B44611ACBCE834
:10E0D8000F000FC4DCF800305020219923601D9BED
:10E0E80098470446286000283BD00DF1440C86462A
:10E0F800BCE80F00AEE80F00DCF8003002A8CEF84C
:10E10800003002F00DFD0DF1080E04F1180C2F6817
:10E1180020ACBEE80F00ACE80F00BEE80F00ACE88A
:10E128000F00BEE80F00ACE80F009EE803008CE883
:10E13800030094E803008DE8030096E80E0007F159
:10E14800180002F0A9FD04460028B3D021991E9BAF
:10E158002868984720460AF087FC0446AAE70B245B
:10E16800A8E70A24A6E700BF30B587B0F0B1036876
:10E178000446DBB19C460DF1040EBCE80F00AEE886
:10E188000F00DCF8003001A8CEF8003002F0B2F839
:10E1980060B12068183002F057FE054650B9206873
:10E1A800029B05999847284607B030BD0B2528469D
:10E1B80007B030BD0AF058FC0546F8E72DE9F041F4
:10E1C80094B000285BD004460068002857D00E465B
:10E1D80002F090F8002E52D080F00100C0B2002862
:10E1E8004DD1336823B16424204614B0BDE8F081D2
:10E1F80027680FADBC46D7F80080BCE80F000FC5F4
:10E20800DCF80030502019462B60C04705463060C6
:10E21800D0B30DF13C0C8646BCE80F00AEE80F0009
:10E22800DCF800306846CEF8003002F079FCEE46A3
:10E2380005F1180C24683568BEE80F00ACE80F003B
:10E24800BEE80F00ACE80F00BEE80F00ACE80F0016
:10E258009EE803008CE8030004F1180005F118019A
:10E2680002F07CFD04460028BED002F00DF902F051
:10E2780023F93046FFF778FF40B10446B4E70B2492
:10E28800204614B0BDE8F0810A24ADE7204614B05A
:10E29800BDE8F0410AF0E8BB20B1036813B10020E3
:10E2A800596270470B20704710B5002382B0019364
:10E2B800B8B1044601A90C4802F0CEF810B101200B
:10E2C80002B010BD019B13B11A78312A04D0022381
:10E2D8000020237002B010BD5B78002BF7D101231A
:10E2E800F6E70B2002B010BDA0150020034A034634
:10E2F80092E8030083E80300184670471C150020C5
:10E308002DE9F04FA9B004460E461546DDF8C88041
:10E3180023A81F460AF030FEB8F1000F00F0F38082
:10E32800404601F0E7FF002D18BF002C80F00100E7
:10E338000CBF4FF0010C4FF0000C002E08BF4CF042
:10E34800010C4CEA000C1CF0FF0940F0DC80D4F80A
:10E3580004A0BAF1000F40F0FC80002F00F0D38039
:10E368003846FFF767FC8346002800F0D280524603
:10E37800304622A9CDF888A004F028FC824600285F
:10E3880040F0C3802298002840F0F18028460FF022
:10E398009FFD002840F0C080794D22A90022284620
:10E3A80004F0F6FB8246002840F0AF80229800284F
:10E3B80040F0D580D8F800307820D8F81010984769
:10E3C80082466060002800F0CF800022002308A861
:10E3D800CAE91A23CAE91C2300F034F908A95046EF
:10E3E8006822FBF79DFA61684046276000F038F91B
:10E3F800002858D128460FF06BFD284410F8013C3E
:10E40800CDE903562F2BD8F8103000930CBF5D4B85
:10E418005D4B02934FF400630193D4F804A098E88D
:10E428000F0002F065F82368CAF8740031461868CE
:10E438002A466668283002F09BFF6368B066986ECB
:10E44800002832D003F024F8824660B3D8F80030B0
:10E458000820D8F81010666898476368F066D3F803
:10E468006CB0BBF1000F20D006A823AE0AF0AAFCBE
:10E4780006A86368C44603C8D3F86CE08BE80300B9
:10E48800BCE80F000FC6DCF80030336028AB13E996
:10E498000F008DE80F0051463A467046239B0AF05C
:10E4A800E9FC824628B36368F3B1586F28B1D8F8FD
:10E4B8000430D8F8101098476368986E10B102F0CD
:10E4C80069FF6368D86E48B10AF030FD6368D8F810
:10E4D8001010D86ED8F80430984763681846D8F8F2
:10E4E8001010D8F80430984700234FF0010AC4E907
:10E4F8000033B9F1000F08D0D8F804302846D8F80E
:10E508001010984701E04FF00B0A504629B0BDE8BB
:10E51800F08F4FF0650AF8E72B782F2B3FF43DAFCB
:10E528000395D8F810300093184B02934FF400630A
:10E53800019398E80F0001F0DBFF0546E0B10022E7
:10E5480022A9229204F024FB82460028D4D1D9467D
:10E558002CE74FF0640A504629B0BDE8F08F4FF021
:10E56800CA0A04F027FBC4E74FF00A0AC1E74FF0D4
:10E57800C90A04F07FFBC8E74FF00A0AC5E700BFE5
:10E5880068150020B8150020C0150020B41500201B
:10E59800F8B518B345680446F5B1A86E6F682E69DA
:10E5A80002F0F8FE63680546D86E0AF0BFFC63689F
:10E5B80028433146D86E14BF01250025B847636843
:10E5C8003146186FB84763683146586FB8473146C7
:10E5D8006068B847002363602846F8BDC825284608
:10E5E800F8BD00BF28B1406818B1806E003818BF68
:10E5F8000120704730B1436823B19B6E13B10068A6
:10E60800FFF718BB0020704720B1406810B1806E3A
:10E6180000B18068704700BF20B1406810B1806EBB
:10E6280000B1C068704700BF28B1406818B1836E58
:10E63800002B08BF0020704710B1406800B1806E01
:10E64800704700BF10B50446682200210EF0FAF8A2
:10E65800204601F041FE01232046237510BD00BF6E
:10E66800002818BF88421BD0F8B5B1FA81F60C46CD
:10E67800760999B10546878A84468E460FCDAEE85D
:10E688000F002B6850220CF1180104F11800CEF885
:10E698000030A782FBF744F93046F8BD0B20F8BDDF
:10E6A8000B20704782B02DE9F04F91B01AAC9DF85D
:10E6B8007C8084E80C0000283DD00C460546FFF716
:10E6C800B3FF00283AD02846FFF79EFF06462846A3
:10E6D8000BADFFF7A1FF0DF1680E0746AC46BEE88B
:10E6E8000F00ACE80F00DEF80030CCF80030219BBA
:10E6F8000BB38946DDF878A002F072F810AB0890E9
:10E7080013E907008DE80700002108A895E80C0028
:10E7180002F0DCF88346A0B101F0B6FE01F0CCFEB1
:10E72800BBF10A0F18BF4FF0010B584611B0BDE8F6
:10E73800F04F02B070474FF00B0BF6E74FF0010BAC
:10E74800F3E70990079008A80AF036FB834680B1E2
:10E758000A2808A818BF4FF0010B02F0F7F8044682
:10E76800002863D151460998C84751462046C847F2
:10E77800DBE709ABEC4605930FCDACE80F002B683F
:10E788003A4631462046CCF8003008AB0AF0B4F9D6
:10E798008346D0B9099C024609900AA9204604F08C
:10E7A80039F9002830D10A9D002D47D1219B08A8AE
:10E7B8001C6002F0CBF88346002842D151460998E4
:10E7C800C84751465846C847AFE7672814BF4FF0B7
:10E7D800000808F00108079C08A802F0B7F870B90B
:10E7E80051460998C84751462046C847B8F1000F16
:10E7F80018BF4FF0680B98E7D8464FF0010B01F0AF
:10E8080043FE01F059FEEBE701F03EFE01F054FE35
:10E8180008A802F09BF80028EED151460998C8478D
:10E82800514620464FF0010BC8477EE7DDF81C80B3
:10E8380001F02AFE01F040FE4446D1E74FF0670B95
:10E84800CAE701F021FEA8464FF0010B2C4601F063
:10E8580033FEC5E7014B1868704700BF2415002038
:10E868002DE9F04788B0109E002E6BD006F1500AB3
:10E8780005460F4690465046994601F03BFD80F00C
:10E888000104E4B2002C5DD1002D5BD02B6823B1CC
:10E898006424204608B0BDE8F0873846FFF7AAFE92
:10E8A800002854D0B8F1000F4CD0B9FA89F35B09AD
:10E8B800B9F1000F46D007AA0793CDE9033306F153
:10E8C8005803059293E807008DE807004946384643
:10E8D8009AE80C00FFF7E6FE00284FD1336DC820F8
:10E8E800316E98472860002850D03846FFF7A4FEBC
:10E8F80006F164034146079A009333462C6802F0F8
:10E9080031FE2B68C4F8C400D3F8C40070B303F117
:10E91800700102F00BFF2B680446D0B996F8482026
:10E928003146184683F8B8207022FAF7F9FF3A689A
:10E93800C0F8C0200798736D316E9847204608B01C
:10E94800BDE8F0870B24204608B0BDE8F087C8244E
:10E958009FE7CBB1D3F8C42042B13846FFF76CFE2D
:10E968002B68D3F8C41002F0F5FE2B681846726DB8
:10E97800316E0124904700232B60DBE7672807D01E
:10E98800692805D00A2801D00124D3E70A24D1E751
:10E998006724CFE770B500B3044608460D46FFF775
:10E9A80021FEF0B12368ABB128465E6D1D6EFFF7FE
:10E9B80043FEC8B12368D3F8C41002F0CBFE034667
:10E9C800294620681D1E18BF0125B0470023236073
:10E9D800284670BD1D46284670BD4FF496752846DA
:10E9E80070BDC825284670BD0B25F1E770B5144DDC
:10E9F80088B00446502213492846FAF791FF02A826
:10EA080001F06AFC0DF1080C05F1500E6E46BCE8E9
:10EA18000F00AEE80F00DCF800303046CEF80030CA
:10EA280003F044FF05F16403702296E8030083E8CD
:10EA3800030029462046FAF773FF204608B070BD48
:10EA480078890020E0040020F8B1036870B5044616
:10EA5800B3B11646D3F8C42092B1D3F8C0000D461E
:10EA6800FFF7E8F860B12368D3F8C40040B155B1A6
:10EA78003246294602F016FD003818BF012070BD45
:10EA88004FF4967070BD0B2070BD4FF496707047B0
:10EA9800A0B1036810B5044673B1D3F8C4205AB1C5
:10EAA800D3F8C000FFF7C6F830B12368D3F8C40024
:10EAB800003818BF012010BD002010BD002070478D
:10EAC80030B1006820B1D0F8C400003818BF012068
:10EAD800704700BF18B1006808B1D0F80801704746
:10EAE80070B58E468CB00C4616460DF1180C0546CE
:10EAF800BEE80F00ACE80F009EE803008CE80300B6
:10EB08000DB32B68FBB1D3F80801E0B136B300238D
:10EB1800324602A98DF807300DF1070302F0BAFE5C
:10EB2800054698B10A2818BF01250DF1180EA4460C
:10EB3800BEE80F00ACE80F009EE803008CE8030075
:10EB480028460CB070BD4FF41675EEE79DF8072007
:10EB580040F25923002A08BF1D46E6E70B25E4E7E3
:10EB680070B1006860B1D0F8080148B169B110B55A
:10EB78004AB102F0EDFE10B1022818BF012010BD05
:10EB88004FF4167070470B2010BD0B20704700BF64
:10EB980030B1006820B1D0F80801003818BF012052
:10EBA800704700BF014B1868704700BF2815002048
:10EBB8002DE9F04788B0109FFFB107F1500A0546CC
:10EBC8000E4691465046984601F094FB80F00104A9
:10EBD800E4B294B98DB13046FFF70CFD002855D04A
:10EBE800B9F1000F09D0B8F1000F06D02B684BB16E
:10EBF8006424204608B0BDE8F0870B24204608B0FE
:10EC0800BDE8F087CDE9033307AA079307F1580356
:10EC1800059293E807008DE80700414630469AE8D8
:10EC28000C00FFF73FFD00285FD1C8210120D7E97C
:10EC380017329847286000285FD03046FFF7FCFC61
:10EC480007F164034946079A00933B462C6802F093
:10EC580067FFC4F8C0002C68D4F8C00048B304F1BA
:10EC6800700103F053F80446A8B92868702297F891
:10EC78004830394680F8B830FAF752FE07987B6D6D
:10EC8800396E9847204608B0BDE8F087C82420466A
:10EC980008B0BDE8F0872C686CB3D4F8C0304BB12D
:10ECA8003046FFF7C9FC2B68D3F8C01003F042F8D0
:10ECB8002C6894B104F15006304601F01BFB58B1A2
:10ECC800E06E48B1314603F0F9FD0646C8B9636DF8
:10ECD800216EE06E9847E6662C687B6D2046396E9B
:10ECE8000124984700232B60C8E7672807D06928C4
:10ECF80005D00A2801D00124C0E70A24BEE767240A
:10ED0800BCE709F0B1FE2C68E7E700BF2DE9F8433E
:10ED1800002839D0044608460D46FFF763FC002852
:10ED280037D0236863B328465F6DD3F86080FFF758
:10ED380083FC90B32368D3F8C01002F0FBFF266869
:10ED4800051E18BF01257EB306F15009484601F09B
:10ED5800D1FA58B3F06E50B1494603F0AFFD814681
:10ED6800E8B9736D316EF06E9847C6F86C902668F6
:10ED780030464146B847002328462360BDE8F8835B
:10ED88001D462846BDE8F8834FF4C8752846BDE8F7
:10ED9800F883C8252846BDE8F8830B25F1E709F074
:10EDA80063FE26680028E3D00125E1E726680125EF
:10EDB800DEE700BF70B5144D8AB0044650221349EF
:10EDC8002846FAF7ADFD04A801F086FA0DF1100CFB
:10EDD80005F1500E6E46BCE80F00AEE80F00DCF8F7
:10EDE80000303046CEF8003003F082FD05F16403B0
:10EDF80096E8070083E80700702229462046FAF7BC
:10EE08008FFD20460AB070BDE8890020300500203B
:10EE1800002849D02DE9F04115460268A4B00446FF
:10EE2800002A39D01F46D2F8C030ABB30E460029AD
:10EE380038D0002D3CD002A84FF0000803F0E2FDC6
:10EE48000DF1080CAE46BCE80F00AEE80F00BCE8B8
:10EE58000F00AEE80F00BCE80F00AEE80F009CE81A
:10EE68000F008EE80F008DF84F802B4620680DF1BB
:10EE78004F023146D0F8C000009702F0BBFF0346AE
:10EE8800C0B99DF84F1040F29112002908BF1346EF
:10EE9800184624B0BDE8F0814FF4C873184624B072
:10EEA800BDE8F0810B23F3E74FF4C87318467047A9
:10EEB80014ADC0E709F0D8FD0346E9E718B10068CA
:10EEC80008B1D0F8C000704730B1006820B1D0F860
:10EED800C000003818BF0120704700BF084601F085
:10EEE800AFBD00BF084601F0D1BD00BF037A10B521
:10EEF8000C4643B1052101F00BFA02460B460020EF
:10EF0800C4E9002310BD0846BDE8104001F098BDD3
:10EF1800F8B50546104614460E4601F0EBF928B13F
:10EF2800032D03D8DFE805F01F3059064FF00B0C0E
:10EF38006046F8BD002CF9D0B6FA86F35B09002EBE
:10EF4800F4D033619C4606F11405324F4FF0030E9E
:10EF5800C6E901330FCC0FC5236860462B60F76004
:10EF680086F800E0F8BD002EE0D0002306F1140575
:10EF780033709C46C6E90133C6E903330FCC0FC58D
:10EF8800236860462B60F8BD002CCFD0B6FA86F512
:10EF98006D09002ECAD0A646357006F1140CBEE8DD
:10EFA8000F00C6E90155C6E90355ACE80F00DEF8C5
:10EFB80000301020CCF80030236821699847306170
:10EFC80020B300220023AC460572C0E90023124A90
:10EFD80001236046F2603370F8BD002CA6D0B6FA63
:10EFE80086F35B09002EA1D033619C4606F1140517
:10EFF800DFF828E00227C6E901330FCC0FC52368E4
:10F0080060462B60C6F80CE03770F8BD4FF00A0C6C
:10F018008EE700BFD5CC0000DDCC0000CDCC0000D1
:10F0280000282DD038B50446143001F063F9A0B19A
:10F038002378022B05D0032B03D0012B0FD00B20F4
:10F0480038BDA0680028FBD000256068A369616A04
:10F05800A56098472846656038BD012038BDA3687B
:10F0680033B10025A369616A6068A5609847656047
:10F07800A3692069616A984700231846236138BD4F
:10F088000B20704740B139B103781BB1C3680BB18D
:10F0980000691847012070470B20704782B02DE99E
:10F0A800F04106A9DDE90C5681E80C0030B30446AE
:10F0B800143001F01FF90DB380F0010313F0FF03C2
:10F0C8001CD1099A002A19DBDDE90A12012972F11B
:10F0D800000213DAD4E90107002F40D0024603E00A
:10F0E800BB4202F1280210D011680133A942F7D1BE
:10F0F800116AB142F4D14FF0010E01E04FF00B0E4E
:10F108007046BDE8F04102B07047013303EB83035A
:10F11800D900E369626A9847F0B1A3680DF1180C49
:10F1280060604FF0000E03EB830203F1010840F822
:10F13800325000EBC205BCE80F0005F108070FC705
:10F148009CE8030087E8030070462E62C4F8088034
:10F15800BDE8F04102B070474FF00A0ED0E7282111
:10F16800D7E700BF00285FD02DE9F04705461430E7
:10F178000F46924601F0BEF880F00100C0B20028A8
:10F188003FD1002F3DD0D5F80880B8F1000F0CD042
:10F19800D5F8049008EB88064C4609EBC6062368A8
:10F1A800BB4205D02834A642F9D10120BDE8F0873A
:10F1B800236A2834A6422FD05345F0D1A646A4F19D
:10F1C800280C2834BEE80F00ACE80F00BEE80F009A
:10F1D800A642ACE80F009EE803008CE80300EDD1DE
:10F1E80008F1FF34AC607CB104EB8404EB696A6A13
:10F1F8004846E10098470346C0B100206B60BDE86F
:10F20800F0870B20BDE8F0874846AB69696A9847E4
:10F2180020466C60BDE8F0875345C6D108F1FF343D
:10F22800AC60002CE0D1EFE70B2070470A20E9E73B
:10F238002DE9F047054684B0144631B10378023B06
:10F24800012B3FD904B0BDE8F087136802A91868FC
:10F25800FFF718FF0028F5D120680521203001F0BC
:10F2680057F8236881460F4603F12800052101F06D
:10F278004FF8804620680E460521183001F048F8FE
:10F288002B7882460D46023B012B39D9DDE9022352
:10F29800424573EB060662DA4A4573EB0707D1DA93
:10F2A80082184FF00505206843EB010300952830CC
:10F2B80001F064F8206800952030DDE9022301F0B0
:10F2C8005DF8BFE7136802A91868FFF7DBFE00289E
:10F2D800B8D1DDE902321343B4D0206805212830C3
:10F2E80001F016F8029D0246039B2068521B00F1AC
:10F2F800300061EB03030521009101F03FF8A1E71D
:10F30800DDE9023213439DD020684FF00508002341
:10F3180000223030CDF8008001F066F851EA000391
:10F3280006460F468ED0029A039B121ACDF800802B
:10F33800206863EB010312EB0A0200F1280043EB9B
:10F34800050301F01BF8CDF800802068DDE90223F1
:10F358002030921B63EB070301F010F872E7206876
:10F36800083009F025FE6DE7014B1868704700BFAB
:10F378002C150020000000002DE9F04FABB00D4621
:10F388000446924637A8359FDDF8D08000F0B2FFDA
:10F39800B5FA85F35B0943EAD773002C08BF43F03D
:10F3A8000103002B64D180F00100C0B200285FD1B6
:10F3B800236823B1642630462BB0BDE8F08F08A936
:10F3C8002846FFF75FFE06460028F4D10DF1180B1A
:10F3D8000BAE0DF160095846CDE9165A09F0F2FC5A
:10F3E8009BE8030089E80300304609F0C5FD0DAB32
:10F3F80093E807008DE807005146484696E80C0058
:10F4080009F0EAFC06460028D5D1169B1B78012B8B
:10F4180033D0369942463B460DF1DC0E1A910DF178
:10F42800940C4FF0000ACDE91C23DDE908239FED79
:10F438002A7B12EB080047EB03018DED227BCDE917
:10F448001E23CDE92001BEE80F00ACE80F00DEF86E
:10F45800003050208DF890A01946CCF80030379B2A
:10F468009847206058B3502216A9FAF759FAA2E72C
:10F478000B2630462BB0BDE8F08F012000218DF817
:10F48800403012AB164A0DF1400C05940492CDE9B8
:10F4980012014FF0FF304FF0FF31CDE914010FCBCF
:10F4A8008DE80F0028469CE80C00FFF7F7FD03469F
:10F4B8000028AED048461E4609F038FD7BE748468E
:10F4C8000A2609F033FD224605492846FFF74AFE79
:10F4D80071E700BFAFF300800000000000000000EB
:10F4E80021D0000010B3036870B50446B3B10122FF
:10F4F800BFF35B8F83F83820BFF35B8F036818680E
:10F508001D6C0278DE6C012A0AD003F1080009F0AC
:10F518000DFD31462068A84700232360002070BDF8
:10F5280022460349FFF71EFE2368EEE700207047D6
:10F5380021D000002DE9F04F87B000286BD0036878
:10F548000446002B61D0BFF35B8F93F83830BFF3CC
:10F558005B8F002B4ED1036804A91868FFF792FD52
:10F568000546002848D1DDE90423002B48DB0526A1
:10F5780020680096203000F037FF23688046BFF3EC
:10F588005B8FD3F810B0BFF35B8F20688946314694
:10F59800283000F0BDFE0F46314606462068183078
:10F5A80000F0B6FE02460B460499B6180598924636
:10F5B80047EB03078E4277EB000C04DA53EA020CA0
:10F5C8002ED10E4607462068052132463B46283094
:10F5D800009100F0D3FEBBF1000F0DD0049A204635
:10F5E800059BB2EB080263EB0903D847284607B02E
:10F5F800BDE8F08F40F22135284607B0BDE8F08F0E
:10F608000125284607B0BDE8F08F4FF44875284615
:10F6180007B0BDE8F08F0B25284607B0BDE8F08F8E
:10F62800891B60EB070C481E6CF10001CDE9023222
:10F638000BF0A2FB029B013041F1000100FB03F338
:10F6480001FB0A33A0FB0A0A80195344064643EB20
:10F658000707B8E770B582B080B3036804468BB378
:10F668000D4659B3BFF35B8F93F83830BFF35B8F08
:10F6780053B9036869461868FFF704FD064648B1A0
:10F6880040F22133984202D100231E462B703046A7
:10F6980002B070BD20680521283000F039FE009BBB
:10F6A800C01A019B61EB03010128304671F100018A
:10F6B800B4BF012300232B7002B070BD0B26304667
:10F6C80002B070BD4FF44876E1E700BF70B582B074
:10F6D80030B3036804463BB30D4609B3BFF35B8FF1
:10F6E80093F83830BFF35B8FABB903686946186885
:10F6F800FFF7C8FC064658B920680521283000F0F5
:10F7080007FE009BC01A019B61EB0301286069603A
:10F71800304602B070BD40F22136304602B070BDAE
:10F728000B26304602B070BD4FF44876F0E700BFB4
:10F7380030B1006820B1C3680BB108307047184673
:10F74800704700BF10B5084C864684460FCCACE81D
:10F758000F000FCCACE80F000FCCACE80F0023680B
:10F768007046CCF8003010BD3015002018B1006B81
:10F77800003818BF012070472DE9F04182B00028F9
:10F7880000F09580066B0446002E00F08C80F06B2C
:10F7980002F0D8FC256B061E18BF4FF46176002DC9
:10F7A80000F0818000272068D5F84C80A96D67603B
:10F7B8002F6020B10191C047256B01992760A86887
:10F7C80020B1C047256B0023C5E901334FF000087D
:10F7D800A068EF6CA96DC4F80C80C5F80C8028B13E
:10F7E800B847256BC4F80880EF6CA96D4FF0000886
:10F7F8006869C5F8108028B1B847C5F81480256B2A
:10F80800EF6CA96D4FF000082069C4F81480C5F8A2
:10F81800408028B1B847256BC4F81080EF6CA96DFB
:10F828004FF00008A069C4F81C80C5F8188028B1FA
:10F838000191B847256B0199C4F81880286A20B14E
:10F84800B847256B0023C5E907330027206AD5F898
:10F858004C80A96D67626F6220B10191C047256B2A
:10F8680001992762E86A20B1C047256B0023C5E9E2
:10F878000A330027A06AD5F84C80A96DE7622F6388
:10F8880020B10191C047256B0199A762A86B20B1EF
:10F89800C047256B0023C5E90D33EB6C2846A96DDD
:10F8A800984700232363304602B0BDE8F0810B2659
:10F8B800304602B0BDE8F08118B338B5036B044692
:10F8C8000BB319B31D684068854217D2681C1860CD
:10F8D800236843F8251002B115600846FFF7EEFAD1
:10F8E80050B1236B426800209B6843F82520226BA7
:10F8F80053680133536038BD012038BD40F286306B
:10F9080038BD0B2070474FF4617038BD0B2038BDEF
:10F91800002874D0036B10B50446002B71D0006822
:10F9280038B16268002192000CF08CFF236B002232
:10F938001A60A06838B1E268002192000CF082FFDA
:10F94800236B0022DA60A06938B1E26900219200D5
:10F958000CF078FF236B00229A61206A38B1626A42
:10F96800002192000CF06EFF236B00225A62A06AFD
:10F9780038B1E26A002192000CF064FF236B002288
:10F988001A63206938B16269002192000CF05AFFAD
:10F99800236B00221A64986838B15A6800219200D3
:10F9A8000CF050FF236B00225A60586938B11A696D
:10F9B800002192000CF046FF236B00221A61186A9E
:10F9C80038B1DA69002192000CF03CFF236B002269
:10F9D800DA61D86A38B19A6A002192000CF032FFD5
:10F9E800236B00229A62986B40B15A6B00219200F7
:10F9F8000CF028FF0023226B1846536310BD0B2020
:10FA080070474FF4617010BD002800F080812DE927
:10FA1800F04F046B83B00546002C00F07A814FF05C
:10FA280000091F46D4F858A088461646D4E913B3EF
:10FA3800C0F80490C4F80090002900F0BF808C0042
:10FA480052460068214601939847019B2860002888
:10FA580000F0F6802246494601930CF0F3FEC5F803
:10FA680004805246D5F830802146019BD8F808001A
:10FA7800C8F8049098472B6BC8F808009B68002BBF
:10FA880000F04A812246494618460CF0DBFE2C6BF2
:10FA98004FF00008D4F85890D4E91323C5F80C8027
:10FAA800C4F80C80002E40F09B80A86828B1494615
:10FAB80090472C6BAE60D4F858904FF00008F619B8
:10FAC800C4F8108040F0A280606930B14946E36C08
:10FAD800984766612C6BD4F858900026D4E913A88F
:10FAE8006E612664002F40F0AF80286938B149461E
:10FAF800D0472C6B2F61D4F85890D4E913A800266E
:10FB08000C9BEE61A661002B40F09380A86920B1A0
:10FB18004946D0470C9B2C6BAB61206A28B14946FB
:10FB2800D0472C6B0023C4E9073300260D9BA76D33
:10FB3800D4E913896E626662002B00F098804FEA60
:10FB4800830A3A46286A5146C8472862002877D06F
:10FB5800524631460CF076FE2C6B0D9B3A46E06A15
:10FB680051466B62A662C8472B6BE062DC6A002CC8
:10FB780000F0F2802046524631460CF063FE2C6BB2
:10FB880000260E9BA76DD4E91389EE622663002B2D
:10FB980040F09780A86A20B13946C0470E9B2C6B6D
:10FBA800AB62A06B00284CD03946C04700232A6BB3
:10FBB8001846C2E90D3303B0BDE8F08F006820B1E4
:10FBC8005146D8472C6BC5F80080A06800283FF440
:10FBD8005FAF5146D8472C6B0023C4E9013357E780
:10FBE800B4004A46A86821469847A86040B3224610
:10FBF80041460CF027FE4FF000082C6BEE60F6191A
:10FC0800D4F85890C4F810803FF45EAFB6004A4666
:10FC1800236D60693146984781466061002800F08D
:10FC28008480324641460CF00DFE2C6BD4F8589077
:10FC380053E79C004A46A8692146C047A86140BBD3
:10FC48000A2003B0BDE8F08FBC004A462869214667
:10FC5800C04728610028F3D0224631460CF0F2FD57
:10FC68002C6B6F61D4F85890D4E913A847E7286A39
:10FC780020B13946C0470D9B2C6B2B62E06A0028E7
:10FC88003FF47EAF3946C0472C6B0023C4E90A33E2
:10FC980076E7224631460CF0D5FD2F6B0C9B4A4681
:10FCA800386A2146EB61FE61C0472B6B38621F6AD8
:10FCB800002F4AD02246314638460CF0C3FD2C6B43
:10FCC80033E79C003A46A86A2146C847A86200283C
:10FCD800B6D0224631460CF0B5FDD5F830A00E9BC3
:10FCE8003A462146DAF83800EB62CAF83460C84769
:10FCF8002B6BCAF838009B6B002B34D02246314658
:10FD080018460CF09FFD304603B0BDE8F08F0B207D
:10FD180070474FF4617094E7286851460193D847BB
:10FD2800019B0A20C5E900338BE72B6BA868996D06
:10FD3800DB6C98472B6B2869DA6C996DC5E90299D9
:10FD480090470A20C5E904997BE7A8694946D04746
:10FD58000A20C5E9067774E7286A3946C0470A20A9
:10FD6800C5E908446DE7A86A39460193C047019B75
:10FD78000A20C5E90A3364E72DE9F04F85B0054646
:10FD88000E46174612A89846DDF8449000F0B2FADD
:10FD9800002D72D080F00100C0B200286DD1D5F8D6
:10FDA80030A0BAF1000F04D06424204605B0BDE8A5
:10FDB800F08FB9F1000F60D04846FDF73BFF0028EF
:10FDC80068D0129B5C20169998472863002863D056
:10FDD8005C2251460CF036FD12ACD5F830B0DDE9A6
:10FDE8000F320BF1480CCBF8449003EB020E0E9B3C
:10FDF800D9F800909E440FCCCBE901AACBE904AA1C
:10FE0800CBE907AACBE90AAACBE90DAABE44ACE81C
:10FE18000F0023680EEB460109F12800CCF80030EA
:10FE280002F086F92B6BCBF83C00D86B50B3109CD2
:10FE380043463A463146029428460F9C01940E9C4C
:10FE48000094FFF7E1FD04460028AED02B6B2BBBD6
:10FE5800002628463346324631460096CDE90166EB
:10FE6800FFF7D2FD286B00289FD0C36C816D98479F
:10FE780020462E6305B0BDE8F08F0B24204605B060
:10FE8800BDE8F08F012402F05DF9002818BF4FF497
:10FE98006174DDE7652488E70A2486E7D86BF2E712
:10FEA80018B338B5036B04460BB319B3DD68C068E3
:10FEB800854217D2681CD860A36843F8251002B1A0
:10FEC8001560084609F084F850B1236B4268002099
:10FED8005B6943F82520226B13690133136138BD30
:10FEE800012038BD40F2863038BD0B2070474FF4F2
:10FEF800617038BD0B2038BD28B338B5036B044694
:10FF08001BB329B3186C6569A84219D2451C1D6436
:10FF1800236943F8201002B110600846FFF708FC77
:10FF280068B1226BE368156C013B1D4409F050F879
:10FF380080B1236B426800205B6943F8252038BDF7
:10FF480040F2863038BD0B2070474FF4617038BDE1
:10FF58000B2038BD012038BD18B338B5036B0446F3
:10FF68000BB319B39D69C069854217D2681C9861A3
:10FF7800A36943F8251002B115600846FDF77EFD18
:10FF880050B1236B426800201B6A43F82520226B7E
:10FF9800D3690133D36138BD012038BD40F28630C2
:10FFA80038BD0B2070474FF4617038BD0B2038BD49
:10FFB80018B338B5036B04460BB319B35D6A406ACE
:10FFC800854217D2681C5862236A43F8251002B18B
:10FFD80015600846FEF77EFD50B1236B426800208D
:10FFE800DB6A43F82520226B936A0133936238BD9C
:08FFF800012038BD40F2863003
:02000004600199
:1000000038BD0B2070474FF4617038BD0B2038BDF0
:100010002DE9F04F2DED028B8DB0CDE904230028A2
:1000200000F04881066B0546002E00F01D814368F4
:1000300083B9EB6873B96B6963B9EB6953B96B6AE0
:1000400043B9EB6A33B940F285300DB0BDEC028B99
:10005000BDE8F08F049B012B059B73F10003C0F2F8
:10006000F880D6F840C0DDE90487BCF1000F00F04D
:100070001081002440F221393246A246A3469FED6A
:10008000908B15E00028E0D1DDE90823424573EBB1
:10009000070103DA90461F464FF0010B2A6BD2F896
:1000A00040C001344AF1000A64457AF1000329D2C4
:1000B0002B6908A9A60053F824000028F1D0EB68AA
:1000C000D2F814C023445CF823E0BEF1000F06D040
:1000D00013694CF823E0013313612B6998598DEDB6
:1000E000088BFFF7F7FA4845CCD12B690022013481
:1000F0009A512A6B4AF1000AD2F840C064457AF15D
:100100000003D5D3DC461646DDE90432134340F044
:10011000B480002300226446CDE90823CDE90A23F8
:1001200008AB029306F13403F26B06F11001009361
:10013000301D06F11C03019206F1280201F0CAFEEF
:100140002B6B07461A6CDAB10026B1462A690DF10D
:100150001F014FEA860852F8260068B18DF81F90FB
:10016000FFF77CFA00287FF470AF9DF81F3013B9B9
:100170002A6942F808302B6B01361A6CB242E5D876
:1001800037F0020277D1686818B90DE00132824277
:100190000AD0996851F822100029F7D12E6846F844
:1001A000221001328242F4D1E86878B1002202E0E4
:1001B000013282420AD0596951F822100029F7D140
:1001C000AE6846F8221001328242F4D1E86978B173
:1001D000002202E0013282420AD0196A51F822104C
:1001E0000029F7D1AE6946F8221001328242F4D1DB
:1001F000686A78B1002202E0013290420AD0D96ADE
:1002000051F822100029F7D12E6A46F82210013247
:100210009042F4D1E86A78B1002202E001328242D1
:100220000AD0996B51F822100029F7D1AE6A46F82E
:10023000221001328242F4D184F00104022F14BF53
:10024000002404F0010460000DB0BDEC028BBDE899
:10025000F08FD6F840C04FF0FF386FF00047BCF188
:10026000000F7FF406AF4FE74FF461700DB0BDECA7
:10027000028BBDE8F08F0120E7E6049B6446012B6A
:10028000059B73F10003A8BF44F001040CB9234699
:1002900047E7391E404601DA0020014664460AA3BA
:1002A000D3E900230AF06CFDCDE90A23CDE908016A
:1002B00008AB36E70B200DB0BDEC028BBDE8F08F2C
:1002C000FFFFFFFFFFFFFF7F00CA9A3B0000000017
:1002D0000AF02CBF0BF0D0BA0AF0E8BF0AF0DEBF7C
:1002E00010B5054C864684460FCCACE80F00236859
:1002F0007046CCF8003010BDD033002058B10368F0
:1003000043B1436833B1C36823B18068003818BF74
:10031000012070471846704780EA1041164A174B73
:100320004FF0010C81F03D0101EBC10181EA111197
:1003300002FB01F181EAD131A3FB01231B0903EB8D
:100340004302C3EBC203D0B5C91A0D4C6218D2E800
:100350004F3FC2E84ECFBEF1000FF8D1DBB2BFF382
:100360005B8F002BF3D1D0E90067BFF35B8F635441
:1003700030463946D0BD00BF2DEBD427C94216B256
:1003800028F8002070B580EA104E1649164C8EF001
:100390003D0E0EEBCE0E8EEA1E1E01FB0EFE134925
:1003A0008EEADE3EA1FB0E514FF00105090901EB7B
:1003B0004106C1EBC601AEEB010E04EB0E0CDCE80E
:1003C0004F1FCCE8465F002EF9D1C9B2BFF35B8F57
:1003D0000029F4D1C0E90023BFF35B8F04F80E10AD
:1003E00070BD00BF2DEBD42728F80020C94216B2FB
:1003F00080EA104C17498CF03D0C0CEBCC0C8CEACD
:100400001C1C01FB0CFC14498CEADC3C70B58646D4
:10041000A1FB0C01114D4FF00100090901EB410452
:10042000C1EBC401ACEB010C05EB0C01D1E84F4F63
:10043000C1E8460F002EF9D1E4B2BFF35B8F002C68
:10044000F4D1DEE90001CEE90023BFF35B8F05F8AC
:100450000C4070BD2DEBD427C94216B228F80020FD
:1004600068B110B50C4629B10AF0C2FE20B1206077
:10047000002010BD034810BD034B236010BD03488E
:10048000704700BFE4150020000C0020C8150020B4
:10049000064B1B783BB1064B1A780AB901221A7039
:1004A000044B18787047044B187870475FFA0020A7
:1004B00060FA002024EF0020141F0020000000003C
:1004C0009FED077B0023084A084813800849037002
:1004D0000B7082ED027B074A13707047AFF3008008
:1004E0000000000000000000808B002060FA002067
:1004F00024EF00205FFA00200FB4F0B583B008AC01
:100500000E9E84E80F0026B308A8FFF7F7FE00B39D
:1005100000210FAB32460846CDE9003300F006F962
:10052000431C054615D0471C0D9B9F4201D95D1EFB
:100530001F46089B38460C999847044648B13246F6
:100540003946019B00F0F2F8002809DB00236355CF
:1005500000E00024204603B0BDE8F04004B070473E
:100560002046099B0C9900249847F3E72DE9F04FAA
:100570002DED028B87B0002680468A460090084603
:1005800008EE102A994610250DF0A6FC3746B34612
:1005900001901EE00BF1010B019B5E4504EB03088B
:1005A00011D22E44D9F80830D9F8102005EB4505B2
:1005B000B1009847002800F08880B5F5801F0746F5
:1005C00028BF4FF48015009A07EB8B03A41A43F859
:1005D000044C514640460CF089FC04463846002C39
:1005E000D8D140460DF078FC009BA8EB030808EB3F
:1005F00000040294BBF1000F45D018EE100A0DF074
:100600006BFC019A0646D9F80030821AD9F810100E
:100610000BFB0242501C059298478246002854D09A
:100620003A683D4600990124F9F77EF93B68CDE927
:10063000037A0AEB030818EE107ADDF800A0CDF873
:100640000090DDF80490324639464046B044F9F750
:100650006BF955F8042BA3454A440AEB02012AD052
:100660002868821A40469044F9F75EF9621CA34557
:100670001446E8D8DDF80090DDE9037A0023059AF6
:100680000AF802300BE02046D9F80030D9F81010F3
:1006900001309847824610B100990DF0BBFB3846F7
:1006A000D9F80430D9F810109847504607B0BDEC7F
:1006B000028BBDE8F08F029B4046DDF800909A1A4D
:1006C000DDE9037AF9F730F9D8E74FF0000AE6E7F9
:1006D0000CB430B583B006AB53F8042B0193E2B1F0
:1006E000B0FA80F4B1FA81F550EA010C4FEA5414E3
:1006F0004FEA551508D084B97DB90BF025FF03B03A
:10070000BDE8304002B07047614660460BF01CFF08
:1007100003B0BDE8304002B070470DF0CFF91622AB
:1007200003464FF0FF301A60E9E700BF70B5B2B181
:10073000B0FA80F4B1FA81F550EA010C4FEA541492
:100740004FEA551505D054B94DB9BDE870400BF0CE
:10075000FBBE61466046BDE870400BF0F5BE0DF093
:10076000ADF9162303604FF0FF3070BD84B070B553
:1007700082B0054607AC84E80E00B0B10DF0ACFBCA
:10078000421C079B06460B99104601929847044667
:1007900028B1019A2946F9F7C7F80023A355204646
:1007A00002B0BDE8704004B070470446F7E700BFF0
:1007B00082B0F8B506AC054684E80C0088B14F1C41
:1007C0000E460A9938469047044628B13A462946CB
:1007D000F9F7AAF80023A3552046BDE8F84002B077
:1007E00070470446F8E700BF0020014B18607047CF
:1007F00048FA002000285DD02DE9F0410C46016840
:1008000082B0054629B1CB68A34206D91C4600290F
:10081000F9D11F2002B0BDE8F0818B68A34245D01A
:100820000E6AD1E90578002C31D0B4F1804F3FD267
:10083000A700086832463946C047002838D02B68E0
:100840003246394618605868C047002830D02D68B5
:10085000AB686860A34224D22A6800EB070C9900B9
:1008600002EB830E00EB8306E64503D202EB070C96
:10087000664521D3E31A704600219A0001920BF0DD
:10088000E5FF019A002130460BF0E0FF09E008681F
:100890003146B8472B68314658681C60B8472D6808
:1008A0006C600020AC6002B0BDE8F0810020B1E7D0
:1008B0000A20AFE70B2070470439131F08443B445C
:1008C0001144002241F8042F994240F8042FF9D135
:1008D000E7E700BF82B070B504AC84E80C0080B3D9
:1008E000066804462EB11E252846BDE8704002B0B9
:1008F000704704A80D46FFF701FD10B3049B2420A8
:1009000008999847206010B30DF1100E00F1100CFB
:10091000C0E90066C0E90266BEE80F00ACE80F005F
:10092000DEF8003029462046CCF80030FFF762FFA1
:1009300005460028D8D0059B08992068984726606E
:10094000D2E70B252846BDE8704002B070470A2563
:10095000CAE700BF2DE9F04182B000283AD0046810
:100960000646002C32D0A3682BB3002522682F4600
:1009700052F82500E0B1216AD4F814800191C047F3
:100980000199D4E9003243F8257052F82500C04798
:10099000E3686268013B42F825700135E360346822
:1009A000A3689D4207D2226852F825000028E2D1B0
:1009B00001359D42DCD300213046FFF71BFF044682
:1009C00020B930684369016A98473460204602B014
:1009D000BDE8F0810B24204602B0BDE8F08100BFE5
:1009E00078B32DE9F84F8846D0F800B001B3BBFAD0
:1009F0008BF46409BBF1000F1AD0DBF80870DBF848
:100A00000060FFB19146043E56F8045F4FEA840A45
:100A10000134284655B10DF05FFA0246294640469A
:100A20004A4538BF4A460BF0C9FF20B1A742EBD177
:100A30000020BDE8F88FDBF8043053F80A00BDE869
:100A4000F88F70473846F4E700B370B584B00446B9
:100A50000120694609F0FAFDDDE90031002912DBC9
:100A600053EA0102029D01D1002D0CDB084E00204B
:100A7000A3FB06325B1906FB012242EBE572C4E9D7
:100A8000003204B070BD022004B070BD0B2070476E
:100A900000CA9A3B00B370B584B004460020694692
:100AA00009F0D4FDDDE90031002912DB53EA01022F
:100AB000029D01D1002D0CDB084E0020A3FB063265
:100AC0005B1906FB012242EBE572C4E9003204B077
:100AD00070BD022004B070BD0B20704700CA9A3B65
:100AE00010B58EB00446684600F01EF80023EC46B0
:100AF0000020002104F1100EA360C4E90001C4E944
:100B00001233BCE80F00AEE80F00BCE80F00AEE8FF
:100B10000F00BCE80F00AEE80F009CE803008EE871
:100B2000030020460EB010BD30B583B004466D46BC
:100B3000284601F0C3FE0021382220460BF086FE35
:100B400004F110034FF0FF3295E80300E26083E800
:100B50000300204603B030BD70B4DDE9035662B136
:100B60005BB155B14EB1064C207000206661C4E9FE
:100B70000112C4E9033570BC70470B2070BC70478C
:100B800074F800201F4B1A7B70B50546ADF5247D27
:100B90000E4692B11C6884B1A0683246294600F521
:100BA000287003F02BFE646880F00103D8B20CB10A
:100BB0000028F1D10DF5247D70BD134B00211A786A
:100BC00018698DF800225A689C90A3925869DA68D7
:100BD0009B689B926A469D9008469A9301F062F941
:100BE0000028E7D1324629469EA803F053FE04466A
:100BF000684603F0CFFD84F00103D8B20DF5247DE3
:100C000070BD00BFE8F8002074F8002070B528B16E
:100C1000044600680D4601F03FFE10B9012420464D
:100C200070BD6368002BF9D0002DF7D0286801F063
:100C300033FE0028F2D06E68002EEFD0646832696F
:100C40002069D0F8883300F52870196803F014FF84
:100C500002462069D0F89033D0F8881301F09EFD49
:100C600020693269D0F8883300F52870196803F0DC
:100C7000F5FA02462069D0F89033D0F8881301F0D5
:100C80008DFD0446284684F00104E4B2640001F0BE
:100C900063FCC4E7014B1868704700BF581400207C
:100CA00084B0F0B583B009AD85E80E0030B10446DC
:100CB0002846FFF723FB08B1A6682EB10B2003B02E
:100CC000BDE8F04004B070470022002304F1200C7E
:100CD0006F46C4E900231F4B1B68A3600FCDACE82F
:100CE0000F002B683846CCF80030E661E66001F072
:100CF000E5FD04F11003032297E8030083E80300F5
:100D000015481649267601F067FB134808F05EFB8C
:100D1000F0B1134A83685168636310785961D168F0
:100D20001874D961116919625169926859629A619E
:100D300005F0C4FE0AF078FD0AF07EFD636B986250
:100D40000028F9D0002003B0BDE8F04004B070479F
:100D50000120B4E75814002040EF002034EB0020BD
:100D600074F8002070B588B060B10D4651B10446EA
:100D7000806828B1344B19680CF0E2FE002857D186
:100D8000AB681BB10B24204608B070BD23462A4631
:100D900004F13006D3F800E0103353F80CCC1032D5
:100DA00053F8080C53F8041CB34242F810EC42F814
:100DB0000CCC42F8080C42F8041CEBD1196804F181
:100DC000200E5B680DF10C0C116053606646BEE8A6
:100DD0000F00ACE80F00DEF800303046CCF80030F1
:100DE000FFF78CFA0028CDD008AB13E903008DE89B
:100DF000030096E80E00E069FFF7B8FCE861E369DC
:100E000003B1F8B1114808F0E1FAA8B183686B6347
:100E100003F11005626B002402F1100CBCE80F0016
:100E20000FC59CE8070085E80700204608B070BDA4
:100E30000C24204608B070BD049B01240799E86982
:100E40009847A0E70A249EE75814002040EF0020AE
:100E500010B58EB0002835D004462030FFF74EFA8A
:100E600080B3A06820B11C4B19680CF069FE88BBE8
:100E70001A4B196851B3626B01E0496831B38B6852
:100E80009A42FAD1154808F0B1FA216B636AE06919
:100E900098476846FFF748FEEE46A4460024BEE8A1
:100EA0000F00ACE80F00BEE80F00ACE80F00BEE892
:100EB0000F00ACE80F009EE803008CE8030020461A
:100EC0000EB010BD0B2420460EB010BD01242046EC
:100ED0000EB010BD0C24F2E75814002040EF0020A3
:100EE0002DE9F04383B0002800F0D3800E4600299E
:100EF00000F0CF80436B0546002B00F0CA80784B92
:100F000080681F6828B139460CF01AFE002840F0AE
:100F1000CA80744C4FF0000873497448D5E9002327
:100F2000B760C6E90023EB680122B36401F0F4F96D
:100F3000204604226E4901F02FFA6C4884F80D8097
:100F400008F044FA002800F0A9808468686B04F176
:100F50001009416A90F810C0D0E90623019161465A
:100F6000006A0090484603F0D7FB4FF47A7204F50C
:100F7000805360496048C4E9E32204F55E72C4E925
:100F8000E122C3F894850122C3F89885C3F89C85B3
:100F9000C3F8A085C4E9DA78F46401F09DF905226C
:100FA0005649574801F078F90A225649564801F047
:100FB00053F901225549564801F00EF901225549CD
:100FC000554801F029F90F225449554801F0C4F958
:100FD00003225449544801F0FFF90422534954486C
:100FE00001F01AFA53495448042201F035FA4246F6
:100FF000696BF06C00F056FF0746002858D16B6B08
:1010000004F5287504F522719A6A284603F0B8FEA3
:1010100022464A49284603F0D7FE3A464849284620
:1010200003F0CEFE3A464749284603F0D1FE3A4641
:101030004549284603F0D0FEB4F89822042304F56D
:1010400065719200284603F007FFB4F89822042344
:1010500004F694319200C4F87403284603F0D2FEDB
:10106000C4F87803284603F0F1FE41F29431C4F845
:10107000800328462144B4F8982203F0B1FEC4F856
:101080007C03284604F0A4FCF8B1384603B0BDE860
:10109000F0830B27384603B0BDE8F08301273846BC
:1010A00003B0BDE8F0830C27384603B0BDE8F083F9
:1010B000484603F06FFB21460C4808F097F9384684
:1010C000C6F84C8003B0BDE8F083484603F062FBED
:1010D0002146064808F08AF9F7640127D5E700BFE2
:1010E0005814002014F90020984E0020E8F8002041
:1010F00040640020B8EB00204CF800204085002020
:1011000024F90020604500205CF80020D04D00202C
:10111000D8F8002098440020A4EA00205CEC0020CD
:1011200074F9002034EB002040EF002000EE002096
:10113000FCF90020B4EA002028EF0020ED6F010048
:10114000E56F0100857001002171010070B594B058
:10115000002850D00546806828B12B4B19680CF048
:10116000EFFC002843D1294BE96C1C68002C46D0C9
:101170000026D4E9014002698A4224D0002CF8D12B
:1011800089B1D1F8883301F528709B78012B14BF01
:101190000A21002104F0F4FBE86C01F07DF9E86C11
:1011A000103003F0F7FA0023EB64B6B1184D2C6849
:1011B00034B121466468284608F018F9002CF8D1AB
:1011C000304614B070BD183000F0E8F8E96C0646FF
:1011D000002CCED10029D4D1E5E768460026FFF7E0
:1011E0007FFC502269462846F8F79EFBDEE70C2676
:1011F000304614B070BD0B26304614B070BD0029C7
:10120000EBD02646BDE700BF581400204CF8002064
:1012100014F90020174BC16C70B51C68054634B337
:101220000026D4E9014002698A4218D0002CF8D186
:1012300089B1D1F8883301F528709B78012B14BF50
:101240000A21002104F09CFBE86C01F025F9E86C10
:10125000103003F09FFA00233046EB6470BD183065
:1012600000F09CF8E96C0646002CDAD1E0E726464F
:10127000DEE700BF4CF800202DE9F04383B0002BDF
:1012800064D0064638480F4690461D4608F09EF842
:1012900000285BD08468EB6C04F12C0904F118057C
:1012A0002361FFF7F7FCC4F82090C4E90604304638
:1012B0000CF012FE421C3C2A40D8484604F1680952
:1012C0003146F8F731FB3846C4F824900CF004FEA0
:1012D000421C3C2A32D839464846F8F725FB236998
:1012E000012103F58053B3F894054218A3F894251F
:1012F00003F054FA60613B782F2B2CD17B7853BBE1
:1013000033461A4A3C211A480BF05EF82069062140
:101310001FFA88F3D0F8842300F52870019114494E
:1013200000911168626902F0E5FF02462069D0F879
:101330008C33D0F8841301F031FA18B9284600250F
:1013400001F0B0F8284603B0BDE8F0830025284638
:1013500003B0BDE8F0833B46064A3C2100960448B2
:101360000BF032F8D2E700BF4CF800206C140020DC
:101370000CFA0020C01500208C461146BCF1000F6D
:101380000AD09CF800303BB132B1137823B1034648
:10139000826C6046FFF770BF00207047F8B528B335
:1013A0000746006820B1374B19680CF0C9FBE8B953
:1013B0007D68DDB1344B1C68002C60D00026D4E978
:1013C0000141D1F880309D4213D0002CF7D12F4B32
:1013D0001C68C4B1D4E901410B6A9D42F9D17C314A
:1013E000384600F0ABFC01280646F2D10126304613
:1013F000F8BD8431384600F0B1F901280646F5D031
:10140000002CDCD1E3E7224B1C686CB1D4E901412C
:101410008B6F9D42F9D17C31384600F041FB0128A9
:101420000646E3D0002CF1D11A4B1C686CB1D4E90C
:1014300001418B6F9D42F9D17C313846FFF7E6FBC5
:1014400001280646D2D0002CF1D128696A69D0F86B
:10145000883300F52870196802F000FF02462869F9
:10146000D0F88813D0F8903301F098F90346384645
:10147000002B08BF022601F015F83046F8BD2646BD
:10148000A5E700BF581400205CF8002024F90020D4
:10149000D8F80020A4EA00204368186900F55A70C3
:1014A000704700BFC96F04F0ADB800BF002853D02B
:1014B00070B50D468EB000294BD00446006801F08F
:1014C000EBF9002845D06668002E42D0B469284662
:1014D00023699847F369059013B105A898470598C3
:1014E000D6F880301B69009003F52870726906AB4E
:1014F000B16F05F085FBD8B1A36806A928469847C7
:10150000336A04460BB106A8984796F87A30012B47
:10151000D6F8803022D01869F16F00F5287004F0F9
:1015200071F82040C4B284F00100C0B20EB070BDAA
:10153000D6F880301869059B029600F52870009354
:10154000094B019306AB7269B16F05F089FB002866
:10155000D2D101200EB070BD01207047186900F58E
:10156000287003F09FFCDEE78DF200002DE9F04FBC
:1015700087B0002800F0D2800E46002900F0CE800F
:101580000446006815461F4601F086F980F0010008
:10159000C0B2002840F0C280002D00F0BF802B7840
:1015A000002B00F0BB80002F00F0B8805E48D4F81C
:1015B000049007F00BFF002800F0B080846804F16D
:1015C0009C0AC4F88840FFF765FBC4F88400C4F89F
:1015D0008CA028460CF080FC013004F184083C28E3
:1015E00000F28F802B46514A3C2150460AF0ECFE17
:1015F0004FF47A7339465022E36704F12800C4F8A7
:101600008090F8F791F93B7A30464949022BD9F896
:1016100010300CBFD3F87C33D3F87833A3670023A2
:10162000C4E9073301F036FB00286AD04268A261A2
:10163000002A66D029463B46484607F015FF6062FF
:10164000002862D0D9F810300321062503F5805315
:10165000B3F89805421CA3F8982503F09FF8D4F836
:101660008020D9F810302061D3F8843310690095B8
:1016700000F5287019682269D9F8143002F0A2FE2A
:101680000246D9F81000D0F88C33D0F8841301F05A
:1016900085F8B0B3D9F8103005210DF1100A03F523
:1016A0008053B3F89A05421CA3F89A2503F076F804
:1016B000D4F88030394660611E695046D9F8103040
:1016C000D4F824B006F52876D3F8847301F082F8B4
:1016D00003959AE8030001903046ADF80810DBF856
:1016E000103000933968D4E9043202F0CBFE024690
:1016F000D9F81000D0F88C33D0F8841301F04EF8EC
:1017000070B9606A08B100F03DFF40464FF0000834
:1017100000F0E0FE404607B0BDE8F08F4FF0000853
:10172000404607B0BDE8F08F5CF800206C14002044
:10173000281A002078B110B5B1FA81F4640941B1DA
:1017400043685022084603F12801F8F7EDF82046D7
:1017500010BD0B2010BD0B20704700BFF8B528B19D
:10176000044600680D4601F097F810B901242046A0
:10177000F8BD6368002BF9D0002DF7D0286801F080
:101780008BF80028F2D06C68002CEFD0606AD4F897
:10179000807007F0B9FED4F8803062691869D0F81B
:1017A000883300F52870196802F058FDD4F88030AD
:1017B000226904461869D0F8883300F52870196842
:1017C00002F04CFD3E6922460446D6F8903330467E
:1017D000D6F8881300F0E2FF3E6922460446D6F8A8
:1017E00090333046D6F8881300F0D8FF03462846D9
:1017F0001C4084F00104E4B2640000F06BFEB6E724
:101800002DE9F043044600688BB00E46154628B11A
:10181000214B19680CF094F9002839D1646800272D
:101820006369D4F878809B689847D0F80490304674
:10183000D9F810309847D8F81030009003F5287088
:10184000226902AB216F05F0DBF9C5E9000798B109
:10185000D9F8083002A93046984794F87230D8F881
:101860001000012B0CD0616F00F5287003F0CAFE48
:1018700038460BB0BDE8F08301200BB0BDE8F08323
:1018800000F5287003F00EFB38460BB0BDE8F0837E
:101890000C200BB0BDE8F083581400202DE9F04374
:1018A0000546006889B00C4690461E4628B1284B74
:1018B00019680CF045F9002846D10EB100233370A9
:1018C000D5F8049000F0ECFE484600F0C1FE074653
:1018D000B0B38568D5F83828D5F83C38C4E9083263
:1018E00095F837382374B5F8342895F83638A4F8C5
:1018F0001120E374D5F82818D5F82C28D5F83038FD
:101900006161A261E361D9F814309B68984744682B
:10191000D5F8102805F110016846FBF753F9414648
:10192000E36868469847394604460A4807F05EFD72
:1019300006B1347084F00100C0B209B0BDE8F08394
:10194000012009B0BDE8F0830C2009B0BDE8F083A8
:101950005814002014F90020F0B50546006891B035
:101960000C46164628B1294B19680CF0E9F80028F6
:1019700041D16D68A1686068AF6FD4E90432079304
:101980002346069213F8012B9B788DF817208DF8CB
:101990001630B4F80130E268ADF8143002AB6C696F
:1019A00007C3E3689847446830462369984700F1C5
:1019B00018033869009308AB00F528702A69296F6D
:1019C00005F01EF910B9012011B0F0BD02A908A858
:1019D00006F06CFAA36808A93046984795F872306B
:1019E0003869012B0AD0696F00F5287003F00AFEF0
:1019F000002011B0F0BD0C2011B0F0BD00F5287032
:101A000003F050FA002011B0F0BD00BF58140020C0
:101A10002DE9F0410446006888B00F4690461D4607
:101A200020B11D4B19680CF08BF868BB0DB1002379
:101A30002B70646800F034FE204600F009FE064674
:101A400030B363698468DB6804F5036252E902011C
:101A5000C7E9080198474768D4F8102804F1100135
:101A60006846FBF7AFF84146FB6868469847314641
:101A700004460A4807F0BAFC05B12C7084F0010056
:101A8000C0B208B0BDE8F0810C2008B0BDE8F0811C
:101A9000012008B0BDE8F0815814002014F900209E
:101AA00070B528B1044600680D4600F0F5FE10B987
:101AB0000124204670BD6368002BF9D0002DF7D0BB
:101AC000286800F0E9FE0028F2D06E68002EEFD002
:101AD000646832692069D0F8883300F52870196885
:101AE00002F0CAFF02462069D0F89033D0F888137C
:101AF00000F054FE20693269D0F8883300F5287070
:101B0000196802F0ABFB02462069D0F89033D0F898
:101B1000881300F043FE0446284684F00104E4B232
:101B2000640000F003FDC4E72DE9F04F8DB00029FB
:101B300000F0D8800446002800F0D48000680E46EB
:101B400015461F4600F0A8FE80F00100C0B2002834
:101B500040F0C880002D00F0C5802B78002B00F0ED
:101B6000C180002F00F0BE806748D4F8049007F0D1
:101B70002DFC0446002800F0B680D0F8088008F15B
:101B8000980AC8F88080FFF785F8C8F87C00C8F884
:101B900084A028460CF0A0F9013008F17C043C2810
:101BA00000F2A5802B46594A3C2150460AF00CFC15
:101BB0003946502208F12800C8F82090F7F7B4FE03
:101BC0003046534901F066F8002800F090804268E2
:101BD000C8F81820002A00F08A8029463B4648466B
:101BE00007F042FCC8F81C00002800F08580D9F8F6
:101BF00010300421062503F58053B3F89C05421CE0
:101C0000A3F89C2502F0CAFDC8F81000D9F810000E
:101C1000D0F8843300F5287000951968D8F81020A2
:101C2000D9F8143002F0FEFB0246D9F81000D0F8C3
:101C30008C33D0F8841300F0B1FD002857D0D9F8C8
:101C40001030294608AE03F58053B3F89E05421CB8
:101C5000A3F89E2502F0A2FDD9F810A0D8F81C30F8
:101C60003946C8F814003046DAF884B3059300F01A
:101C7000B1FD0395059B96E8030001900AF52870D5
:101C8000ADF808101B690093DBF80010D8E90432A6
:101C900002F05EFC0246D9F81000D0F88C33D0F880
:101CA000841300F07BFD10B33B7A4FF6FF72D9F836
:101CB0001000022B0A92D0F884134FF0000208BFE4
:101CC000D0F8803300F5287018BFD0F8D4300B92CC
:101CD00007930AAB0093079BD8F81420096802F019
:101CE00091FE00E0002420460DB0BDE8F08FD8F84A
:101CF0001C0008B100F046FC2046002400F000FC67
:101D000020460DB0BDE8F08F24F900206C140020AF
:101D1000281A002078B110B5B1FA81F4640941B1F4
:101D200043685022084603F12801F7F7FDFD2046DD
:101D300010BD0B2010BD0B20704700BFF8B528B1B7
:101D4000044600680D4600F0A7FD10B901242046A6
:101D5000F8BD6368002BF9D0002DF7D0286800F09B
:101D60009BFD0028F2D06C68002CEFD0266A6269D7
:101D70003069D0F8883300F52870196802F07CFECD
:101D800002463069D0F89033D0F8881300F006FD91
:101D9000E06907F0B9FB236A62691869D0F88833F3
:101DA00000F52870196802F059FA236A226904467E
:101DB0001869D0F8883300F52870196802F04EFAD7
:101DC000376922460446D7F890333846D7F8881347
:101DD00000F0E4FC366922460446D6F890333046DB
:101DE000D6F8881300F0DAFC034628461C4084F03D
:101DF0000104E4B2640000F083FBA8E7F0B50446F8
:101E0000006889B00F46154628B1244B19680BF0BD
:101E100097FE00283ED105B3002364682B7000F0C4
:101E20003FFC204600F014FC0646F0B1816868468D
:101E3000D1F810281031FAF7C5FEA3693946684673
:101E4000DB68984704463146154807F0CFFA2C70F6
:101E500084F00100C0B209B0F0BD646800F020FC5D
:101E6000204600F0F5FB054610B9012009B0F0BD91
:101E7000A9686846D1F810281031FAF7A3FEA369C3
:101E800039466846DB68984729460446044807F007
:101E9000ADFADDE70C2009B0F0BD00BF58140020FA
:101EA00014F9002008B508B100F1100239B14969F0
:101EB000104602F03BFC80F00100C0B208BD044BAC
:101EC0001046596802F032FC80F00100C0B208BD33
:101ED00074F800202DE9F04340EA010489B0074678
:101EE0001C43129D52EA040000F0DD8088469946AA
:101EF00016466DB18D4B04AC0FCB84E80F008DE816
:101F00000F0095E80F0000F0FDFC002800F0FA80BB
:101F10004FF0FF3500F0C4FB854B1C684CB12346E5
:101F20000021D3E9013202F5805282F8A415002B7A
:101F3000F7D186B1316871B1D6F804C00023012011
:101F40005CF823200133926F9942126902F58052A6
:101F500082F8A405F4D1B9F1000F11D0D9F800101E
:101F600071B1D9F804C0002301205CF823200133AB
:101F7000926F9942126902F5805282F8A405F4D159
:101F800087B1396871B1D7F804C0002301205CF82B
:101F900023200133126A9942126902F5805282F8B5
:101FA000A405F4D13CB322460023D2E9012101F576
:101FB000805191F8A4150B44DBB2002AF5D1002B17
:101FC00074D06A1C0DD007EE905AF8EEE76A07EE5F
:101FD000903AF8EE677A86EEA77AFDEEC77A17EEAA
:101FE000905AA06800F5805393F8A435002B7FD158
:101FF0006468002CF5D1002E00F09580346874B12F
:1020000000252C46736853F8250000F021FB0028BA
:1020100056D0013533680124AB42F3D80124B9F11D
:10202000000F12D0D9F800307BB10025D9F8043068
:1020300053F8250000F00CFB002849D00135D9F8F1
:1020400000300124AB42F1D801247FB13B686BB171
:1020500000257B6853F8250000F0FAFA00283FD0ED
:1020600001353B680124AB42F3D80124B8F1000FDD
:1020700016D0D8F800509DB100231E4604E040F869
:10208000232001339D420BD0D8F8040050F82310D0
:102090000A7C002AF3D0013314460E749D42F3D11A
:1020A00084F00104600009B0BDE8F083A06800215D
:1020B00000F5287003F06CFA6468002CF6D19AE7FA
:1020C000D6E9003242F825000135AB429AD8A6E79E
:1020D000D9E9003242F825000135AB42A6D8B4E771
:1020E000D7E9003242F825000135AB42B1D8BDE74F
:1020F000294600F5287003F065FA6468002C7FF427
:1021000070AF78E795E80F0000F050FC094A002313
:1021100008F086FEB0F1004F054671F10001A8BF3E
:102120006FF00045F6E6344679E700BF80020020F4
:10213000E8F8002040420F0008B5034807F046F9D0
:1021400008B18068103008BDFCF9002008B5084BC4
:10215000196811B90AE0496841B18B681033984297
:10216000F9D1034807F042F9002008BD012008BD5D
:10217000FCF90020054B1B6823B1986800F5287016
:1021800002F086BE00200021704700BFE8F8002062
:1021900008B5074B1B684BB10146986800F52870DD
:1021A00003F0AAFA80F00100C0B208BD012008BD0A
:1021B000E8F8002068B1C36C00294FF00000D4BFDC
:1021C00003F55F7203F55E72C3F89013C3F88823BA
:1021D00070470B20704700BFE2B12DE9F041057B4D
:1021E0000646ADB9C82317460C46A846836040F2A0
:1021F0000113C0E90055838101352146304607F0BF
:10220000F5F8AF42A46004F1C80404F8BC8CF3D123
:10221000BDE8F081704700BFE2B12DE9F041057BD8
:102220000646ADB9C82317460C46A846836040F25F
:102230000113C0E90055838101352146304607F07E
:10224000D5F8AF42A46004F1C80404F8BC8CF3D103
:10225000BDE8F081704700BFE2B12DE9F041057B98
:102260000646ADB9D82317460C46A846836040F20F
:102270000113C0E90055838101352146304607F03E
:10228000B5F8AF42A46004F1D80404F8CC8CF3D1C3
:10229000BDE8F081704700BFE2B12DE9F041057B58
:1022A0000646ADB9D82317460C46A846836040F2CF
:1022B0000113C0E90055838101352146304607F0FE
:1022C00095F8AF42A46004F1D80404F8CC8CF3D1A3
:1022D000BDE8F081704700BFE2B12DE9F041057B18
:1022E0000646ADB9A42317460C46A846836040F2C3
:1022F0000113C0E90055838101352146304607F0BE
:1023000075F8AF42A46004F1A40404F8988CF3D1EA
:10231000BDE8F081704700BFEAB12DE9F843057BC5
:102320000646B5B941F2A85840F2011317460C46CB
:10233000A946C0F808808381C0E9005501352146CF
:10234000304607F053F8AF42A46084F80C90444440
:10235000F4D1BDE8F8837047E2B12DE9F041057B87
:102360000646ADB91C2317460C46A846836040F2CA
:102370000113C0E90055838101352146304607F03D
:1023800035F8AF42A46004F11C0404F8108CF3D1BA
:10239000BDE8F081704700BFEAB12DE9F041057B4F
:1023A0000646B5B94FF4046317460C46A846836049
:1023B00040F20113C0E900558381013521463046C2
:1023C00007F014F8AF42A46084F80C8004F50464AC
:1023D000F3D1BDE8F0817047E2B12DE9F041057B12
:1023E0000646ADB92C2317460C46A846836040F23A
:1023F0000113C0E90055838101352146304606F0BE
:10240000F5FFAF42A46004F12C0404F8208CF3D152
:10241000BDE8F081704700BFE2B12DE9F041057BD6
:102420000646ADB91C2317460C46A846836040F209
:102430000113C0E90055838101352146304606F07D
:10244000D5FFAF42A46004F11C0404F8108CF3D152
:10245000BDE8F081704700BFE2B12DE9F041057B96
:102460000646ADB9202317460C46A846836040F2C5
:102470000113C0E90055838101352146304606F03D
:10248000B5FFAF42A46004F1200404F8148CF3D12A
:10249000BDE8F081704700BF0146014806F0A6BFC5
:1024A000E8F8002038B50446006828B1074B1968E1
:1024B0000BF046FB40B92060616829B10025044853
:1024C0000D6106F093FF656038BD00BF5814002011
:1024D0004CF8002010B50446006828B1064B196876
:1024E0000BF02EFB38B92060616821B1034806F07B
:1024F0007DFF0023636010BD581400205CF80020AD
:1025000010B50446006828B1064B19680BF018FB9B
:1025100038B92060616821B1034806F067FF0023E5
:10252000636010BD5814002024F9002010B5044643
:10253000006828B1064B19680BF002FB38B920601F
:10254000616821B1034806F051FF0023636010BDAC
:1025500058140020D8F8002010B50446006828B1AF
:10256000064B19680BF0ECFA38B92060616821B1AC
:10257000034806F03BFF0023636010BD58140020A1
:10258000A4EA002010B504460348214606F02EFFB9
:102590000023A36110BD00BF74F9002082B02B4955
:1025A00030B50D6803AC84E80C001C46002D4BD000
:1025B0002B4600219A685B68D2F81428904208BF25
:1025C0000131002BF6D19DF80C30022B29D020D8F8
:1025D0008C4228D8B4FA84F2520924B3DDB14FF00A
:1025E000FF3C6FF0004401E06D68ADB1AB68D3F81B
:1025F00014188842F8D1D3F8181803F5026361451E
:1026000053F8043C73EB040EEEDA8C461C462A4663
:10261000EAE7032BDCD000221046BDE8304002B0D0
:1026200070478C4205D90948BDE8304002B006F039
:10263000CDBEB4FA84F25209002CEDD10348BDE8B6
:10264000304002B006F0C2BE2946BCE714F90020B3
:10265000124B1B6830B5F3B14FF0FF3E6FF0004CEA
:10266000002401E05B68A3B19A68D2F8141888428C
:10267000F8D1D2F8181802F50262714552F8042C0C
:1026800072EB0C05EEDA1C465B688E469446002B16
:10269000EAD1204630BD1C46204630BD14F900204A
:1026A0003D4B2DE9F04F1F682DED068B8DB0FFF7E8
:1026B00061FD002F5DD0B84681468A4604ACD8F84B
:1026C000085095F82038042B9FED2D8B9FED2EABF5
:1026D0009FED2F9B3FD0052B44D0032B3BD08DED9E
:1026E000048B8DED06AB08AB8DED088B8DED0A8B61
:1026F0000FCB8DE80F0094E80F0000F003F918B13C
:102700008DED049B8DED068BD5F8186805F50265F7
:1027100055F8047CD8F804B094E80F0000F046F9AE
:10272000301847EB0101484571EB0A0705DB55E915
:10273000022391457AEB030303DA4146164806F07B
:1027400055FEBBF1000F14D0D846D8F8085095F8C4
:102750002038042BBFD1D5F8143840330FCB84E890
:102760000F00C0E7D5F8143848330FCB84E80F00CA
:10277000B9E70DB0BDEC068BBDE8F08FAFF300807C
:102780000000000000000000010000000000000048
:102790001E0000000000000014F9002010B58C7825
:1027A00086B0012CADF80E200CD0012419460DF195
:1027B0000E020DF11703009400F5287002F046FF99
:1027C00006B010BD00F5287002F06CFB204606B084
:1027D00010BD00BF0A7891F808C0A2F10202ACF166
:1027E000020CB2FA82F2BCFA8CFC52094FEA5C1C71
:1027F00082704A7A8988A2F1020280F801C0818041
:10280000B2FA82F25209520002707047002330B5CA
:102810000B7087B003681446BBB10E4A154600958D
:1028200003920D4D426808460C49049205910291AD
:1028300021460B4A019509F0C7FD0028A8BF844234
:10284000CCBF0120002007B030BD064B014A1D4619
:10285000E5E700BF5C140020741400207014002011
:1028600060140020000C002030B5144683B00546EB
:10287000074B084A08460095214609F0A5FD0028A7
:10288000A8BF8442CCBF0120002003B030BD00BFF0
:10289000DC160020B815002010B5044640B1FEF744
:1028A000F9F9014620460BF04BF9B0FA80F04009E7
:1028B00010BD00BF0022026002717047002202704A
:1028C00042607047B0B138B5044608460D46FDF782
:1028D00015FD68B1206820B16B682969984700230D
:1028E0002360201D06F060FC003818BF012038BDB1
:1028F0000B2038BD0B2070470022C0E90022826007
:10290000704700BFF0B484B004AC04E90F0025495F
:102910000222019D8142AA4133D3234C03466FF02A
:102920000041A3FB0432DDE9020604FB0522DD437E
:102930008C1A8542B44132D310EB030C42EB0601F2
:10294000089B02221748099E9842B2411ED3164C9A
:102950006FF000400A9DA3FB04320B9F04FB06228C
:10296000DE43841AAE42BC4115D35B1942EB070229
:102970008A4208BF63450CBF0120002004B0F0BCB0
:1029800070474FF0FF3C6FF00041D9E74FF0FF3345
:102990006FF00042ECE74FF0FF330246E8E74FF0FC
:1029A000FF3CCDE7047DC12500CA9A3B70B485B0D9
:1029B00004AC04E90F0013490222019D8142AA419F
:1029C00014D3034610486FF00041A3FB0032DDE949
:1029D000024600FB0522DD43881AA542B0410CD314
:1029E000181942EB060105B070BC70474FF0FF307C
:1029F0006FF0004105B070BC70474FF0FF3005B07C
:102A000070BC7047047DC12500CA9A3B10B50446CE
:102A10004022002109F01AFF204610BD00285DD099
:102A20002DE9F0410D4600295AD0044616460BF018
:102A300053FA50B123782F2B0ED002232B6046B1CE
:102A4000002318463360BDE8F08101232B60002E7F
:102A5000F6D10020BDE8F081431EE25C2F2A41D070
:102A6000621EC4F1010E02EB00080EEB020712F821
:102A7000013F23F02001A3F12F0C413919290FD96F
:102A8000BCF10A0F0CD9A3F15F03B3FA83F35B091E
:102A900033B904222A60002EDBD018463760D2E713
:102AA0004245E2D101231A4F04E0984204F10104A7
:102AB00013461CD9984203F10102F6D021782F2940
:102AC000F3D161782F291ED0795C4907EDD5062214
:102AD0002A60002EBDD000203360B4E70B20704781
:102AE0000B20B0E703222A60002EF4D1B1E7F728CB
:102AF00003D8002318462B60A5E707232B60002E80
:102B0000A7D0F623E7E705222A60002EE3D1A0E74D
:102B100031060020002833D070B51446C2B062B32D
:102B200001290E461D4602D103782F2B12D001AA8F
:102B30006946FFF773FF80B9009B4BB1072B07D0A5
:102B40005A1E052A1ED8DFE802F00A0A0A0A0A0AF3
:102B5000F52E0BD800231846236042B070BD2360C9
:102B6000002DFAD0019B2B6042B070BD072323607B
:102B7000002DF2D0F4232B60EFE70B2042B070BDA4
:102B80000B207047034A4FF4807102A8FDF7A0FDA7
:102B90000120E2E78C16002068B170B50D4616469C
:102BA00004460BF099F9334601462A462046BDE813
:102BB0007040FFF7AFBF0B20704700BF072803D856
:102BC000024B53F82000704701487047C0090020AD
:102BD00024160020002842D02DE9F0410D4600299E
:102BE0003FD0044616460BF077F910B3631EC4F1CC
:102BF000010103EB0008CF1813F801EFAEF130022A
:102C00002EF0200C092AACF1410C05D9BCF1190FAA
:102C100002D9BEF15F0F14D14345ECD12378164A97
:102C2000D35C13F0040313D1FF281CD818462B6083
:102C30000CE001232B607EB1002318463360BDE811
:102C4000F08102232B603EB100203760BDE8F081A7
:102C500003232B60002EEFD10020BDE8F0810B2074
:102C600070470B20F2E704222A60002EF4D0FE22E7
:102C700018463260EAE700BF31060020042803D876
:102C8000024B53F82000704701487047AC09002000
:102C9000581600208368184710B5044600680AF0EB
:102CA0004FFF00280CBF2046002010BD2DE9F04149
:102CB000056804460E4628460AF042FFC8B1114B8B
:102CC0001B689D4212D1D4F80480D8F8004084B12A
:102CD000D8F808500027043D314655F8040F0AF093
:102CE0002FFFBB0040B10137A742F5D10020BDE85E
:102CF000F0812046BDE8F081D8F81020BDE8F04111
:102D0000D3581847F0350020044B1A680AB103481D
:102D10007047034A014812681A60704770310020FA
:102D2000F0350020024A034B12681A60704700BF5A
:102D3000F035002070310020044B1A680AB10348B6
:102D40007047034A014812681A60704784310020B6
:102D5000F0350020024A034B12681A60704700BF2A
:102D6000F0350020843100200920704700EBC100BD
:102D7000704700BF00EBC101D1E90001C2E90001C9
:102D8000704700BFD2E9002300EBC101C1E9002375
:102D9000704700BF06F016BC06F06ABC09207047F9
:102DA0000920704700EBC100704700BF00EBC10075
:102DB000704700BF00EBC100704700BF00EBC100CF
:102DC000704700BF00EBC100704700BF00EBC101BE
:102DD000D1E90001C2E90001704700BFD2E9002338
:102DE00000EBC101C1E90023704700BF00EBC10146
:102DF000D1E90001C2E90001704700BFD2E9002318
:102E000000EBC101C1E90023704700BF10B50C4CB5
:102E100000F036FBE06000F05BFEA064F8F7CCF950
:102E2000C4F8C000F8F7C8F9064BC4F838011A68AE
:102E30000AB1044810BD044A024812681A6010BD65
:102E4000F83500209C370020F43500200920704719
:102E500000EBC100704700BF00EBC101D1E90001E8
:102E6000C2E90001704700BFD2E9002300EBC101B5
:102E7000C1E90023704700BF06F00EBC06F030BC6D
:102E800000EBC100704700BF10B5084C00F0F8FA25
:102E9000E06000F015F8064BA0641A680AB1044817
:102EA00010BD044A024812681A6010BDA8370020FD
:102EB0004C390020F435002006F01EBC06F020BC82
:102EC000044B1A680AB103487047034A0148126864
:102ED0001A607047D0390020F4350020F8B5074655
:102EE0000E4600F017FC044607F118003444C6F102
:102EF0004806214600F0FAFD251808212846F9F772
:102F000065FE044607F18000483425442946F8F759
:102F100061F9054408212846F9F758FE044607F1EF
:102F2000E00048342C442146F8F754F904440821C1
:102F30002046F9F74BFE30442044F8BD08B1FFF7B6
:102F4000CDBF704710B10021FFF7C8BF704700BF69
:102F500038B50C46002937D0054600F05FFC034623
:102F6000214628465B68DB68984700F06BFE034605
:102F700004F1180128465B68DB689847092204F1D0
:102F80003801284601F092F8F8F7ACF9034604F14D
:102F9000800128465B68DB689847092204F19801A4
:102FA000284601F083F8F8F79DF9034604F1E001A3
:102FB00028465B68DB68984704F1F8012846092237
:102FC000BDE8384001F072B8084638BD002839D055
:102FD00038B504460D4600F021FC0346294620463C
:102FE0005B689B68984700F02DFE0346294604F174
:102FF00018005B689B689847092204F1380128464D
:1030000001F000F8F8F76EF90346294604F1800054
:103010005B689B689847092204F19801284600F0F4
:10302000F1FFF8F75FF90346294604F1E0005B6819
:103030009B68984704F1F80128460922BDE838400A
:1030400000F0E0BF704700BFF8B5012307460E4609
:10305000037000F0D9FB044638463444C6F14806F4
:10306000214600F0CFFD251808212846F9F7AEFDCE
:1030700004463846483425442946F8F719F90544EA
:1030800008212846F9F7A2FD0446384648342C4466
:103090002146F8F70DF9044408212046F9F796FD7A
:1030A00030442044F8BD00BF00B583B000210DF1CD
:1030B0000700FFF7C9FF03B05DF804FB0048704745
:1030C000F030002070B50C46064600F023FB0546A4
:1030D00006F114002544C4F10104294600F0CCF89F
:1030E000054408212846F9F771FD082108440544E4
:1030F0002846F9F76BFD0821084405442846F9F7EE
:1031000065FD0821084405442846F9F75FFD48306D
:10311000012105442846F9F759FD2044284470BD93
:1031200008B1FFF7CFBF704710B10021FFF7CABF4A
:10313000704700BF38B50C4669B3054600F06EFB1A
:103140000346214628465B68DB68984700F0F8F89C
:10315000034604F1140128465B68DB68984704F1D4
:1031600018012846F9F746FB04F120012846F9F733
:1031700041FB04F128012846F9F73CFB04F130013A
:103180002846092200F092FF04F178012846BDE8A4
:103190003840F8F7EFB8084638BD00BF78B338B507
:1031A00004460D4600F03AFB0346294620465B687C
:1031B0009B68984700F0C4F80346294604F11400C0
:1031C0005B689B689847284694ED060BF9F770F901
:1031D000284694ED080BF9F76BF9284694ED0A0B95
:1031E000F9F766F904F130012846092200F00AFFD8
:1031F00094F878102846BDE83840F8F7A5B870472D
:10320000F8B501260C460746067000F0FDFA0546A3
:1032100038462544341B294600F07EF80544082131
:103220002846F9F7D3FC0821084405442846F9F755
:10323000CDFC0821084405442846F9F7C7FC0821BD
:10324000084405442846F9F7C1FC48303146054496
:103250002846F9F7BBFC20442844F8BD00B583B0EC
:1032600000210DF10700FFF7CBFF03B05DF804FB71
:10327000004870471431002080B138B50D46012157
:103280006C1C2846F9F7A2FCC5F102050444022192
:103290002046F9F79BFC0544281938BD704700BF4C
:1032A00038B50C4641B10546F8F7A0FDA11C2846EB
:1032B000BDE83840F8F774B9084638BD68B138B58C
:1032C0000D46044690F900102846F8F779FD61880C
:1032D0002846BDE83840F8F763B8704760B101216F
:1032E000002010B5F9F772FC441C02212046F9F7C2
:1032F0006DFC0230204410BD704700BF10B50121A5
:103300000020F9F763FC441C02212046F9F75EFC1B
:103310000230204410BD00BF38B501230C460370B5
:1033200019462046F9F752FC631CC4F1020402213D
:10333000C5182846F9F74AFC2044284438BD00BF88
:103340000048704720310020044B1A680AB1034836
:103350007047034A014812681A607047B431002070
:10336000F0350020024A034B12681A60704700BF14
:10337000F0350020B4310020044B1A680AB103482C
:103380007047034A014812681A607047D431002020
:10339000F0350020024A034B12681A60704700BFE4
:1033A000F0350020D4310020044B1A680AB10348DC
:1033B0007047034A014812681A607047C031002004
:1033C000F0350020024A034B12681A60704700BFB4
:1033D000F0350020C031002006F094B906F096B90F
:1033E000044B1A680AB103487047034A014812683F
:1033F0001A607047183A0020F43500204068704782
:10340000006800EB81007047036803EB81010B68E3
:10341000136070470368126803EB81010A6070470C
:1034200006F076B906F098B910B5044682B001915D
:1034300006F0B4F80199204602B0BDE8104006F04D
:1034400095B800BF006800EB8100704708B500F038
:1034500071F8064B06491A68C8600AB1034808BDEE
:10346000044A024812681A6008BD00BF9C3A002056
:10347000243A0020F435002006F07AB906F09CB911
:1034800008B500F0A5FA064B06491A68C8600AB1EB
:10349000034808BD044A024812681A6008BD00BF0C
:1034A000203B0020A83A0020F435002040687047F7
:1034B000006801EB810100EB81007047036801EBBC
:1034C0008101944600B503EB810EBEE80F00ACE825
:1034D0000F00DEF80030CCF800305DF804FB00BFD0
:1034E000036801EB810100B5964603EB810CBEE851
:1034F0000F00ACE80F00DEF80030CCF800305DF8CB
:1035000004FB00BF06F0EEB906F0FEB910B50446A4
:1035100082B0019106F0BEF90199204602B0BDE8E3
:10352000104006F0B3B900BF006801EB810100EB69
:103530008100704708B506F0F5F9064B06491A6890
:10354000C8600AB1034808BD044A024812681A60FC
:1035500008BD00BF643C0020EC3B0020F435002097
:1035600006F0D6B906F0D8B9044B1A680AB1034878
:103570007047034A014812681A607047AC3C00204B
:10358000F43500200121002008B5F9F71FFB0130B8
:1035900008BD00BF09B1F7F7BFBE0846704700BFBE
:1035A00008B520B108460121F9F710FB013008BD2C
:1035B0000A4618B101781046F7F798BE704700BF69
:1035C00030B10121002008B5F9F700FB013008BD3A
:1035D000704700BF00487047CC30002000B583B072
:1035E000012300210DF107008DF8073000F0B2F93A
:1035F00003B05DF804FB00BFF8B5044660B10D46AA
:1036000000F04CF9042167692E183046F9F7DEFA0C
:10361000041D34440FB9601BF8BD204604EB870439
:103620000421F9F7D3FA0444601BF5E7F0B50C4622
:1036300083B0D9B1064600F097F9034621463046DB
:103640005B68DB689847A76901AB21693A46304659
:1036500000F0EAFD019B054620B99F420AD32846A7
:1036600003B0F0BD2846636103B0F0BD0D462846A7
:1036700003B0F0BD01233046B57504217375656153
:10368000F9F7BCFA019930468900F9F7EFFA2846B4
:1036900003B0F0BD88B138B504460D4600F064F9BA
:1036A0000346294620465B689B6898472846D4E92C
:1036B0000412BDE8384000F0A5BD704738B5044697
:1036C00050B1002100F0EAF8656904460421F9F7D9
:1036D0007DFA2044041D0DB9204638BD204604EB78
:1036E00085040421F9F772FA0444204638BD00BF6E
:1036F00000487047D830002000B583B00123002176
:103700000DF107008DF8073000F0C0F903B05DF847
:1037100004FB00BF70B5054668B10C4600F066F9C1
:1037200004212618C4F105043046F9F74FFAEB6876
:103730001C440444A01970BDF0B50C4683B0E9B137
:10374000064600F0B7F90346214630465B68DB6861
:103750009847276901ABA1683A46304600F00CFD56
:10376000019B054620B99F420CD3284603B0F0BD0B
:1037700003B1013B2846E36003B0F0BD0D46284687
:1037800003B0F0BD01213046B5757175E560F9F7FC
:1037900035FA30460199F9F769FA284603B0F0BDC9
:1037A00008B370B504460D4600F084F90346294677
:1037B00020465B689B689847A6685EB130460AF071
:1037C0008BFB0346421C31462846E360BDE870404F
:1037D00000F0C0BC3346324631462846E360BDE8BF
:1037E000704000F0B7BC704738B5044650B10021B6
:1037F00000F0FCF804210546F9F7E8F9E46805341F
:103800002C44204438BD00BF012310B5037004468A
:1038100000F03CF90023237010BD00BF0048704742
:10382000E43000200421002008B5F9F7CFF9043076
:1038300008BD00BF2DE9F8438946074604214846E4
:10384000D7F80480F9F7C2F909F10403C618B8F1F2
:10385000000F18D0002506F003F93A6805EB85043F
:1038600043683146013502EB84005B6998470446A2
:103870003046042C214628BF0421F9F7A7F9A845B2
:1038800004442644E7D1C9F1040904213046B14477
:10389000F9F79CF94844BDE8F88300BF08B1FFF789
:1038A000C9BF704710B10021FFF7C4BF704700BF08
:1038B00049B3F0B583B00E46074601A9F8F78AF878
:1038C000019BB2689A421BD373608BB100242546DA
:1038D00002E0019B9D420BD206F0C2F831684368BA
:1038E000384621440135DB68143498470028F0D16C
:1038F00006F10C01384603B0BDE8F040F8F76AB8AD
:10390000002003B0F0BD0020704700BF08B3F8B539
:10391000476805460E4608463946F7F72BFF90B133
:103920008FB1002401E0A7420DD006F099F82A6873
:1039300004EB840C43683146013402EB8C009B6835
:1039400098470028EFD1E9683046BDE8F840F7F71E
:1039500011BF704708B500220346084604211A70BB
:10396000F9F734F9043008BD0048704708310020E9
:103970000121002008B5F9F729F9013008BD00BF81
:1039800009B1F7F7F7BC0846704700BF08B520B18A
:1039900008460121F9F71AF9013008BD0A4618B1A5
:1039A00001781046F7F7D0BC704700BF30B1012155
:1039B000002008B5F9F70AF9013008BD704700BFCB
:1039C000004870474431002006F04EB806F050B869
:1039D000044B1A680AB103487047034A0148126849
:1039E0001A607047C4330020F435002080B138B528
:1039F0000D4604212C1D2846F9F7E8F8C5F1040509
:103A0000044404212046F9F7E1F80544281938BD9B
:103A1000704700BF38B50C4641B10546F8F788FB42
:103A2000211D2846BDE83840F7F7D4BF084638BD09
:103A300060B138B50D46044601682846F8F7E0FA4B
:103A400061682846BDE83840F7F794BE704700BF6C
:103A500060B10421002010B5F9F7B8F8042144182A
:103A60002046F9F7B3F80430204410BD704700BF7A
:103A700010B504210020F9F7A9F8042144182046C4
:103A8000F9F7A4F80430204410BD00BF38B50C4647
:103A90000123042103702046F9F798F8231DC4F18F
:103AA00004040421C5182846F9F790F82044284456
:103AB00038BD00BF0048704738310020003818BFBB
:103AC00001207047704700BF05F0D4BF05F0E2BF8A
:103AD000044B1A680AB103487047034A0148126848
:103AE0001A607047E8340020F4350020E8B170B562
:103AF0000D46082105F108062846F9F767F8082160
:103B00000644C5F108053046F9F760F80821441865
:103B100034442046F9F75AF8082108440444204662
:103B2000F9F754F80544281970BD704738B50C46AC
:103B300099B10546F8F75EFE04F108012846F8F74A
:103B400059FE04F110012846F8F754FE04F118015B
:103B50002846BDE83840F8F74DBE084638BD00BFDE
:103B6000C0B138B50D46044690ED000B0846F8F795
:103B70009FFC284694ED020BF8F79AFC284694ED3A
:103B8000040BF8F795FC284694ED060BBDE8384089
:103B9000F8F78EBC704700BFC0B10821002038B5CF
:103BA000F9F714F8082145182846F9F70FF8082105
:103BB00044182C442046F9F709F808210844044425
:103BC0002046F9F703F80830204438BD704700BF9D
:103BD00038B508210020F8F7F9FF082145182846D4
:103BE000F8F7F4FF082144182C442046F8F7EEFFBC
:103BF0000821084404442046F8F7E8FF0830204430
:103C000038BD00BF70B501230C4608210370204663
:103C1000F8F7DCFF04F108030821C4F10804C61812
:103C20003046F8F7D3FF0821451835442846F8F701
:103C3000CDFF0821084405442846F8F7C7FF204473
:103C4000284470BD004870472C3100202DE9F04118
:103C500019461F4605469046F8F760FFE0B93E4614
:103C60000BE04144A8682246361BF5F75DFEAB68C1
:103C7000286923442044AB6028613146012228464C
:103C8000F8F7D6FFB91B04460028EAD10123A87D26
:103C90006B755840BDE8F0813A464146A868F5F793
:103CA00043FEAA682B693A443B44AA602B61EDE7C6
:103CB0002DE9F04119461F4605469046F8F72EFFBC
:103CC000E8B93E460CE0224608EB0300A968361B23
:103CD000F5F72AFEAB682A6923441444AB602C61D3
:103CE000314601222846F8F7A3FFBB1B04460028F3
:103CF000E9D10123A87D6B755840BDE8F0813A46B3
:103D0000A9684046F5F710FEAA682B693A443B447F
:103D1000AA602B61EDE700BF2DE9F041884611460E
:103D200017460546F8F7FAFEE0B93E460BE0224694
:103D30004144A868361BF5F7F7FDAA682B692244B1
:103D40002344AA602B61314601222846F8F770FF10
:103D5000B91B04460028EAD10123A87D6B755840A1
:103D6000BDE8F0813A464146A868F5F7DDFDAA684E
:103D70002B693A443B44AA602B61EDE72DE9F04101
:103D800019461F4605469046F8F7C8FEE0B93E467C
:103D90000BE04144A8682246361BF5F7C5FDAB6829
:103DA000286923442044AB6028613146012228461B
:103DB000F8F73EFFB91B04460028EAD10123A87D8D
:103DC0006B755840BDE8F0813A464146A868F5F762
:103DD000ABFDAA682B693A443B44AA602B61EDE72E
:103DE0002DE9F0418846114617460546F8F796FE3C
:103DF000E8B93E460CE008EB03002246A968361BF2
:103E0000F5F792FDAA682B6922442344AA602B612E
:103E1000314601222846F8F70BFFBB1B0446002859
:103E2000E9D10123A87D6B755840BDE8F0813A4681
:103E3000A9684046F5F778FDAA682B693A443B44E7
:103E4000AA602B61EDE700BF2DE9F04119461F463E
:103E500005469046F8F762FEE8B93E460CE0224679
:103E600008EB0300A968361BF5F75EFDAB682A690D
:103E700023441444AB602C61314601222846F8F7F4
:103E8000D7FEBB1B04460028E9D10123A87D6B7532
:103E90005840BDE8F0813A46A9684046F5F744FD30
:103EA000AA682B693A443B44AA602B61EDE700BF46
:103EB0002DE9F04104468846042116461F46F8F7CE
:103EC0008DFE01462046657DF8F7D0FEB8F1010F62
:103ED00065750FD04FB100250135B6EC010A41469A
:103EE0002046F8F7B5F9AF42F6D1A07D80F0010089
:103EF000BDE8F081BF0020463946F8F70FFEF8B95B
:103F0000B8460CE02A463144A068A8EB0508F5F74E
:103F10000BFDA26823692A442B44A2602361414619
:103F200004222046F8F784FEA7EB08010546002886
:103F3000E8D10423A07D637580F00100BDE8F08125
:103F40003A463146A068F5F7EFFCA26823693A4487
:103F50003B44A2602361ECE72DE9F0410546884629
:103F6000042114461F46F8F739FE014628466E7DA7
:103F7000F8F77CFEB8F1010F6E7510D057B100262E
:103F80000136224641462846F8F7FCF9B74204F1CB
:103F90000404F5D1A87D80F00100BDE8F081BF00E8
:103FA00028463946F8F7BAFDF8B9B8460CE0E018EB
:103FB0003246A968A8EB0608F5F7B6FCAA682B6993
:103FC00032443344AA602B61414604222846F8F764
:103FD0002FFEA7EB080306460028E8D10423A87D9E
:103FE0006B7580F00100BDE8F0813A46A968204673
:103FF000F5F79AFCAA682B693A443B44AA602B6106
:10400000ECE700BF2DE9F04104460E4608211746B3
:10401000F8F7E4FD01462046657DF8F727FE217D8F
:104020006575012910D057B1002500E0217D0135CB
:104030002046B6EC020BF8F70BFBAF42F6D1A07DA1
:1040400080F00100BDE8F081FF0020463946F8F716
:1040500065FDF8B9B8460CE02A463144A068A8EBE3
:104060000508F5F761FCA26823692A442B44A26085
:104070002361414608222046F8F7DAFDA7EB080144
:1040800005460028E8D10823A07D637580F0010073
:10409000BDE8F0813A463146A068F5F745FCA268D4
:1040A00023693A443B44A2602361ECE72DE9F041E7
:1040B00004460E4608211746F8F790FD01462046B3
:1040C000657DF8F7D3FD217D6575012910D057B1C5
:1040D000002500E0217D0135324620460836F8F7FC
:1040E0004FFCAF42F6D1A07D80F00100BDE8F08129
:1040F000FF0020463946F8F711FDF8B9B8460CE044
:10410000F0182A46A168A8EB0508F5F70DFCA2688F
:1041100023692A442B44A260236141460822204699
:10412000F8F786FDA7EB080305460028E8D1082329
:10413000A07D637580F00100BDE8F0813A46A1687A
:104140003046F5F7F1FBA26823693A443B44A2608C
:104150002361ECE770B515460E46017D0446F7F77E
:10416000A1FB0DB9012070BD2B463246217D2046B2
:10417000BDE87040FFF76ABD2DE9F0411D461646C7
:104180000F461A46017D0446F7F7B4FC2B689E42A1
:1041900001D20122A27513B90120BDE8F0813A468F
:1041A000217D2046BDE8F041FFF782BD70B5154680
:1041B0000E46017D0446F7F775FB0DB9012070BD71
:1041C0002B463246217D2046BDE87040FFF7D6BD24
:1041D0002DE9F0411D4616460F461A46017D04465C
:1041E000F7F788FC2B689E4201D20122A27513B911
:1041F0000120BDE8F0813A46217D2046BDE8F0412E
:10420000FFF722BE70B515460E46017D0446F7F74E
:1042100049FB0DB9012070BD2B463246217D204659
:10422000BDE87040FFF744BE2DE9F0411D4616463B
:104230000F461A46017D0446F7F75CFC2B689E4248
:1042400001D20122A27513B90120BDE8F0813A46DE
:10425000217D2046BDE8F041FFF77EBE10B500236A
:104260008EB004460391CDE901320323042200936A
:1042700006AB01F091FC18B9044620460EB010BD03
:10428000029905AA204601F0C1FD044605A906A829
:1042900003F0AEFC20460EB010BD00BFC2F3074CC9
:1042A00010B5BCF1010F8CB0044602920CBF03F0B4
:1042B000010200220E3303919DF838101A4404AB1A
:1042C0000191012192B20091039901F065FC18B9A6
:1042D000044620460CB010BD029920460F9A01F00A
:1042E00095FD04460F9904A803F0C6FB20460CB0C8
:1042F00010BD00BF70B5ADF5167D054611ACADF82B
:10430000543203239DF86C62CDE90221237200230D
:1043100001228DF814309A9B2271CBB18DF81C20AC
:1043200008934FF4007215A909A8F8F74BFC05A9EA
:1043300009A802F093FF0D9B009628460194E360C4
:104340009BB2DDE90221FFF7A9FF0DF5167D70BDD7
:104350008DF81C30E5E700BF70B5ADF5187D05465A
:104360001846059197A99DF8786213ACCDE9033200
:1043700002238DF8503000F033FA9C9B4FF400720A
:1043800017A90BA806939D9B0A9303238DF854301D
:1043900001238DF8243000238DF81C30F8F712FC2F
:1043A00006A90BA802F07CFF0F9B284600961693E7
:1043B0009BB20194DDE90421FFF770FF0DF5187D34
:1043C00070BD00BFF0B5ADF28C4D03260546184612
:1043D000059192A99DF8A0740EAC8DF83C60CDE9D2
:1043E000033200F0FDF900234FF4007212A906A871
:1043F0008DF84C328DF854328DF84060F8F7E2FBBE
:1044000093A906A803F002F80A9B28460097119387
:104410009BB20194DDE90421FFF740FF0DF28C4DC2
:10442000F0BD00BF70B5ADF5916D0546184605911C
:1044300092A99DF898640EACCDE9033204238DF85F
:104440003C3000F0CDF900234FF4007212A906A809
:104450008DF84C328DF8543203238DF84030F8F744
:10446000B1FB93A906A803F083F80A9B284600969F
:1044700011939BB20194DDE90421FFF70FFF0DF5C5
:10448000916D70BDF0B5ADF5237D054618461DACA8
:104490000591A1A9BDF8A8729DF8AC62CDE90332DF
:1044A0000523237100F09CF903230EA9A898237219
:1044B00000F096F900229DF8A532ADF84470003F57
:1044C000B3FA83F38DF864208DF8462018BF0127D6
:1044D0008DF84C205B098DF8542001228DF8427034
:1044E0008DF83A209DF8A622ADF840301AB943F075
:1044F0000203ADF840309DF8A422012A19D0032A06
:1045000021D0DAB14FF4007221A906A8F8F75AFBBE
:104510000EA906A803F0CEF80A9B0096284601943F
:10452000E3609BB2DDE90421FFF7B8FE0DF5237DC2
:10453000F0BD43F01003ADF84030E3E743F008036B
:10454000ADF84030DEE743F02003ADF84030D9E766
:10455000F0B5ADF5257D054618461FAC0591A3A91C
:10456000BDF8B0729DF8B462CDE903320623237121
:1045700000F036F903230EA9AA98237200F030F94F
:1045800000229DF8AD32ADF84470003FB3FA83F3DA
:104590008DF870208DF8642018BF01278DF8462013
:1045A0005B098DF84C208DF8542001228DF8427063
:1045B0008DF83A209DF8AE22ADF840301AB943F09C
:1045C0000203ADF840309DF8AC22012A19D0032A2D
:1045D00021D0DAB14FF4007223A906A8F8F7F2FA55
:1045E0000EA906A803F02AF80A9B00962846019413
:1045F000E3609BB2DDE90421FFF750FE0DF5257D58
:10460000F0BD43F01003ADF84030E3E743F008039A
:10461000ADF84030DEE743F02003ADF84030D9E795
:10462000014B1878704700BF5DFA00202DE9F04F6C
:10463000934689B0002204468A4605938DF81E20D1
:1046400090F8002222B300F202290DF11F0805AFF5
:104650000DF11E064FF4007502E0059B002B0FDDE7
:10466000D4F87412234622464846CDE90278CDE9B3
:10467000005601F0D9FD0028EFD09DF81E30B3B1EF
:104680000F4B00209DF81F201A7009B0BDE8F08F75
:104690000DF11F02014600924FF40072D0F87452DF
:1046A000A8470028ECD09DF81E30002BE8D1CBF8AD
:1046B00000000120CAF8004009B0BDE8F08F00BF3B
:1046C0005DFA002030B590F8005287B0144695B9D5
:1046D000D0F870520DF11703A847031E18BF01232D
:1046E000A04218BF00231BB90A4A9DF81710117089
:1046F000184607B030BD0B4600220DF1170100949B
:10470000CDE901210246D0F8701200F2022001F03A
:10471000B5FBE2E75DFA002080F800120199C0E9DC
:104720009A23009BC0E99C31704700BF38B5D0F890
:10473000683203B3D0F86C220446E2B1D0F870229C
:10474000CAB1D0F87422B2B1C0F88C1298470546AD
:1047500088B194F800328BB90B4B28460B490C4AB0
:10476000C4F880324FF40073C4F88422A4F888326D
:10477000C4E99E4138BD0025284638BD002104F219
:10478000022001F075FBE7E715240100AD240100CC
:1047900009240100D0F86C32184700BF82B0002312
:1047A0008DF8061060F30F03BDF8062062F31F4377
:1047B000184602B0704700BF437882B001780020ED
:1047C0001A0903F00F0302EB01128DF80630BDF851
:1047D000063062F30F0063F31F4002B0704700BF62
:1047E0000246C0F3034382B0C2F30B1C03EB02107A
:1047F00081F800C0487002B0704700BF2DE9F04357
:10480000174691B010220646884608A80DEB020113
:104810000025F8F7D7F91E4B02242A461B8808A862
:104820000095ADF80A304FF420633178ADF80830C8
:104830002B46039402F0DEFA21462B46082208A8F4
:1048400002F0DAF8044602A908A803F0A5F904B1B9
:1048500018B9002011B0BDE8F08308A8F8F7E0F916
:1048600081460DE0336FD3E90004A047044641467A
:10487000304600F08DFF04EA000C1CF0FF00E9D187
:10488000AF424A4604A905F10105EBD1E1E700BFBB
:10489000E80500202DE9F04F2DED028BD3B0064640
:1048A0008A4600240CA910A805921022F8F78AF96C
:1048B000534B022522461B88802110A80094ADF896
:1048C00082304FF420632195ADF88030234602F00A
:1048D00091FA23462946082210A802F08DF8814655
:1048E00020A910A803F058F909EA000010F0FF0908
:1048F00007D14FF0000B584653B0BDEC028BBDE81A
:10490000F08F10A80494F8F78BF908EE100ADDE98F
:1049100004329342EDD018EE102A0CA955464FF000
:104920000008D6E90003984702F0ACF803900BE0CA
:1049300002F0A8F8039BC01A2D1A02F0A3F8039006
:10494000002D30DD002F2ED0534609AA08A930686B
:10495000B4684F46CDF82080A04783460028E7D0B2
:1049600018A8DDE90812F8F72DF907AB0DF11902C7
:1049700018A90AA8CDE90A8801F004FAC822002182
:1049800020A807F063FF18A8F8F74EF9042816D8F6
:104990009DF83531002B13BF4FF0010B4FF0000B8A
:1049A00001270027C4E7049B01330493BBF1000FE8
:1049B000ADD0584653B0BDEC028BBDE8F08F0DF181
:1049C0001E030DF11B020DF11A0118A88DF81A80B3
:1049D000ADF81E808DF81B8002F05EFA18A8F8F77B
:1049E00023F9BDF81E309842D2D39DF81A30062B19
:1049F000CED118A920A88DF8358100F0C7FAC7E7F5
:104A0000E805002030B595B00446189D0393002DAD
:104A10008DF81C30CDE904214FF0000214BF0121B4
:104A200011468DF81D208DF81E208DF8241021D000
:104A30006B6810222968CDF82A30CDF8261008239B
:104A400000212046CDE900310CAB059901F0A4F816
:104A500018B90446204615B030BD049906AA204670
:104A600001F0D4F9044606A90CA803F06BF920461E
:104A700015B030BD0822E2E710B5002394B004461B
:104A800005920193ADF81C308DF81E30CDF826301C
:104A9000CDF82A300823CDE90221012200930CAB86
:104AA0008DF82420102201F077F818B9044620462A
:104AB00014B010BD059906AA204601F0A7F90446D6
:104AC00006A90CA803F03EF9204614B010BD00BFA3
:104AD0002DE9F04395B0BDF8787013B115B0BDE87D
:104AE000F08306461C980C461546049099461D987E
:104AF0009DF8768005900CA8D1E90121521AF8F7AB
:104B000061F80CA8D4E90612F8F730F8E2699AB116
:104B1000B8F1070F82F8149040D0B8F1080F2ED0EA
:104B2000B8F1060F11D00123137529462046F8F776
:104B30009DF815B0BDE8F083B8F1070F2ED0B8F19D
:104B4000080F1CD0B8F1060FEFD1D6F88880B8F165
:104B5000000F11D00CAB01953A4630460093062366
:104B60008DF81630D6F88C300293DDE90431C04759
:104B70000123E26986F8B430002AD4D1D5E7D6F80B
:104B8000A430002BF8D00CA806A9DDF8408003F073
:104B9000B3F9A0B9E269002AC5D1C6E7D6F8AC30AE
:104BA0003BB106A90CA8DDF8408002F051FE60BBC5
:104BB000E269A3682B44A360002AB4D1B5E7109B37
:104BC0000CA8A8EB0308DDE90D21A844521AF7F759
:104BD000F9FF0CA81FFA88F8D4E90612F7F7C6FF08
:104BE0000CAB0821CDF8048000933A468DF81610DE
:104BF00006ABD6F8A810304602910599D6F8A470F5
:104C0000B847012386F8B430C4E7DDE90D21109BD5
:104C10000CA8521AA8EB0308F7F7D4FF0CA8A84475
:104C2000D4E90612F7F7A2FF0CAB9DF818101FFA93
:104C300088F800933A469DF819303046CDF8048044
:104C400003EB012307218DF816109BB2D6F8B010A4
:104C500002910599D6F8AC70B847012386F8B430B4
:104C6000A6E700BF00B58BB00146042202A8F7F703
:104C7000A9FF0DF105030DF1060201A902A801F03B
:104C8000D5FE9DF804300D2B03D000200BB05DF84D
:104C900004FB9DF8053013F0020F14BF0220012021
:104CA0000BB05DF804FB00BF70B50025ADF5347D99
:104CB0000E4604464FF42472294610A80395049525
:104CC00007F0C4FD03A9304602F07CFFBDF80C30AC
:104CD0002046ADF8403001F091F82B460C2205A992
:104CE000009008A8F7F75CFF10A908A802F0DEFF03
:104CF000089B2A462946204601F030F808A8F7F715
:104D00008FFF236F024605A9D3E90004A0470DF5E4
:104D1000347D70BD70B592B005460E46144601F064
:104D20006DF805A9009000230AA81122F7F738FFB3
:104D3000182305220A2103FB04540AA80023503437
:104D400001F05AFE03A9204605F054F840BA03A921
:104D50008DF81060ADF80E000AA803F019F80022D3
:104D60000A9B2846114600F0F9FF0AA8F7F758FFFA
:104D70002B6F024605A9D3E90004A04712B070BD0D
:104D80009FED0D7B002310B5044680F8A030C0E9EC
:104D90001C13C0E91E33C0E92033C0E92233C0E947
:104DA000243380ED267B812100F03AFF04F10800D6
:104DB000BDE8104001F03CBD000000000000000014
:104DC000C0E92012704700BFC0E92212704700BF3F
:104DD000C0E92912704700BFC0E92B12704700BF1D
:104DE00010B5044684B0CDE9002101F007F8034670
:104DF00004F10800DDE9002104B0BDE8104001F035
:104E00005DBD00BF30B589B00446CDE904210393F0
:104E100000F0F4FF0546059904F108000095DDE96E
:104E2000033201F05FFD00225FFA80FCC0F307242B
:104E3000C0F30741030E6CF3070264F30F2261F322
:104E4000174263F31F62104609B030BD82B00830CC
:104E500002B001F061BD00BF10B50C4C84B0083049
:104E6000009401F06FFD00225FFA80FEC0F3072C72
:104E7000C0F30741030E6EF307026CF30F2261F3D8
:104E8000174263F31F62104604B010BD4D2A0100A3
:104E900010B5044601F012FED4E92632C01A61EBC7
:104EA000020110BD2DE9F047037E84B00446FBB13A
:104EB0004FF000090DF1020803AF02AE484601228F
:104EC00004EB00151146083501F05AFC84464346B0
:104ED0003A4631462846CDF804C005F013F80028BC
:104EE0003DD109F10109237E5FFA89F08342E6D8BA
:104EF00094F8483083B34FF000090DF1020803AF76
:104F000002AE484600EB80050122022104EBC505F4
:104F100001F036FC019020350CE0BDF802209DF830
:104F20000410029B00F01AFF236FDDE90212D3E99F
:104F3000000AD04743463A463146284605F004FA6F
:104F400003462046002BE8D109F1010994F84830C6
:104F50005FFA89F08342D5D804B0BDE8F087029BA0
:104F60002046BDF8022009F101099DF8041000F067
:104F7000F5FE236F039A5D6818680299A847237E9F
:104F80005FFA89F083429AD8B2E700BF2DE9F04179
:104F90000D46ADF5247D06466946284602F00EFD15
:104FA000044602A928469DF80570F6F7B5F99DF864
:104FB00008300440E4B25BB987A92846F6F7ACF99B
:104FC0009DF81C3280464BB90DF5247DBDE8F0817B
:104FD00003A9284602F09AFB0440EDE788A9284679
:104FE000F6F7C8F914EA080FEED00028ECD09DF8C7
:104FF00020320D2BE8D18AA92846F6F78DFF38B16B
:10500000BDF92832002B06DD002F14BF012002203D
:1050100086F8B500D8E70020FAE700BF2DE9F04F89
:10502000044697B00D46BD4E09920DF12F030CAA10
:105030000DF12E01284601F0F9FC002800F039811D
:105040009DF82EC0099BACF1020CBDF830809DF894
:105050002F90C3F30742BCF10D0FE6D801A151F820
:105060002CF000BF91300100132E010081300100AF
:105070001F30010015300100132E0100132E010016
:105080008D2F01001F2F0100DF2E0100132E0100C4
:10509000132E0100132E0100852E010010A92846B1
:1050A00002F0D8FED4F89080B8F1000F00F009812A
:1050B00001F004FD02460B46D4F894000021149F31
:1050C00006908C461598C7FB060C109FCDE9040C82
:1050D0008C461198C7FB060CCDE9020CDDE9127075
:1050E000C7FB0601CDE900012046C0474FF0010390
:1050F00084F8A03099E710A9284602F089FE002123
:105100009DF8440001F068FBC0F307280F9004F1FC
:105110000800414601F04EFC002886D0BDF8401042
:10512000BDF8422004F05AFE42469DF83C1020464D
:10513000FFF7F0FD79E710A9284602F041FE0021B3
:105140009DF8440001F048FBC0F307210D9004F1E5
:10515000080001F019FC804600283FF466AF9DF876
:1051600042300DF1380A9DF84310BDF8402001EBA4
:10517000032189B205F090F9404605F051F9ADF8E8
:10518000320005E0236FDDE90E12D3E90009C847BC
:105190000DF132030FAA5146404605F043F90028AD
:1051A000F0D142E70DF1380A28460D93A8F1040822
:1051B000514609F00E0902F04BFB50460FA90DF1C4
:1051C000320200F043FE0F99D4F880B01FFA88F83D
:1051D000BDF832A01091BBF1000F06D0D4F8843096
:1051E0005246204600930023D847E26F82B1616F98
:1051F0004FF0000C023903E00CF1010C944507D08C
:1052000031F8023F5345F7D1A36F002203F80C2079
:10521000BDF832104B464246204602910F9901914B
:105220000D9900912946FFF753FCFEE629462046DA
:10523000FFF7ACFEF9E6002A3ED010A9284602F09E
:1052400017FD0EA90DAA10A800F000FE0E99D4F8C3
:1052500080A09DF84490BDF834800F91BAF1000F02
:1052600006D0D4F884304246204600934B46D047BF
:10527000E26F002A3FF4D9AE606F0021023803E0EC
:10528000013191423FF4D1AE30F8023F4345F7D1AE
:10529000A36F03F80190C8E6002A7FF4C6AE294642
:1052A000204600F01BFDC0E629462046FFF7FCFC27
:1052B000BBE617B0BDE8F08F2946204600F01CFD84
:1052C000B3E601F0FBFB149F159B4246C646C7FBA5
:1052D0000632181842EB0102DDE91213C1FB063E4B
:1052E000DDE910179C464346C1FB06731CEB070C17
:1052F0004EEB030EB0EB0C0362EB0E02002A08DB50
:105300005B0843EAC2735210C4F89830C4F89C207A
:10531000ECE6013342F10002F2E700BF00CA9A3B1B
:105320000B1E2DE9F04FB8BF6FF000439DB08046D3
:10533000059301F0A7FB98F848308146002B00F058
:105340009A8000266FF000434FF0FF3B0F46304637
:1053500003930EE09A6B0136DB6B5A450399F0B26A
:1053600073EB010101DA9346039398F848308342C6
:105370005FD900EB800402210122E40001F000FA71
:10538000014604F120053B464A460991454428461A
:1053900005F01AF808EB04030028DBD09DF825502F
:1053A0000DF1500A9DF824304046013544440493E1
:1053B00000F024FD05EB8505002311220CA908EB64
:1053C000C505009050460136F7F7EAFB0023052299
:1053D0000B21504601F010FB0121688905F0B8F857
:1053E0002B8902460AA9ADF82A305046049BADF835
:1053F00028208DF82C3002F0F7FC0022149B404648
:10540000114600F0ABFC5046F7F70AFCD8F87030B4
:1054100002460CA9D3E90005A8470399F0B2D4E9E4
:105420000E235A4573EB01019DDB98F84830834207
:105430009FD86FF00043039A9A4208BFBBF1FF3F29
:1054400019D0ABEB0903002B059DD8F8700008AA12
:1054500008BF012307A984689D420068A8BF1D46B4
:105460002B46A04748B9059B5B1B002B05933FF7D4
:1054700060AF044612E0059BE5E7DDE9071204464C
:1054800000250CA8F7F79EFB0DF11A0306AA0CA93C
:1054900040468DF8185000F075FC18B920461DB034
:1054A000BDE8F08F29469DF8180001F095F9C0F38A
:1054B0000746BDF81A90C7B2012EC0F30725CDE903
:1054C000090049D0022E0FD0002EE7D131463046D8
:1054D00001F082F902460CA940460A92FFF79EFDB0
:1054E00020461DB0BDE8F08F294608F1080001F004
:1054F00061FA824638B30E9A0CA80392F7F794FB30
:1055000003460DF11900039A49460090504604F0F5
:1055100069FBC0B19DF8193093B314AE4FF0020986
:105520000AE08DF8287031468DF8295040468DF8F4
:105530002A900A9AFFF772FD04223146504604F081
:10554000D3FB0028EDD140462A463946FFF7E2FB5F
:1055500020461DB0BDE8F08F294608F1080001F093
:105560001FFA00289AD0494604F0B6FA002895D0D0
:105570008DF82A600CA90A9A4046FFF74FFD8DE787
:105580008DF82A600CA90A9A4046FFF747FDC4E748
:1055900070B504460D4601F075FA06462046FFF741
:1055A00081FC29462046FFF7BBFE01F06BFA831B06
:1055B000E91A0029F6DC04F10800BDE8704001F0AA
:1055C00005BA00BF70B504460D4601F05BFA064609
:1055D0002046FFF767FC0023294684F8B43005E035
:1055E00001F050FA831BE91A002907DD2046FFF776
:1055F00097FE94F8B4000028F2D070BD94F8B4007F
:1056000070BD00BF2DE9F04106460D4601F03AFAA3
:105610000746304606F10808FFF744FC002D10DB72
:105620002C4606E0FFF77CFE01F02CFAC31BEC1AB7
:1056300007D4404601F0CAF9034621463046002B04
:10564000F0D04046BDE8F04101F0C0B92DE9F84F77
:10565000DDF828B00646884692461F46FFF722FC32
:10566000BBF1000F04D05A46FF21384607F0EEF890
:10567000C6F87CB07D1EC6E91DA701F003FA4146BD
:1056800081463046FFF74CFE01F0FCF9A0EB090023
:10569000A8EB0001BBF1000F29D0AE464FF0000C83
:1056A0001EF8014FFF2C15D00CF1010CE345F7D883
:1056B0000023F36700E058B12B4615F8010F0233C1
:1056C0000128A3EB07038CBF002001209B45F2D8E3
:1056D000BDE8F88F3AF81C300CF1010CDC4501D222
:1056E000002BDDD00029E3DD002BCAD1E0E701204B
:1056F000C6F87CB0BDE8F88F70B592B004460D4690
:1057000000F07CFB1422002300900AA80DEB02019C
:10571000F7F746FA002308220E210AA801F06CF9D7
:1057200001F0CCF918A3D3E9002305F029FB03A964
:10573000CDE903020AA802F07FFB00220A9B204663
:10574000114600F00BFB0AA8F7F76AFA236F02462E
:1057500005A9D3E90006B04701F094F900230646F5
:10576000294684F8A03000E050B92046FFF7D8FD64
:1057700001F088F9831B94F8A000E91A0029F3DCF2
:1057800012B070BDAFF3008000CA9A3B0000000069
:1057900070B504460D4601F075F906462046FFF740
:1057A00081FB0023294684F8B53005E001F06AF951
:1057B000831BE91A00290CDD2046FFF7B1FD94F8A0
:1057C000B5000028F2D0A0F10100B0FA80F0400945
:1057D00070BD94F8B500A0F10100B0FA80F0400966
:1057E00070BD00BF2DE9F04F04469DB0FF2004932B
:1057F0006071002B00F0B48000238A469346039327
:10580000236F5A465146D3E90005A84701F03AF9FB
:105810004FF47A73054609E001F034F9401BC0F5F6
:105820007A73002B42DD6079FF2848D1226F08A9E6
:105830009668106809AAB0470028EDD00CA8002689
:10584000DDE90812F7F7BEF90DF11E0307AA0CA94E
:1058500020468DF81C6000F095FA0028DCD0314617
:105860009DF81C0000F0B8FFC0F30747BDF81E30DC
:105870005FFA80F8012FC0F307260293CDE90A00F2
:1058800058D0022F21D0002FC6D13946384600F01B
:10589000A3FF0CA902460B902046FFF7BFFB01F0C7
:1058A000F1F8401BC0F57A73002BBCDC039B049A13
:1058B000013360799A42039301D0FF28A0D0FF38CA
:1058C00018BF01201DB0BDE8F08F314604F108007B
:1058D00001F070F8814638B30E9A0CA80592F7F7DC
:1058E000A3F903460DF11D00059A00904846029960
:1058F00004F078F9C0B19DF81D305BB938E04FF085
:1059000002038DF82C808DF82D608DF82E300B9AC7
:10591000FFF784FB14A90422484604F0E5F9034686
:1059200014A92046002BEAD1324641462046FFF713
:10593000F1F971E7314604F1080001F031F800286F
:105940003FF46AAF029904F0C7F800283FF464AF4F
:105950008DF82E700CA90B9A2046FFF75FFB5BE7D2
:10596000236FD3E90004A04701201DB0BDE8F08FEC
:105970008DF82E700CA90B9A2046FFF74FFBC9E754
:1059800030B58FB004460D4600F038FA00231022DF
:1059900002A9009006A8F7F703F906A9204600F02F
:1059A00081F90022069B2046114600F0D7F906A88F
:1059B000F7F736F92B46024602A92046FFF712FFF9
:1059C00018B16079B0FA80F040090FB030BD00BF67
:1059D00000F108032DE9F04F044618462DED028B27
:1059E000A9B008EE103A00F02DFF204600F006FAAC
:1059F00000231C2209A9009010A8F7F7D1F8236F03
:105A000010A920461A8A043A92B200F021F910999E
:105A1000204600F08FF910A8F7F702F9FF2382461D
:105A200063710A230293236F524609A9D3E9000543
:105A3000A84701F027F84FF47A73054609E001F012
:105A400021F8401B6279C0F57A73002B3ADDFF2AFA
:105A50003ED1226F05A99668106806AAB0470028B3
:105A6000EDD018A80026DDE90512F7F7ABF80DF127
:105A7000120304AA18A920468DF8106000F082F9DC
:105A80000028DCD031469DF8100000F0A5FEC0F3E0
:105A90000747BDF812B05FFA80F8012FC0F3072660
:105AA000CDE9070058D0022F1AD0002FC7D13946B0
:105AB000384600F091FE18A9024608902046FFF7EC
:105AC000ADFABCE7029B013B029301D0FF2AAAD0AA
:105AD000002A57D0002029B0BDEC028BBDE8F08F22
:105AE000314618EE100A00F065FF814670B31A9A2D
:105AF00018A80392F7F798F803460DF11100039ADE
:105B000059460090484604F06DF8F8B19DF8113000
:105B100093B98DF8227018A9089A2046FFF77EFAEB
:105B20000AE04FF002038DF820808DF821608DF897
:105B30002230089AFFF772FA20A90422484604F09E
:105B4000D3F8034620A92046002BEAD1324641462D
:105B50002046FFF7DFF872E7314618EE100A00F032
:105B60001FFF00283FF46BAF594603F0B5FF002834
:105B70003FF465AF8DF8227018A9089A2046FFF708
:105B80004DFA5CE718EE100A00F05CFE012029B027
:105B9000BDEC028BBDE8F08F2DE9F04782B00446E2
:105BA000104615461E46C1F3072A9DF8287005F1D8
:105BB00004099DF82C80019100F05EFF9DF80630ED
:105BC0008144012B1DD0022B16D104F1080051464F
:105BD00000F0DAFE044658B14946324604F046FA6F
:105BE00004462CB14346AAB23946304600F004FFC1
:105BF000204602B0BDE8F0870024204602B0BDE890
:105C0000F08704F10800514600F0B6FE0446002873
:105C1000EED04946324604F055F90446E1E700BFAC
:105C200000234FF0090C027161F30703110EA0F875
:105C300006C0C2F3074C61F30F23C2F30722FF2112
:105C40006CF31743417162F31F630360704700BF39
:105C500030B5002389B0124D0C4607931946ADF8B4
:105C60001C2001220193C2808DF804202A6803932E
:105C70000092AA880693ADF80620D0F8012002927F
:105C8000027820468DF80C201022CDE9043300F074
:105C9000B3FE6946204601F0EDFE09B030BD00BFFD
:105CA000EC0500200C4A02234FF4007C10B50C4692
:105CB00082B011890422C3800023ADF8061020466B
:105CC0000321ADF804C000F097FE01A9204601F0C1
:105CD0008FFF02B010BD00BFEC05002010B50B46D1
:105CE00088B0044601A9184601F092FF9DF80430DF
:105CF000637108B010BD00BF10B584B004460846FB
:105D000002A901F0B5FFE388022B01D004B010BD59
:105D10000DF10A00FEF750FD9DF808209DF80930AE
:105D200003EB02239BB2022BF0D19DF80C30637180
:105D3000ECE700BF10B508228AB004460DEB020064
:105D4000F6F740FF14F8011B002302A801F08001C0
:105D500000941A4601F04EF80AB010BD30B58DB06F
:105D600004460D46194604A803920822F6F72AFFB6
:105D700014F8011B039B2A4604A8009401F03AF88A
:105D80000DB030BDF0B5074685B008460C46154647
:105D90001E46F6F749FF082802D8002005B0F0BDDE
:105DA00003A933462A46204600910DF10B0101F06C
:105DB0003FF83A789DF80B309342EED11B061BD486
:105DC0009DF80C207B789A4203D0012080F00100DE
:105DD000E4E79DF80D20B81CBB789A42F5D19DF8F8
:105DE0000E2010F8013F9A42EFD19DF80F20437822
:105DF0009A42EAD10020E9E70120CFE790F900308C
:105E0000002BACBF08200420704700BF10B582B043
:105E10004FF6F4740191C388A3F10A0189B2A1423B
:105E20000FD801339CB2C3F3072CDBB2C480911CA2
:105E3000019882F800C05370FEF7D2FC204602B0F1
:105E400010BD0A234FF0000C1C46EFE770B5044666
:105E500002300D461646FEF7AFFCC0F30F43288014
:105E60006B802278637803EB0223338070BD00BF20
:105E70000023417003708385704700BF2DE9F04F08
:105E8000174642780E4683B0A2F17D019B467E23E1
:105E900004460129DDF838A080F838309DF8340038
:105EA00040F2FA80A0F17D0184F839200222012914
:105EB00084F8622054D90C9B032284F83A00DDB2A6
:105EC00084F86220A5F17D0101295FD9A11881F82C
:105ED0003850511C0C9B84F86210C3F30720A0F1CA
:105EE0007D02012A40F2EB804A1C2144D2B281F8A3
:105EF000380084F86220002B00F0F0804FF000089A
:105F0000C14617E0292A4BD8501C224482F8381089
:105F1000C2B288EA01017A4B84F8622009F10109D2
:105F2000C9B233F8112082EA18280C9B4B454BD993
:105F300094F862201BF80910A1F17D000128E1D836
:105F4000501CC0B229282BD8A0184FF07D03023274
:105F500081F0200580F83830D2B280F83950D8E787
:105F600011464FF0030C04220C9B21444FF07D0E90
:105F7000A444DDB280F0200081F838E0A5F17D0175
:105F80008CF8380084F8622001299FD8A01885F089
:105F90002005911C7D2280F8395080F8382099E73F
:105FA000002500E060B105F13801521B5346384628
:105FB0002144B04794F8622005449542F2D366D05C
:105FC000002003B0BDE8F08F5FFA88F194F86220FA
:105FD000ADF804804FF000094FF07D0BC84614E087
:105FE000292A24D8531C2244DBB282F8381009F144
:105FF000010984F86230B9F1020F2CD009F10803CD
:1060000094F862206B4413F8041CA1F17D03012B6A
:10601000E6D8531CDBB2292B09D8A31881F0200144
:1060200083F838B083F83910931CDBB2DFE7002522
:1060300001E00028C4D005F13801521B5346384610
:106040002144B04794F8622005449542F1D3B7D17A
:1060500084F86280D2E794F862209AB1002501E0CA
:106060000028ADD005F13801521B53463846214473
:10607000B04794F8622005449542F1D3A0D10023A3
:1060800084F862300C9B98B203B0BDE8F08F4FF0FB
:10609000000384F8623048E77D2182F0200284F812
:1060A0003910A0F17D0184F83A200322012984F8F7
:1060B000622017D811464FF0040C052254E780F0F7
:1060C00020008A1C2144D2B281F839007D2081F859
:1060D000380084F86220002B7FF410AF1946ADF829
:1060E000043077E70C9B042284F83B00DDB284F88F
:1060F0006220A5F17D0101293FF6E8AE46E700BF29
:10610000E80E00202DE9F04F044685B01D46894673
:1061100092460F9E00F0B6FC94F82C3094F82D7047
:106120008046BB425ED017D87A1E0027D21AD2B260
:10613000B2421AD8D319B34251D8D2B9002600F0CE
:10614000A1FC2B68A0EB08001B1A304623EAE3737E
:106150002B6005B0BDE8F08F002F5FD0C3F12A039C
:10616000013FDAB2FFB2B242E4D9F2B20027002A0C
:10617000E4D00E9B504603924FF02A0B009394F804
:106180002C102B6802312144C84794F82C30254A42
:10619000064603445908A2FB010189080BFB113193
:1061A00084F82C10002EC9D0039A9642C7D1002F34
:1061B000C5D00E9B02313A4650462144009300233D
:1061C000C84794F82C301749064403445A08A1FBE9
:1061D000021292080BFB123384F82C30AFE7B61A88
:1061E000F7B2AAE70023282EA385BED90E9B292249
:1061F000A11C504600932B68C84794F82C300949DD
:10620000064603442A205A08A1FB0212920800FB0A
:10621000123384F82C30002E90D090E7C3F129037C
:10622000DAB285E7310CC3302DE9F04F1E46044643
:1062300090462DED028B90F82C5083B090F82D30C5
:1062400008EE101A9D4200F098812378BF4DC04F90
:10625000072BFDD8DFE813F01E01FD00DB00BC00BA
:106260008F0053003400080094F82C1094F82D305F
:10627000994200F05381E21892787D2A00F0C6819D
:1062800001332A207E2A4FEA5301A5FB01C14FEAC0
:10629000910100FB113384F82D3000F06982A38E48
:1062A0000020E18E03EB022320709BB29942A3866B
:1062B00000F08281002003B0BDEC028BBDE8F08FBE
:1062C00094F82C1094F82D30994200F03A81E2189D
:1062D00092787D2A00F07A8101332A207E2A4FEAC3
:1062E0005301A5FB01C14FEA910100FB113384F872
:1062F0002D3000F02C820723A2862370A8E7638E3E
:10630000208E834232D24FF02A0C22E0A5FB0119E5
:106310009BF802104FEA99097D290CFB19EE00F059
:10632000D5807E2984F82DE000F0CD80F154B4F8BA
:1063300036E0638E8EEA0102208E0133D2B29BB228
:1063400037F812208342638682EA1E22E28680F0BA
:106350002A8194F82D2094F82CA002F1010E04EB70
:10636000020B92454FEA5E01D0D1834240F01F817B
:10637000062323706CE794F82C0094F82D30984293
:1063800000F0CC80E21891787D2900F0A2810133E1
:106390002A207E294FEA5302A5FB02C24FEA92024D
:1063A00000FB123384F82D3000F0E281238E0020B0
:1063B00003EB01230E9960869BB2E0868B42238615
:1063C00040F2EE80207003B0BDEC028BBDE8F08F90
:1063D00094F82C1094F82D30994200F0B280E21815
:1063E00092787D2A00F0938101332A207E2A4FEA99
:1063F0005301A5FB01C14FEA910100FB113384F861
:106400002D3000F0A48104232286237020E794F825
:106410002C0094F82D30984200F0BE80E21891785C
:106420007D2900F0148101332A207E294FEA53028E
:10643000A5FB02C24FEA920200FB123384F82D3012
:1064400000F09A8163788B420CBF032300232370F2
:10645000FEE6002394F82C0084F82E3094F82D30BA
:10646000984277D0E21891787D2900F00D810133B0
:106470002A207E2984F82E104FEA5302A5FB02C27F
:106480004FEA920200FB123384F82D3062D00223CF
:106490002370DDE694F82C004FF02A0C94F82D3090
:1064A0005A1C984204EB03014FEA52033FF402AF37
:1064B000A5FB03E389789B087E290CFB1323DBB241
:1064C00084F82D30ECD101232370C1E602F1010ED6
:1064D00002324FEA5E01A5FB019189080CFB11E134
:1064E00004EB010EC9B28A453FF43FAF9EF802901B
:1064F0004FEA520EA5FB0EAEB9F17E0F89F02001D6
:106500004FEA9E0E0CFB1E2284F82D207FF40EAF66
:1065100083423FF42DAF0123237099E6119B009332
:10652000012301934246109B18EE101A2046FFF7F4
:10653000E9FDB0FA80F0400900287FF4BBAE237873
:1065400086E6119B00930223EBE700BF310CC330BA
:10655000E80E0020119B424618EE101A20460093C8
:1065600004230193109BFFF7CDFD0028E7D194F899
:106570002E007E3818BF0120DEE7119B0093052313
:106580000193109BFFF7BEFD94F82D2094F82C305A
:106590009A423FF48FAE58E6119B00930323C0E765
:1065A0000523237054E63FF4E3AE7E298BD0C31A53
:1065B000119A02330092B4E794F82E300F9A1370B8
:1065C000208E03B0BDEC028BBDE8F08F03F1010C0F
:1065D0002A204FEA5C02A5FB02E2920800FB12C2ED
:1065E0005FFA82FC6145ACD00233224459089278AC
:1065F000A5FB01C17E2A4FEA910100FB113384F80B
:106600002D3000F0A48082F0200274E603F1010C2A
:106610002A204FEA5C02A5FB02E2920800FB12C2AC
:106620005FFA82FC61453FF479AF02332244590896
:106630009278A5FB01C17E2A4FEA910100FB11333C
:1066400084F82D3000F0948082F0200227E6591C57
:106650004FF02A0C4A08A5FB02E292080CFB12122A
:10666000D1B2884298D00233224491785A08A5FBCF
:1066700002027E294FEA92020CFB123384F82D307D
:106680007AD081F02001DDE603F1010C2A214FEAE6
:106690005C02A5FB02E2920801FB12C25FFA82FCD7
:1066A00060453FF457AF0233224490785A08A5FB67
:1066B00002C27E2884F82E004FEA920201FB1233B8
:1066C00084F82D303FF446AF80F0200084F82E008F
:1066D000DDE6591C4FF02A0C4A08A5FB02E292089D
:1066E0000CFB1212D1B288423FF418AF023322449D
:1066F00091785A08A5FB02027E294FEA92020CFB10
:10670000123384F82D3033D081F020014EE603F1AE
:10671000010C2A204FEA5C02A5FB02E2920800FB72
:1067200012C25FFA82FC61453FF40BAF0233224490
:1067300059089278A5FB01C17E2A4FEA910100FB1E
:10674000113384F82D3002D082F020025BE6119BD9
:106750000093022301934246109B18EE101A204624
:10676000FFF7D0FC00287FF4EAAE012323706FE529
:10677000119B00930123EDE7119B00930323E9E7AD
:10678000012982B01FD002294FF0000C20D0002335
:106790006CF307034FF0000C60F30F2361F3174312
:1067A00062F31F63D8B2C3F30721C3F307421B0E82
:1067B00060F3070C61F30F2C62F3174C63F31F6C4B
:1067C000604602B0704700F1010C5FFA8CFCDEE716
:1067D00080F0800CDBE700BF82B030B1030621D42B
:1067E000421E4FF0010CD2B201E084460246002363
:1067F00060F30703002062F30F236CF3174361F388
:106800001F635FFA83FCC3F30721C3F307421B0E28
:106810006CF3070061F30F2062F3174063F31F600E
:1068200002B0704780F080024FF0020CDFE700BF3B
:106830000023037480F8403080F8443080F86030E2
:10684000704700BF70B5037C04464BB10646002577
:106850003046013503F030FB237C1036AB42F7D8CD
:1068600094F844305BB104F142060025304601350E
:1068700003F02EF994F844300236AB42F6D894F87F
:1068800040305BB104F1180600253046013503F0B5
:10689000BFFB94F840302836AB42F6D894F860300D
:1068A0005BB104F1480600253046013503F078F964
:1068B00094F860301836AB42F6D870BD10B5047C41
:1068C00082B004F1010C80F810C000EB041003F05A
:1068D000E9FA01222046114602B0BDE81040FFF758
:1068E0004FBF00BF10B584B0844628209DF81840E3
:1068F00000949CF8404000FB04C004F1010E1830E5
:106900008CF840E003F04CFB01220221204604B049
:10691000BDE81040FFF734BF10B590F8444082B096
:10692000621C04F1210380F8442000EB430003F0D3
:10693000CBF800220121204602B0BDE81040FFF74D
:106940001FBF00BF10B584B084461820069C009479
:106950009CF8604000FB04C004F1010E48308CF844
:1069600060E003F0F7F800220221204604B0BDE801
:106970001040FFF705BF00BF037C8B428CBF00EBCC
:1069800001100020704700BF90F840308B4205D9BD
:10699000282303FB010101F1180070470020704714
:1069A00090F844308B4203D9213100EB410070470D
:1069B0000020704790F860308B4205D9182303FB04
:1069C000010101F1480070470020704790F8403005
:1069D00083B170B5064600F11805002400E040B10F
:1069E0002846013403F088FD96F840302835A3424C
:1069F000F5D870BD01207047F8B50E460421044655
:106A000015461F46F6F7FAF801233146204647EAB5
:106A1000030223752B4600F02BFA2046F6F704F903
:106A2000A84234BF00200120F8BD00BF2DE9F0418D
:106A300004460D46042116469846F6F7DFF8204630
:106A4000F6F7F2F803288CBF0127002702D8384652
:106A5000BDE8F081334642462046294600F01CFA44
:106A600098F80030384603F0010203F0FE0388F87E
:106A700000302275BDE8F08110F0030018BFC0F1AE
:106A80000400704710B584B00120694603F0DEFDB4
:106A9000084B9DE81500A0FB0301001903FB021140
:106AA000054A4FF0000341EBE47104F069F904B0CA
:106AB00010BD00BF00CA9A3B40420F0010B584B021
:106AC0000120694603F0C2FD064A00980299A0FB26
:106AD0000203019C401802FB043343EBE17104B054
:106AE00010BD00BF00CA9A3B2DE9F0410C468AB0A8
:106AF000064691F8C11004F10800FFF745FF05466E
:106B000003F004FD68B92046D4E92E31984718B93E
:106B100001200AB0BDE8F081284603F0F7FC002808
:106B2000F6D029894FF6FC72EB89287B6F68121A20
:106B3000B3FBF1F0B7FBF1F701FB103329689BB20F
:106B400007FB03F3043F3A4404331FFA82F8D4F8F6
:106B5000C42019440023A2EB0802C4F8C4203A461A
:106B600051F8040C009002A8F6F71AF8D4F8C420E3
:106B700002F10803BB4227D9424600230D2102A897
:106B8000FFF73AFF2989EB896A68B3FBF1F0B2FBA2
:106B9000F1F201FB10339BB202FB03F32A68D750DA
:106BA0000121E88903F0D4FC0499039AE881304676
:106BB000521AF6F707F8304622461049F5F7D6FF85
:106BC00000200AB0BDE8F08192B202230D2102A894
:106BD000FFF712FFD4F8C430288903F10802EB89CB
:106BE0006968B3FBF0F7B1FBF0F100FB17339BB220
:106BF00001FB03F32968CA50D2E700BFD148010066
:106C0000F0B587B0072700251C460646CDE90221CE
:106C10000C9ACDE900750432FEF7BEFF80F0010248
:106C2000D2B2A27512B1284607B0F0BD05AA0299EA
:106C30003046FFF7EBF805A90546204601F098F825
:106C4000A669E7692046D4E90121521AF5F7BAFF8F
:106C500020463A463146F5F789FF284607B0F0BD91
:106C60002DE9F04F91B0054608301E460591C1F35D
:106C700007210492FFF788FE9DF81630012B00F0E3
:106C800093800446002800F08F8003F03FFC00282A
:106C900000F085802289E7896368B3FBF2F1B7FBD6
:106CA000F2F302FB13732268A1F1040B03919BB270
:106CB00001FB03F3043302EB0309237B59F8048C33
:106CC00043457DD3ABF1040A5A46494608A8AAEBCE
:106CD000030A1A9BCDF8008008331FFA8AFA029340
:106CE0000023F5F75DFF029B52460D215B4508A886
:106CF0002CBF002301235B00FFF77EFE2189636820
:106D00003846B7FBF1F2B3FBF1F301FB127201213C
:106D100092B202FB03F3226842F803B003F018FCBE
:106D2000039B08F104010746A3F1080230464944D9
:106D3000A2EB0802F5F746FF1A9B0721E7811A1D0F
:106D400000233046B2F5803F28BF1A4692B2FFF7C3
:106D500053FE07AA04992846FFF758F8044620B3C3
:106D600007A9304601F004F83046D6E90121521A4D
:106D7000F5F728FF059B029A3046C5F8C0301B9BEB
:106D8000C5F8C4202A46C5F8B8301C9B1849C5F878
:106D9000BC30F5F7EBFE204611B0BDE8F08F1C9932
:106DA00028461B9B984720B90024204611B0BDE817
:106DB000F08F204603F0AAFB00287FF46BAFF3E7C7
:106DC0003846012103F0C4FB218963680746B0FB04
:106DD000F1F2B3FBF1F301FB120292B202FB03F3F7
:106DE0002268043302EB0309237B59F8048C69E71A
:106DF000D1480100F0B5164683B004460D46019314
:106E0000089FF4F7A1FA31462046F4F79DFA019A5B
:106E100001212046F4F744FB2B0601D503B0F0BD59
:106E200004223946204603B0BDE8F040FCF774BFA9
:106E3000F0B5164683B004460D460193089FF4F75B
:106E400099FA31462046F4F795FA019A0121204635
:106E5000F4F71AFC95F90030002B01DA03B0F0BD0D
:106E600004223946204603B0BDE8F040FCF7B8BF25
:106E700030B5154683B004460193F4F765FA294608
:106E80002046F4F761FA019A0121204603B0BDE8DB
:106E90003040F4F705BB00BF30B5154683B004465B
:106EA0000193F4F767FA29462046F4F763FA019A4A
:106EB0000121204603B0BDE83040F4F7E5BB00BF38
:106EC0002DE9F84304220E460546FCF725FF04464B
:106ED0000222311D2846FCF71FFF20400222B11D6F
:106EE000C4B22846FCF718FF0422044006F108014A
:106EF0002846FCF711FF00EA0408317B2846F4F726
:106F000023FA717B08EA00082846F4F7EFF9737B4F
:106F100008EA00083BB9B18B2846F4F741FA08EAC1
:106F20000000BDE8F88331692846F4F723FC336993
:106F3000E3B1C0B137464FF0000900E09CB1796978
:106F4000284602F0A9FDB9690446284602F0A4FDCE
:106F500009F101093369044008379945E4B2EDD3DA
:106F600008EA0408D7E74FF00008D4E708EA000869
:106F7000D1E700BF2DE9F84304220C460546FCF793
:106F80002FFF06460222211D2846FCF729FF30402C
:106F90000222A11DC6B22846FCF722FF04220640A9
:106FA00004F108012846FCF71BFF00EA060704F17C
:106FB0000C012846F4F7DEF904F10D0107402846DC
:106FC000F4F7AAF9637B07403BB904F11C0128469A
:106FD000F4F7E6FA3840BDE8F88304F110012846DA
:106FE000F4F7F8FC2369012B03D901230027AB75C3
:106FF000EBE70BB3F0B1A0464FF0000900E0CEB1D3
:10700000D8F8141008F108084FF40072284602F06E
:1070100053FDD8F8101006464FF40072284609F1C7
:10702000010902F049FD236906409945F6B2E6D30D
:107030003740CAE70027C8E70740C6E72DE9F8430D
:1070400004220F460546FCF767FE04460222391D5E
:107050002846FCF761FE20400222B91DC4B2284632
:10706000FCF75AFE397A04402846F4F73FF93B7A98
:1070700000EA040813B94046BDE8F883F9682846D9
:10708000F4F778FBFB6803B3D0B13E464FF000093C
:1070900000E0ACB13169284602F0FEFC716904469B
:1070A000284602F0F9FC09F10109FB6804400836A2
:1070B0009945E4B2EDD308EA04084046BDE8F883F8
:1070C0004FF000084046BDE8F88308EA0008D2E720
:1070D00070B50D4609780646F4F736F9044630B126
:1070E0002B78022B0CD0032B10D0012B08D00222BE
:1070F00005F502713046FCF70FFE2040C0B270BDAE
:107100006968304602F0C8FC0446F0E7294630467C
:1071100051F8042F0431FDF749F80446E7E700BFB2
:1071200070B50B780C460546013B0D2B54D8DFE8B3
:1071300003F030071B1B07070707530C0C0C4E49C5
:107140000431BDE87040FFF7C3BF0979F4F7FCF8DC
:10715000E8B12379012B01D0022B3DD1A16828464B
:10716000BDE8704002F098BC0979F4F7EDF80646E6
:1071700020B12379022B39D0032B2FD0022204F522
:1071800003712846FCF7C8FD3040C0B270BD002036
:1071900070BD0979F4F7D8F8064658B12379022B67
:1071A00003D0032B28D0012B04D1A168284602F07C
:1071B00073FC0646B4F90C122846F4F72DFE304055
:1071C000C0B270BD0431BDE87040FFF779BE043134
:1071D000BDE87040FFF732BF012070BDA26804F126
:1071E0000C012846FCF7E2FF0646C7E7A1682846DF
:1071F00002F052FC0646C1E7A26804F10C012846E1
:10720000FCF7D4FF0646D5E770B506460D46F4F701
:10721000B1F8044630B12B78022B0CD0032B12D0DE
:10722000012B08D0022205F502713046FCF7D8FD8B
:107230002040C0B270BD4FF400726968304602F061
:107240003BFC0446EEE72B1D4FF4007205F10801EC
:107250003046FCF7BDFF0446E4E700BF70B50D46BD
:1072600009780646F4F742F82B7804464BB9297A98
:107270003046F4F73BF82B7A0440E4B243B9204699
:1072800070BD6968304602F007FC0440E4B2EEE7E6
:10729000E968304602F000FC0440204670BD00BFA3
:1072A00070B50D460646096802F0F6FB04462979DA
:1072B0003046F4F71BF82B790440E4B243B9297B3C
:1072C0003046F4F713F82B7B04403BB9204670BDE1
:1072D000A968304602F0E0FB0440F0E72969304637
:1072E00002F0DAFB0440E4B2204670BD2DE9F04123
:1072F0000C4609780646F3F7F9FF237805466BB983
:1073000094F828103046F3F7F1FF94F82830054040
:10731000EDB2002B6AD12846BDE8F08161683046A5
:10732000F4F728FA6368002B6CD0002868D0A168B5
:10733000304602F0B1FB6268012A53D900285FD0C1
:10734000E168304602F0A8FB6268022A4AD90028A8
:1073500056D02169304602F09FFB6268032A41D96A
:1073600000284DD06169304602F096FB6268042A1D
:1073700038D9002844D0A169304602F08DFB6268FC
:10738000052A2FD900283BD0E169304602F084FB62
:107390006268062A26D998B3216A304602F07CFB3F
:1073A0006268072A1ED958B3616A304602F074FB3E
:1073B0006268082A16D918B3A16A304602F06CFB3D
:1073C0006268092A0ED9D8B104F12808092700E01B
:1073D000B0B158F8041F304602F05EFB0137626816
:1073E0009742F5D305EA0003DDB289E7E26A04F1CA
:1073F00030013046FCF7DAFE05402846BDE8F08152
:1074000000257DE72840C5B27AE700BF70B50D467C
:1074100009780646F3F76AFF2B7804464BB9297AB8
:107420003046F3F763FF2B7A0440E4B243B92046B9
:1074300070BD6968304602F02FFB0440E4B2EEE70D
:1074400005F10C013046FFF751FF0440204670BDA6
:107450002DE9F0410C4609780646F3F747FF2378FB
:1074600005466BB994F828103046F3F73FFF94F8BF
:1074700028300540EDB2002B6AD12846BDE8F081E6
:1074800061683046F4F776F96368002B6CD0002809
:1074900068D0A168304602F0FFFA6268012A53D929
:1074A00000285FD0E168304602F0F6FA6268022AEE
:1074B0004AD9002856D02169304602F0EDFA6268B8
:1074C000032A41D900284DD06169304602F0E4FA20
:1074D0006268042A38D9002844D0A169304602F0F5
:1074E000DBFA6268052A2FD900283BD0E1693046D3
:1074F00002F0D2FA6268062A26D998B3216A304689
:1075000002F0CAFA6268072A1ED958B3616A304687
:1075100002F0C2FA6268082A16D918B3A16A304686
:1075200002F0BAFA6268092A0ED9D8B104F1280823
:10753000092700E0B0B158F8041F304602F0ACFA59
:10754000013762689742F5D305EA0003DDB289E7A7
:10755000E26A04F130013046FCF728FE0540284677
:10756000BDE8F08100257DE72840C5B27AE700BF7D
:1075700070B50D4609780646F3F7B8FE2B78044639
:107580004BB9297A3046F3F7B1FE2B7A0440E4B2C6
:1075900043B9204670BD6968304602F07DFA044068
:1075A000E4B2EEE705F10C013046FFF751FF04406D
:1075B000204670BD70B50D4606460988F3F7F0FE0B
:1075C0000446A9783046F3F791FEAB780440E4B264
:1075D000B3B9A9793046F3F789FEAB79044033BBE0
:1075E000297B3046F3F782FE2B7B0440C3B9297D0B
:1075F0003046F3F77BFE2B7D04403BB9204670BD3F
:10760000A9883046F3F7CCFE0440E2E7AA6905F109
:107610001C013046FCF7CAFD0440E4B2204670BDB0
:1076200029693046F4F7A6F80440E4B2DFE7A96818
:107630003046F4F79FF80440E4B2D1E7F8B50222EF
:107640000C460646FCF768FB0546A1783046F3F782
:107650004DFEA3780540EDB20BB92846F8BD04F104
:1076600008013046FFF7A6FF074694F82C10304675
:10767000F3F73CFE94F82C300740FFB25BB994F866
:1076800038103046F3F732FE94F8383007404BB9E3
:107690003D402846F8BDD4E90C233046F4F7C0FA43
:1076A0000740ECE7E16B304602F0F6F93840C7B22C
:1076B000EEE700BFF8B502220D460646FCF72CFBAC
:1076C0000446A9783046F3F711FEAB780440E4B2E3
:1076D0000BB92046F8BD05F108013046FFF76AFFF7
:1076E000074695F82C103046F3F700FE95F82C303D
:1076F0000740FFB213B93C402046F8BDD5E90C2342
:107700003046F4F78DFA0740F5E700BF70B505463F
:107710000E46F3F72FFE68B133780446013B0D2B7C
:1077200009D8DFE803F0410A23230A0A0A0A0810ED
:1077300010105C560024204670BD311D2846BDE85F
:107740007040FFF761BD311D2846F3F713FE002896
:10775000F0D03379012B01D0022BECD1B16828464F
:107760004FF40072BDE8704002F0A6B9311D284602
:10777000F3F700FE044670B13379022B4CD0032B93
:1077800009D106F108034FF4007206F10C012846F6
:10779000FCF71EFD0446022206F503712846FCF79D
:1077A0001FFB2040C4B2C6E7311D2846F3F7E2FDB7
:1077B000044630B13379022B36D0032B3CD0012B59
:1077C00032D006F503712846F4F7A6FB2040C4B278
:1077D000B1E7311D2846BDE87040FFF7CBBB04225E
:1077E0002846B118FCF7FCFA0446022206F108010B
:1077F0002846FCF7F5FA0440022206F10A01284661
:10780000E4B2FCF7EDFA034606F10C0128461C40F1
:10781000F3F782FD04408EE74FF40072B16828460A
:1078200002F04AF90446B6E74FF40072B168284600
:1078300002F042F90446C4E706F108034FF400726F
:1078400006F10C012846FCF7C3FC0446B9E700BF6B
:1078500070B5022205460E46FCF7C2FA0222044623
:107860002846B118FCF7BCFA2040C0B270BD00BF7A
:107870002DE9F0470D4609780746F3F765FD044604
:1078800038B12B78062B00F087800D2B14D0052BF8
:1078900002D02046BDE8F087B5F908103846F4F765
:1078A000BBFA04463846D5E90423F4F7B9F9044095
:1078B000E4B22046BDE8F087B5F908103846F4F781
:1078C000ABFAE96804463846F3F754FFEB68002B3F
:1078D00069D020B305F10C08002606EB460905EB3C
:1078E000C90999F810103846F3F72EFD4FEA460AF9
:1078F00006EB460198B199F81030C900032B55D812
:10790000DFE803F03724110241443846896802F069
:10791000C3F80136EB689E4245D20028DDD1002431
:107920002046BDE8F0870831B24410223846414471
:1079300005EBCA0AFCF7F0F98146DAF8241038465C
:10794000F3F718FF09EA0000C0B2E2E70831B244D9
:1079500004223846414405EBCA0AFCF7DDF98146AA
:10796000BAF818103846F3F71BFD09EA0000C0B258
:10797000CFE70831B24402223846414405EBCA0A37
:10798000FCF7CAF981469AF816103846F3F7DCFC82
:1079900009EA0000C0B2BCE7B5F908103846BDE8F6
:1079A000F047F4F739BA2040C4B272E70136EB6809
:1079B00009F11809B34294D86BE700BF2DE9F041F3
:1079C000022206460F46FCF70BFA02220546304615
:1079D000B918FCF705FA8046391D3046F3F7CAFCA2
:1079E00005EA08050446791D30462C40F3F7C2FC31
:1079F0002040C0B2BDE8F081F8B50D4606460978D2
:107A0000F3F7A2FC044669783046F3F79DFC044086
:107A1000A9783046F3F76AFCAB78E4B2044043B986
:107A2000297A3046F3F762FC2B7A04403BB92046B2
:107A3000F8BD6968304602F02FF80440F0E7698924
:107A40003046F3F7ADFC0746A9893046F3F7A8FCAA
:107A50003840E989C0B204403046F3F7A1FC034640
:107A6000298A30461D46F3F79BFC254000EA0504B1
:107A70002046F8BDFFF724BAF8B5022206460D46A7
:107A8000FCF74AF9022204463046A918FCF744F9EB
:107A9000297907463046F3F757FC70B12B793C4003
:107AA000013BE4B20D2B09D8DFE803F04C0A232395
:107AB0000A0A0A0A08121212453E00242046F8BD9E
:107AC00005F108013046FFF703FB04402046F8BDEE
:107AD000297A3046F3F738FC0028EED02B7A012BB8
:107AE00001D0022BEAD1E968304601F0D5FF04400D
:107AF000E4E7297A3046F3F727FC074658B12B7A9A
:107B0000022B34D0032B06D1EA6805F11001304670
:107B1000FCF74CFB0746022205F504713046FCF7E2
:107B2000FBF838400440C9E705F108013046FFF78B
:107B3000C7F90440C2E705F108013046FFF77EFAB5
:107B40000440BBE7297A3046F3F7FEFB074630B125
:107B50002B7A022B11D0032B15D0012B0DD0B5F9A8
:107B600010123046F4F758F938400440A6E7E968A7
:107B7000304601F091FF0746CDE7E968304601F055
:107B80008BFF0746EBE7EA6805F110013046FCF78A
:107B90000DFB0746E3E700BF70B5022205460E461F
:107BA000FCF7BAF8022204462846B118FCF7B4F8EC
:107BB0000346716828461C40F3F7DCFDE4B2204020
:107BC00070BD00BF70B5022205460E46FCF708F9ED
:107BD000022204462846B118FCF702F90346311D7B
:107BE00028461C40F3F7F6FEE4B2204070BD00BF0B
:107BF00070B5022205460E46FCF78EF802220446B6
:107C00002846B118FCF788F82040C0B270BD00BF0C
:107C10002DE9F8430E460546F3F7ACFB0446711C0C
:107C20002846F3F7A7FB81460422284604EA090404
:107C3000B118FCF7D5F806F1080180460222284663
:107C4000E4B2FCF7CDF8022206F10A010746284605
:107C500004EA0804FCF7C4F80346274028461D46FA
:107C600006F10C01F3F758FB3D402840BDE8F883CE
:107C70002DE9F041022206460F46FCF7B1F8022238
:107C800005463046B918FCF7ABF88046391D30463A
:107C9000F3F770FB05EA08050446791D30462C40D1
:107CA000F3F768FB2040C0B2BDE8F0812DE9F04158
:107CB00002220C460546FCF72FF802228046284691
:107CC000A118FCF729F8074621792846F3F73CFB71
:107CD00008EA070806466179284606EA0806F3F727
:107CE00033FB217A3040C7B22846F3F7FFFA237AF4
:107CF00006466BB994F81C122846F3F7F7FA94F885
:107D00001C323040C6B283B906EA0700BDE8F081F4
:107D1000217B2846F3F718FB88B104F10C012846B3
:107D2000FFF7FEF93040C6B2E4E704F508712846D3
:107D3000FFF79EFD064006EA0700BDE8F081064613
:107D4000D8E700BF70B5022205460E46FBF7E4FFF8
:107D5000022204462846B118FBF7DEFF0346311D18
:107D600028461C40FFF748FEE4B2204070BD00BF2B
:107D700070B5022205460E46FBF7CEFF02220446EE
:107D80002846B118FBF7C8FF2040C0B270BD00BF45
:107D900070B50C4605460E4634F8021BF3F700FB9F
:107DA0000222214604462846FBF7B6FF03463179F6
:107DB00028461C40F3F7C8FAE4B2204070BD00BF6B
:107DC00070B50E460546F3F7EBFB02220446284643
:107DD000B118FCF705F80346311D28461C40F3F79F
:107DE000C9FAE4B2204070BD70B50D460646098858
:107DF000F3F7D6FA698804463046F3F7D1FA03461A
:107E0000297930461C40F3F79FFAE4B2204070BD58
:107E100070B50E460546F3F7C3FB0446B11C284671
:107E2000F3F7BEFB0346311D28461C40F3F7A2FAC8
:107E3000E4B2204070BD00BF70B50D46064609682B
:107E4000F4F7DEF8044669683046F3F793FC204007
:107E5000C0B270BD2DE9F0410E460546F4F768F951
:107E60000746311D2846F3F7B5FD804606F10801A7
:107E70002846F4F75DF907EA0807044606F10C0105
:107E800028463C40F3F7A6FD06F1100104402846C1
:107E9000F4F74EF90346E4B228461D4606F11401F4
:107EA000F3F798FD2C402040BDE8F0812DE9F0412A
:107EB00004460D460C22FBF72FFF032205F10C01AF
:107EC00007462046FBF728FFE97B80462046F3F76C
:107ED0003BFA296906462046F4F792F807EA0807B4
:107EE000034620463E4069691C46F3F743FC344094
:107EF0002040C0B2BDE8F0812DE9F04104460D46B6
:107F00000C22FBF76DFF032205F10C01074620460A
:107F1000FBF766FF05F10F0180462046F3F72AFACA
:107F200005F1100106462046F4F702F907EA0807B2
:107F3000034620463E4005F114011C46F3F74AFD76
:107F400034402040C0B2BDE8F08100BF002839D0E5
:107F500070B50446006880B30E461546F5F718FE66
:107F600030B320680430F5F713FE08B320680830FA
:107F7000F5F70EFEE0B120680C30F6F7A9FFB8B1B6
:107F800020681030F6F7A4FF90B1CDB1C6B12A46F3
:107F900031462068F5F7B4FD48B10A2807D040F211
:107FA000F51240F6370390420CBF1846012070BD11
:107FB000F8F786FA40F6360070BD40F6360070BD20
:107FC0000B2070BD40F63600704700BF90B370B50F
:107FD0000446006848B30E461546F5F7D9FDF8B1DA
:107FE00020680430F5F7D4FDD0B120680830F5F7EB
:107FF000CFFDA8B120680C30F6F76AFF80B1206889
:108000001030F6F765FF58B195B18EB120682A4659
:1080100031460830F5F73CFD003818BF012070BD2F
:10802000F8F74EFA40F6360070BD40F6360070BDE7
:108030000B2070BD40F63600704700BF00283AD0D4
:1080400070B50446006888B30E461546F5F7A0FDE6
:1080500038B320680430F5F79BFD10B32068083072
:10806000F5F796FDE8B120680C30F6F731FFC0B1A6
:1080700020681030F6F72CFF98B1D5B1CEB120684A
:108080002A4631460830F5F73BFD48B10A2807D0AB
:1080900040F2F51240F6370390420CBF184601201B
:1080A00070BDF8F70DFA40F6360070BD40F63600A8
:1080B00070BD0B2070BD40F63600704700283AD0E6
:1080C00070B50446006888B30E461546F5F760FDA6
:1080D00038B320680430F5F75BFD10B32068083032
:1080E000F5F756FDE8B120680C30F6F7F1FEC0B1A7
:1080F00020681030F6F7ECFE98B1D5B1CEB120680B
:108100002A4631460430F5F7FBFC48B10A2807D06F
:1081100040F2F51240F6370390420CBF184601209A
:1081200070BDF8F7CDF940F6360070BD40F6360068
:1081300070BD0B2070BD40F636007047002838D067
:1081400030B50446006891B078B30D46F5F720FDD0
:1081500028B320680430F5F71BFD00B32068083011
:10816000F5F716FDD8B120680C30F6F7B1FEB0B1C6
:1081700020681030F6F7ACFE88B1EDB1206800231E
:108180006A4629460C30F6F747FE60B140F291137B
:10819000984214D00A2818BF012011B030BDF8F75A
:1081A0008FF940F6360011B030BD40F6360011B000
:1081B00030BD40F6360070470B2011B030BD40F6A0
:1081C0003700F0E7002848D0F8B50C4600293CD02D
:1081D00005460868002838D017461E46F5F7D8FC33
:1081E000B0B320680430F5F7D3FC88B320680830BA
:1081F000F5F7CEFC60B320680C30F6F769FE38B3B3
:1082000020681030F6F764FE10B32168284601F5A7
:10821000E272F7F7A5FEB8B92168284601F5E472C5
:108220000431F7F79DFE78B92168284601F5E6721A
:108230000831F7F795FE38B92168284601F5E8724C
:108240000C31F7F73DFB58B1F8BD40F63600F8BDEC
:10825000F8F736F940F63600F8BD4FF46170704714
:108260002168284601F5EA721031F7F729FB00284A
:10827000EAD11FB12368D3F8C4313B60002EE3D0AC
:108280002368D3F8D0313360F8BD00BF002850D048
:108290002DE9F8430C4600293ED005460868002821
:1082A0003AD016461F46F5F773FC002838D02068F0
:1082B0000430F5F76DFC002832D020680830F5F75F
:1082C00067FC68B320680C30F6F702FE40B3206804
:1082D0001030F6F7FDFD18B3DDE90932002A18BFAA
:1082E000002B089B0CBF01210021002B08BF41F08F
:1082F0000101002F08BF41F00101B9B9B6B12368EF
:108300006C68D3E974218A42104638BF084684421B
:1083100012D80120BDE8F88340F63600BDE8F883A6
:10832000F8F7CEF840F63600BDE8F8830B20BDE83C
:10833000F8834FF461707047D3E9718ED3F8CCC1E4
:10834000F0454046EC6938BF7046604538BF60462E
:108350008442DED9D5F818902D6859F8280055F8D0
:10836000214055F82250181A59F82C2003F10C0C12
:1083700059F82E10B0FA80F0A5EB0C054009B5FABB
:1083800085F56D09357003F11005641B089DB4FA7D
:1083900084F464093C701C1D08332870091B0020FC
:1083A000D31A099AB1FA81F1B3FA83F349095B0947
:1083B00011700A9A1370B1E7002839D070B50446DD
:1083C000006880B30E461546F6F7E6FB30B320682A
:1083D0000430F6F7E1FB08B320680830F6F7DCFB61
:1083E000E0B120680C30F6F757FBB8B120681030C8
:1083F000F6F752FB90B1CDB1C6B12A46314620689E
:10840000F6F772FB48B10A2807D040F2592240F62D
:10841000990390420CBF1846012070BDF8F750F840
:1084200040F6980070BD40F6980070BD0B2070BDFE
:1084300040F69800704700BF90B370B504460068DE
:1084400048B30E461546F6F7A7FBF8B1206804308E
:10845000F6F7A2FBD0B120680830F6F79DFBA8B173
:1084600020680C30F6F718FB80B120681030F6F762
:1084700013FB58B195B18EB12A4631462068F6F704
:1084800073FB10B1022818BF012070BDF8F718F86F
:1084900040F6980070BD40F6980070BD0B2070BD8E
:1084A00040F69800704700BF00283AD070B50446E7
:1084B000006888B30E461546F6F76EFB38B32068A1
:1084C0000430F6F769FB10B320680830F6F764FB58
:1084D000E8B120680C30F6F7DFFAC0B12068103040
:1084E000F6F7DAFA98B1D5B1CEB120682A4631460E
:1084F0000830F6F7F9FA48B10A2807D040F25922B5
:1085000040F6990390420CBF1846012070BDF7F762
:10851000D7FF40F6980070BD40F6980070BD0B2064
:1085200070BD40F69800704700283AD070B50446F8
:10853000006888B30E461546F6F72EFB38B3206860
:108540000430F6F729FB10B320680830F6F724FB57
:10855000E8B120680C30F6F79FFAC0B120681030FF
:10856000F6F79AFA98B1D5B1CEB120682A463146CD
:108570000430F6F7B9FA48B10A2807D040F2592278
:1085800040F6990390420CBF1846012070BDF7F7E2
:1085900097FF40F6980070BD40F6980070BD0B2024
:1085A00070BD40F69800704798B370B504460068F7
:1085B00050B30E461546F6F7EFFA00B320680430C4
:1085C000F6F7EAFAD8B120680830F6F7E5FAB0B164
:1085D00020680C30F6F760FA88B120681030F6F7A2
:1085E0005BFA60B19DB196B120682A4631460430ED
:1085F000F6F7BAFA10B1022818BF012070BDF7F7DC
:108600005FFF40F6980070BD40F6980070BD0B20EB
:1086100070BD40F69800704700284DD070B50C46EC
:1086200059B10546086840B11646F6F7B5FA20B1CB
:1086300020680430F6F7B0FA10B940F6980070BD23
:1086400020680830F6F7A8FA0028F6D020680C3029
:10865000F6F73AFA0028F0D020681030F6F734FA2E
:108660000028EAD02168284601F5EE72F7F7A4FC4D
:108670000028E4D12168284601F5F0720431F7F7AB
:108680009BFC0028DBD12168284601F5F2720831F5
:10869000F7F792FC0028D2D12168284601F5F47240
:1086A0001431F7F72DFC0028C9D1002EC7D023685C
:1086B000D3F8DC31336070BD4FF46170704700BF98
:1086C000002867D02DE9F0410C4661B105460868E5
:1086D00048B116469846F6F75FFA20B12068043094
:1086E000F6F75AFA18B940F69800BDE8F08120680C
:1086F0000830F6F751FA0028F5D020680C30F6F76C
:10870000E3F90028EFD020681030F6F7DDF90028F3
:10871000E9D0DDE90623002A18BF002B0CBF012198
:108720000021B8F1000F08BF41F00101A9BBA6B3B9
:10873000216800202C69D1F8E8212F6A54F8222002
:10874000D1F8DC41D1F8E03157F8244057F82350F4
:10875000641AD1F8E431B4FA84F457F82330640988
:1087600034700C1D2C1BB4FA84F4640988F80040A2
:1087700001F108041B1B069CB3FA83F35B09237009
:1087800001F11403D31A079AB3FA83F35B09137048
:10879000BDE8F0814FF4617070470B20BDE8F081B7
:1087A000022070470320704704207047062070475E
:1087B000052070475FFA80FCBCF1060F10D8042931
:1087C0000ED800EB800310B40B44064C54F8233051
:1087D00013B15DF8044B184700205DF8044B704757
:1087E00000207047340E002010B5074C86468446A2
:1087F0000FCCACE80F000FCCACE80F00236870463C
:10880000CCF8003010BD00BF00160020D0B1844667
:10881000D0F8090000B587B0DCF80D10DCF81120A5
:10882000DCF815300DF1080EAEE80F00DCF804009E
:108830000CF1400202A91030FFF7C8FB20B907B0C5
:108840005DF804FB0B2070470190F7F739FE0198A3
:1088500007B05DF804FB00BF60B1836843B11968DD
:10886000002281601A72C1681A629A841960C3601A
:10887000184670470346FBE780B179B1C368994257
:108880000DD02BB11A68914203D01346002BF9D1B9
:1088900070470A681A6083680B60816070470B68D4
:1088A000C360F8E738B581B178B1C4680D4614B932
:1088B00009E024683CB104F109001022294603F0C4
:1088C00019FF0028F5D1204638BD0024204638BDC8
:1088D00040B1C06810B905E0006818B190F90830DF
:1088E0008B42F9D1704700BF40B1C06810B905E0B4
:1088F000006818B190F90830032BF9DD704700BF0C
:1089000070B1C06860B110B401E0006828B1D0E96E
:108910000A41994208BF9442F7D15DF8044B704771
:10892000704700BF70B1C06860B110B401E000686A
:1089300028B1D0E91041994208BF9442F7D15DF8BF
:10894000044B7047704700BF70B1C06860B110B48D
:1089500001E0006828B1D0E91641994208BF94426D
:10896000F7D15DF8044B7047704700BF40B1C06855
:1089700010B905E0006818B190F82030002BF9D04C
:10898000704700BF40B1C06810B905E0006818B179
:1089900090F82330002BF9D0704700BF98B1002227
:1089A0000B4600F1280110B5446886B004F11000B0
:1089B0000592CDE9032203AA8DF80C30FFF73CFDA8
:1089C00018B906B010BD0B2070470190F7F778FD7D
:1089D000019806B010BD00BF10B310B590B00446AA
:1089E00006A8FFF701FF0023D4F80900EC46D4F8ED
:1089F0000D10D4F811208DF81830D4F81530CDF8BA
:108A00001CD0ACE80F009FED087B606806AA04F15B
:108A1000580110308DED087BFFF7C6FD10B010BD7A
:108A20000B207047AFF30080010000000100000040
:108A300082B030B58BB00EAC84E80C0088B104462F
:108A400001A80D46FFF7D0FE01AA0EA904F11000FF
:108A50008DF80450FFF7A8FD0BB0BDE8304002B020
:108A600070470B200BB0BDE8304002B0704700BF2C
:108A70000B280DDC002809DB0B2807D8DFE800F005
:108A800007060607060606060606070701207047C2
:108A9000CB2818BF0120704730B5002383B0009366
:108AA000D0B1044669461548F7F7DAFC024610B122
:108AB000012003B030BD009B8BB118780028F8D09E
:108AC00001A91846019203F039FA054650B1431C3A
:108AD0000DD000202560ECE70B2003B030BD184618
:108AE00003B030BD019B1B78002BF2D0E0E704F00F
:108AF000E5FF0368222BECD1DAE700BF90150020D8
:108B00002DE9F04F8DB098461B9B0792002B18BFA4
:108B1000B8F1000F0CBF01230023002A08BF43F067
:108B20000103002908BF43F00103002B3DD1B0FA37
:108B300080F204465209002837D00F460BA900F0F6
:108B400051FA054668BB0B9B002B37D102460BA997
:108B50003846FAF73FF868BB0B9B002B33D12A4607
:108B60000BA90798FAF718F820BB0B9D002D40F0D1
:108B7000A2807B21204603F0BBFE2378814620BBE8
:108B80002F2B22D119AB93E8030016AB8DE803001D
:108B900020460ECBF7F7EAFD00281B9B08BF0A25ED
:108BA000186028460DB0BDE8F08F0B2528460DB0A3
:108BB000BDE8F08FFFF75CFF0546F2E76725284622
:108BC0000DB0BDE8F08FC925EBE77E2B75D0B9F16C
:108BD000000F00F0C2800023A2461E4608955546AD
:108BE0000994B2464C46DDF81CB0002C00F0AE8073
:108BF0007D21284603F07CFEA0EB0409214669484C
:108C000009F10106324603F0D9FE002851D0324660
:108C10002146654803F0D2FE28B13246214663481A
:108C200003F0CCFE38BBD94618AB93E8070016AB6F
:108C30008DE80700204631460CCBF7F7B9FD044616
:108C4000002800F0A3804A46284616AB2146F7F7D5
:108C50008DFC1A990546179B204698475046179B4E
:108C60001A999847002D6CD07B21284603F040FECE
:108C7000AA460446B9E709F1FF32611C4046F7F7FE
:108C8000AFFE81460028CFD11B9B18AA692518602A
:108C900016AB07CA8DE80700314620460CCBF7F724
:108CA00087FD1A99179B9847179B1A995046984722
:108CB00077E7B946B8E7CA2573E7079E304605F05F
:108CC0000BF93B4A3B4B0396012818BF1346049708
:108CD00002931A9B0093631C05934FF40063019366
:108CE00016AB0FCBF7F708FC064650B3B9F1000FEF
:108CF00005D07B21B24603F0FBFD81466EE7337859
:108D00002F2B1BD0079C204605F0E6F84FF400639C
:108D1000294A01931A9B04960093284B0394012837
:108D200018BF1346029316AB0FCBF7F7E5FB0346CC
:108D3000179A30461A991E46904716B11B9B1E6023
:108D40002FE700231B9A0A2513602AE7534656464D
:108D5000DDE90854002BD2D123782F2B1ED0079E9B
:108D6000304605F0B9F81A9A4FF40063039604945C
:108D7000CDE90023104A114B012818BF1346029376
:108D800016AB0FCBF7F7B8FB0646D6E7DDE91A12AC
:108D90005046179B14600A25984702E700231E4699
:108DA000CCE700BF741500207C150020841500203E
:108DB0006C15002068140020C0150020B815002094
:108DC00000280CBF0B200020704700BF034A034659
:108DD00092E8030083E8030018467047141500204A
:108DE00082B0F0B587B004460D460DF1300E0DF19E
:108DF000040CCEE90023BEE80F00ACE80F00DEF85B
:108E0000003001A8CCF80030F7F778FA54B380F0BE
:108E10000103DBB233BB6668EEB91DB32846F4F735
:108E20000DFF08B3019B1C20059998470746606019
:108E300010B32868283000F0EDFA386060680768E1
:108E4000A7B1012301AC00F1080703710FCC0FC7D4
:108E500023683B6000E06426304607B0BDE8F04080
:108E600002B070470B26F7E76526F5E7029B01265F
:108E7000059998476760EFE70A26EDE782B02DE98C
:108E8000F04186B004460E4615460DF1300C0DF14A
:108E9000040E4CF8043FBCE80F00AEE80F00DCF80D
:108EA000003001A8CEF80030F7F728FA80F001036F
:108EB000DBB23BBB34B3D4F80480B8F1000F1AD155
:108EC00005B32846F4F7BAFEF0B1019B1C200599C2
:108ED00098470746606020B3C6B1066080F80480FA
:108EE00001AC07F1080C00250FCCACE80F0023689B
:108EF000CCF8003000E06425284606B0BDE8F0411B
:108F000002B070470B25F7E76525F5E7286828309C
:108F100000F080FA386067683E6826B101233B7133
:108F2000DEE70A25E8E7029B3846059901259847C0
:108F30006660E1E770B582B0F0B14368044663B1A2
:108F40001868DE68996960B11D7965B91846B0473F
:108F500000232846636002B070BD1D46284602B05B
:108F600070BD0546F2E7019100F06AFA051E6368DC
:108F7000019918BF0125E9E70B25284602B070BD0D
:108F8000F0B587B006460B4C6846F7F7A9F9EE46F0
:108F9000A44625463446BEE80F00ACE80F000FCDCE
:108FA000DEF800700FC43046CCF80070276007B0C0
:108FB000F0BD00BF70EE002048B108B5436843B172
:108FC000186800F0C3FA003818BF012008BD0B2054
:108FD00070470B2008BD00BF10B1406800B10068A9
:108FE000704700BF002800F09D802DE9F84F0D4626
:108FF000002900F099800446164604F06DFFB8B1D0
:1090000094F800C0674A12F80C3013F0040340F0E3
:10901000828000F1FF3E14F80E102F2911D1022298
:109020002A60002E7BD01846C6F800E0BDE8F88F15
:1090300001232B60002E72D0002318463360BDE858
:10904000F88F9A4604F1FF391F4619F8011FA1F164
:109050003008B8F1090F2DD92F2900F08280A1F135
:1090600041085FFA88FBBBF13D0F5FD8B8F13D0FB7
:109070005CD8DFE808F01F1F1F1F1F1F1F1F1F1FC7
:109080001F1F1F1F1F1F1F1F1F1F1F1F1F1F1F1FF0
:109090005B5B5B5B2C5B1F1F1F1F1F1F1F1F1F1FA7
:1090A0001F1F1F1F1F1F1F1F1F1F1F1F1F1F1F1FD0
:1090B000725B6C65515C490709D5002F0CBF00211C
:1090C00003F0010119B17B1E534551D00B46013706
:1090D000B842BAD1002B56D1184601230CE0BCF19E
:1090E0007E0F01D1012856D0591CBB4200F101006E
:1090F00004F101040B4642D28645F5D021782F2990
:10910000EDD16178515C4907EED504222A6036B171
:109110000020336093E704232B60002E8CD10020C5
:10912000BDE8F88F0B2070470B2088E7002B14BF99
:10913000082303232B60002EF1D0002037607EE748
:10914000002FC4D006232B60002EF6D1E7E7A3B989
:1091500005222A60002EF0D1E1E723B9BA460123A7
:10916000B5E7002BB3D008232B60002EE5D1D6E75E
:1091700009232B60002EE0D1D1E70023A7E70023CD
:1091800018462B605BE705232B60002EC7D000201C
:10919000C6F800A053E707232B60002EBFD00123A1
:1091A000B6E700BF3106002028B370B5044640681A
:1091B000E0B104F10800F7F7A1F8C0B12368C3B12A
:1091C000002560682E4650F82500E368A16998479D
:1091D000D4E9003040F8256001359D42F3D3E368BF
:1091E000A169984700231846C4E9003370BD0B20DD
:1091F00070BD6068F3E70B20704700BF82B002B01B
:10920000704700BF234A2DE9F041126894B01A9EBE
:10921000BDF86C5013911293C2B3BDF84C109DF879
:109220004E0001E052688AB39468A38A8B42F9D158
:10923000A37D8342F6D1482204F130016846F0F75D
:1092400073FB04F1280320460CCBF9F7A7F9074676
:10925000E0B1D0F808802A46304608F11001FAF74C
:10926000BFFD30B939460C4814B0BDE8F04100F0FC
:10927000BDB8C8F81448C8F81058F8F77BFF08F5CF
:109280000262052342E9020188F8203814B0BDE8E3
:10929000F08100BF24F9002014F9002024482DE9B2
:1092A000F041006894B01A9EBDF86C7013910028CC
:1092B0003BD01D4601E04068B8B38468218B9142E1
:1092C000F9D1482204F128016846F0F72DFB04F19A
:1092D000200320460CCBF9F761F9804628B33046CD
:1092E000D8F808603A4606F11001FAF779FD30B96E
:1092F0004146104814B0BDE8F04100F077B80FCDFA
:1093000006F6280CC6F81448C6F81078ACE80F002A
:1093100095E803008CE80300F8F72CFF06F50262DD
:10932000032342E9020186F8203814B0BDE8F08139
:10933000D8F8002014F9002022482DE9F0410068F7
:1093400094B01A9EBDF86C701391B8B31D4601E03D
:10935000406898B38468218B9142F9D1482204F186
:1093600028016846F0F7E0FA04F1200320460CCB10
:10937000F9F714F9804608B33046D8F808603A4641
:1093800006F11001FAF72CFD30B941460E4814B031
:10939000BDE8F04100F02AB80022C6F81448C6F82B
:1093A0001078C6F82C28C6F82858F8F7E3FE06F51A
:1093B0000262042342E9020186F8203814B0BDE8B5
:1093C000F08100BFA4EA002014F9002043685BB1DB
:1093D0005A6842600AB10021116002685A6002B105
:1093E000136000221A600360184670470B680BB1C7
:1093F0004A685A604A6802B1136003688B42436846
:1094000008BF02604B6003B1196000230B6041602C
:10941000704700BF38B505460848FFF7D7FF034639
:1094200048B184680023E5612374F7F733FC04F145
:109430001403C4E90504184638BD00BF28EF002016
:1094400008B5084B196811B90AE0496841B18B6841
:1094500014339842F9D10348FFF7C8FF002008BD34
:10946000012008BD28EF00202DE9F041054684B019
:1094700022480F461646FFF7A9FF0446002839D0B8
:109480002B690221846803F58053DFF87880B3F8F4
:109490009605421CC4E90565A3F89625FBF77EF9FD
:1094A0003C22206141463846F9F7DEF9F0B1144F0D
:1094B000304664223946F9F7A9F9B8B1286906217E
:1094C0006B69D0F8842300F52870CDF80080CDE9D1
:1094D000017111682269FAF73FFF02462869D0F846
:1094E0008C33D0F88413F9F759F918B920460024C1
:1094F000F9F748F8204604B0BDE8F08174F900207F
:1095000084F90020BCEE002038B58469DCB1054642
:109510002069D0F8883300F528702A691968FAF7AD
:109520009DFE02462069D0F89033D0F88813F9F7F1
:1095300035F90446284684F00104F9F723F8E4B22B
:109540006400204638BD0124204638BD60B110B506
:1095500004460068F9F7A0F908B9012010BD636856
:10956000012200201A7410BD0120704730B5044656
:1095700087B030B10D4631B90B460120A560C4E972
:10958000003507B030BD01A8F6F7AAFE019B05998A
:10959000A800984703460028EFD1F2E788B1036896
:1095A00010B5044686B053B101A8F6F799FE029BA8
:1095B0000599206898470023C4E90033A36006B0EA
:1095C00010BD70472DE9F0410546C0B300F0D0F85A
:1095D000044610B305F11806304600F04BFA044675
:1095E000002840D005F180073846FAF767FA0446AC
:1095F00048B305F1E0084046FAF760FA0446D8B9E6
:10960000284600F0D9F8304600F044FA3846FAF718
:1096100059FA4046FAF756FA0EE0284600F0CCF820
:1096200005F1180000F036FA05F18000FAF74AFA61
:1096300005F1E000FAF746FA2046BDE8F08104465D
:109640002046BDE8F081284600F0B6F8304600F02C
:1096500021FA3846FAF736FA05F1E000FAF732FA5D
:109660002046BDE8F081284600F0A6F83046D9E74C
:1096700088B110B5044600F09FF804F1180000F01E
:1096800009FA04F18000FAF71DFA04F1E000BDE8E0
:109690001040FAF717BA704770B50546A8B100F048
:1096A00067F8044640B105F11406304600F024F88E
:1096B000044668B1204670BD284600F07DF805F1EB
:1096C000140000F01DF8204670BD0446204670BD11
:1096D000284600F071F8304600F012F8EAE700BFC3
:1096E00048B110B5044600F067F804F11400BDE875
:1096F000104000F005B87047003818BF01207047CF
:10970000704700BF003818BF01207047704700BF86
:1097100070B50546B0B100F0E5F8044648B105F172
:10972000100600213046FFF721FF044668B12046AD
:1097300070BD284600F0E8F805F11000FFF72EFF95
:10974000204670BD0446204670BD284600F0DCF877
:109750003046FFF723FFEAE748B110B5044600F0B2
:10976000D3F804F11000BDE81040FFF717BF7047B1
:1097700070B50546A8B100F077F9044640B105F18F
:109780000806304600F004FF044668B1204670BD6C
:10979000284600F06DF905F1080000F00FFF2046A3
:1097A00070BD0446204670BD284600F061F9304681
:1097B00000F004FFEAE700BF48B110B5044600F02E
:1097C00057F904F10800BDE8104000F0F7BE7047FB
:1097D0002DE9F04786B08946824601A8F6F780FD5C
:1097E000DDF81480B9F1000F2DD0049B42461421FE
:1097F00048469847074680B30646002403E00134F4
:109800001436A14520D0304600F0C2FE054600289F
:10981000F5D1304600F0D2FEA14515D95CB104EB7C
:10982000840407EB8404143C204600F0C7FEA742E2
:10983000A4F11404F8D13846029B414698472846C3
:1098400006B0BDE8F0874F460125CAF80890CAE97E
:109850000079284606B0BDE8F0870546F9E700BF65
:1098600038B5044628B100F093FE054620B12846DD
:1098700038BD0546284638BD204600F09FFE2846E4
:1098800038BD00BF08B100F099BE704708B1FFF7BE
:109890009FBF704720B330B587B0054601A8F6F7E3
:1098A0001FFD2A68B2B1A96861B1002404EB8403EA
:1098B00012EB830010D000F081FE0134A9682A6801
:1098C0008C42F3D3029B1046059998470023C5E9C3
:1098D0000033AB6007B030BD01348C42E6D3F1E712
:1098E000704700BF38B5044630B10021FFF7CEFF06
:1098F000054620B1284638BD0546284638BD2046D5
:10990000FFF7C8FF284638BD08B1FFF7C3BF70474F
:10991000003818BF01207047704700BFFFF7A0BF95
:10992000FFF7B0BF044B1A680AB103487047034AF7
:10993000014812681A607047E03B0020F4350020AF
:10994000D0B170B5066804460D4696B1304604F0B5
:10995000C3FA421C314660602846FAF7FBFBE16817
:109960002846F1F707FF21692846BDE87040F1F766
:1099700001BF32463046EDE7704700BF70B5044680
:10998000B0B10D46042128466E1DF3F71FF9636838
:109990000421C5F104051E4406443046F3F716F9C8
:1099A0000421441834442046F3F710F905442819DB
:1099B00070BD00BF70B50C4682B0D9B18E6801ABE6
:1099C000096805463246FAF7D7FB019B70B99E42FB
:1099D00013D304F10C012846F1F7FCFF04F1100148
:1099E000284602B0BDE87040F1F7F4BF03B1013B77
:1099F0006360EEE7084602B070BD0121A875697585
:109A000060602846F3F7FAF801992846F3F72EF933
:109A1000DFE700BF10B504210020F3F7D7F80421D9
:109A200044182046F3F7D2F80430204410BD00BF9C
:109A300038B5044690B104210020F3F7C7F86568F3
:109A40000421053505442846F3F7C0F804214418DD
:109A50002C442046F3F7BAF80430204438BD00BF48
:109A600000487047FC300020003818BF01207047C4
:109A7000704700BF60B1B7EE007B0022002380ED8D
:109A8000067BC0E90023C0E90223C0E904230120CA
:109A9000704700BF704700BF10B582B0044608464B
:109AA000019104F019FA024601992046013202B0F0
:109AB000BDE81040FAF74EBB00B583B001ABFAF732
:109AC0005BFB03B05DF804FB4FF6FF730380704748
:109AD0004FF6FF730380704738B5044600880D4683
:109AE00000F03EFD0346C00F002BB8BF258038BDF7
:109AF00070B50C46054608892B68267DD1E9001211
:109B0000B2FBF0F25B1AB3FBF2F301339BB2B3FB8F
:109B1000F0FC00FB1C339BB202FB03F3181D08444E
:109B200050F8042C16B1002640F8046C032A01D822
:109B3000012070BD08332846043A19442B69F3F715
:109B400039F8284622460249F3F710F8002070BD84
:109B5000D978010010B5C0E900120024029A0381EF
:109B600002610475C3B10C600189012914D94FF059
:109B7000010C43680CF1010EBCFBF1F2B3FBF1F3F5
:109B800001FB12C21FFA8EFC92B202FB03F30268C1
:109B9000D45001896145ECD84FF0FF33C36010BD4C
:109BA0000189D9B110B54FF0000EF44674464368F0
:109BB0000EF1010EBCFBF1F2B3FBF1F301FB12C29B
:109BC0001FFA8EFC92B202FB03F30268D4500189A3
:109BD0006145ECD84FF0FF33C36010BD4FF0FF3349
:109BE000C36070472DE9F84304460D4601891746C6
:109BF0008089984600F0ACFC29460646A08900F012
:109C0000AFFC00280ADB00262946E08900F0A8FC0A
:109C1000002800DAE5813046BDE8F8833046294661
:109C200000F09EFC0028EEDB236938469847814609
:109C30000121A08900F08CFCB9F1000F08BF85421A
:109C40000CBF0126002604D10023089AA0811370BE
:109C5000DAE7218963682068B5FBF1F2B3FBF1F321
:109C600001FB125292B202FB03F30433184450F882
:109C7000043C002BC7D139464246EFF755FE2189F7
:109C80006368B5FBF1F2B3FBF1F301FB125292B240
:109C900002FB03F3226842F803800123089A137041
:109CA000B9F1000FAFD0A6890121304600F050FC79
:109CB000218963680646B0FBF1F2B3FBF1F301FBC7
:109CC0001202206892B202FB03F30433184450F8E6
:109CD000043C002B97D023699847022802D0012822
:109CE000E2D090E701268FE72DE9F04704460F46C2
:109CF00080890121904600F02BFC21896368266849
:109D0000B0FBF1F2B3FBF1F301FB120292B202FBE2
:109D100003F304331E4456F8049CB9F1000F23D01A
:109D20000546236930469847824600B3B4F80CA034
:109D30000121504600F00CFC2189824663682068AE
:109D4000BAFBF1F2B3FBF1F301FB12A292B202FBF8
:109D500003F30433184450F8043C2BB123699847AB
:109D600002281BD00128E3D00020BDE8F0874A4636
:109D700031463846F2F726FF218963680120B5FB9A
:109D8000F1F2B3FBF1F301FB125292B202FB03F3C7
:109D9000226842F803A0A581BDE8F087208906EB80
:109DA00008016368A9EB0802B5FBF0F6B3FBF0F31A
:109DB00000FB16552068ADB205FB03F30025C55026
:109DC0003846F2F7FFFE384622460349F2F7CEFE48
:109DD0000120A4F80CA0C8E7D978010038B51146D5
:109DE0000446C089154600F0BBFB0028B8BFE581DA
:109DF00038BD00BF2DE9F843038904460F46858925
:109E0000DBB12846012604E0664506F1010614D2BE
:109E1000A089B1B200F09CFBB4F808C0B0FBFCF222
:109E2000D4E900130CFB1202B3FBFCF392B202FB69
:109E300003F3CB58002BE7D105463D800121E6898D
:109E4000284600F089FB0146304600F085FB0646B7
:109E500020B34FF000094FF001084D461FFA89F179
:109E6000388800F075FB2389616808FA09FC2268CC
:109E700009F1010945EA0C0CB0FBF3FEB1FBF3F16B
:109E80000EFB130083B203FB01F153580BB91FFA09
:109E90008CF54E45E2D12846BDE8F88305462846B4
:109EA000BDE8F8834FF6FF7C01600373A0F80EC095
:109EB000C0E90132704700BF4FF6FF72037BC281D9
:109EC00043607047F0B5044683B040680D461646BF
:109ED000FCF7D2FD63681844A368421993422CBF73
:109EE0000127002702D2384603B0F0BD00900023BE
:109EF00030462168F2F754FE636838462B446360AD
:109F000003B0F0BD2DE9F04104461D464068237BB7
:109F100098428CBF0126002602D83046BDE8F08169
:109F20008846E0890121174600F012FB2368E08192
:109F300028803046C8F8003063683B60237B63604C
:109F4000BDE8F081F8B50A890C460546267BD1E9C3
:109F50000013B3FBF2FE0368A3EB010C0369BCFB27
:109F6000FEFC0CF1010C1FFA8CFCBCFBF2F702FBAF
:109F700017CC1FFA8CFC0EFB0CFC51F80C20B444DF
:109F8000921B0CF1080C043A6144F2F713FE2846C8
:109F900022460249F2F7EAFD0020F8BD2D7D0100BE
:109FA00030B59DF80C4003810473C0E90012E3B1A1
:109FB0000C60B0F808C0BCF1010F16D94FF0010ECB
:109FC00043680EF10105047B0168BEFBFCF2B3FBA4
:109FD000FCF30CFB12E21FFA85FE92B202FB03F3C4
:109FE000CC50B0F808C0F445EAD8074B4FF6FF72E2
:109FF0004FF0FF346FF00045C0F80E30002342826E
:10A000000384C0E9064530BD0000FFFF00000000EA
:10A01000018910B5B1B14FF0000EF44643680EF15E
:10A02000010E047BBCFBF1F2B3FBF1F301FB12C2A6
:10A030001FFA8EFC92B202FB03F30268D45001892E
:10A040006145EBD8084B4FF6FF729FED057BC0F8DA
:10A050000E3000234282038480ED067B10BD00BFDA
:10A06000FFFFFFFFFFFFFF7F0000FFFF2DE9F04F25
:10A07000044691B000898B46E6890492656823689E
:10A0800094F80C90B6FBF0F2B5FBF0F500FB126211
:10A090002F1F92B205FB0232111DD2F800800391EE
:10A0A000002800F04A814FF0000CE24661460CF1B6
:10A0B000010CB1FBF0F200FB12121FFA8CF192B20C
:10A0C00005FB02F29A584A4503D10AF1010A1FFA28
:10A0D0008AFA8142EBD340460421CDF814A0F2F76E
:10A0E00075FD804408EB0B02BA4240F2CA80227B25
:10A0F0005A44BA4240F2B2804FF6FC72BBB2A2EBB5
:10A1000009021A4492B20AFB02F90592D945069255
:10A11000C0F0B38008F10402BA4280F0DA80A3F103
:10A120000409059BA9EB08091FFA89F9ABEB090B98
:10A13000BBFBF3F203FB12B3002B40F0C48093B2DD
:10A14000534500F29A80002B00F0F980CDF81C8076
:10A150004FF0000ADDF814800DF1200B05951D4627
:10A1600000E0C1462189584663680AF1010AB6FB3E
:10A17000F1F2B3FBF1F301FB1262216892B202FB30
:10A1800003F33A4604331944002351F804CCCDF8C4
:10A1900000C0F2F705FD4A4600230D215846FCF7A2
:10A1A0002BFC218963683046B6FBF1F2B3FBF1F377
:10A1B00001FB1262012192B202FB03F32268D75025
:10A1C00000F0C6F906461FFA8AF39D42C9D8DDF8A9
:10A1D0001C80059D20893A466368B6FBF0F1B3FB0D
:10A1E000F0F300FB1161584689B201FB03F32168CB
:10A1F00004331944002351F8047C0097F2F7D0FC93
:10A20000069F58460223BAB20D21FCF7F5FB08F170
:10A210000401039BA5F1080225890B44A2EB080267
:10A22000B6FBF5F01946636805FB1060B3FBF5F368
:10A2300080B2256800FB03F3207B04303844E850EB
:10A24000049D2846F2F7BEFC284622463D49F2F717
:10A250008DFC0120E68111B0BDE8F08F0121E0897D
:10A2600000F076F905462189608A00F071F901460F
:10A27000284600F075F9002844DD002011B0BDE843
:10A28000F08F2189608A059200F062F9014630461C
:10A2900000F066F90028059AEFDC2589D4E90073FF
:10A2A000B6FBF5F4B3FBF5F305FB1464A4B204FBB1
:10A2B00003F3DDE90310FA500023CDF80080F2F734
:10A2C0006FFC0120DAE70132069393B25345D4D8EC
:10A2D00039E730460121079300F03AF90646208914
:10A2E0006268B6FBF0F1B2FBF0F200FB116189B2DB
:10A2F00001FB02F2216804328B1853F8048C03939B
:10A30000079B0CE7218963680498B5FBF1F2B3FB66
:10A31000F1F301FB1252216892B202FB03F3227B9C
:10A3200004335A44194441F8042C237B009300233E
:10A33000F2F736FC0120E581A0E78246CBE60DF17D
:10A34000200B47E72D7D0100F8B504461D460F465A
:10A35000008A0121164600F0FBF8288022896368F4
:10A36000B0FBF2F1B3FBF2F302FB110CE1891FFA2F
:10A370008CFC0CFB03FC23680CF1040C63443B6075
:10A380002368634453F8043C336000F0E9F8002884
:10A3900001DD0020F8BD237B32689A42F9D9618A39
:10A3A000208A00F0D9F823898342F2D02888E389F3
:10A3B0002082984201D00120F8BD012100F0C8F8A8
:10A3C00003460120E381F8BD70B5018A0446408A46
:10A3D00015461E4600F0C4F8002807DB4FF0FF3595
:10A3E0006FF000460020C4E9065670BD94F82000C6
:10A3F00040B9012384F82030643546F10006C4E9F1
:10A40000065670BDD4E90623954276EB030304DBC0
:10A41000431C012084F82030EEE70020ECE700BF69
:10A42000408A70472DE9F04190F8217097B180463D
:10A430000D4616461C461888012100F089F8208038
:10A44000B8F8101000F08CF8002806DD00231F4635
:10A4500088F821303846BDE8F081B8F80820208817
:10A46000D8F80410B0FBF2F3B1FBF2FC02FB1303CB
:10A470009BB203FB0CFCD8F800300CF1040C6344D5
:10A480002B60D8F80030634453F8043C336098F8EC
:10A490000C209A42D0D0DDE7F8B504460E461046AF
:10A4A000012100F059F8618A00F056F8D0B1054654
:10A4B00000270121608A00F04BF8B4F808C06368F7
:10A4C000013794F80CE02268BD426082B3FBFCF1D6
:10A4D000B0FBFCF30CFB13039BB201FB03F342F84C
:10A4E00003E0E6D1003E4FF0000318BF012684F8D8
:10A4F000203084F82160F8BD018A408A08B500F058
:10A500002FF8B0FA80F0400908BD00BF0189E1B121
:10A5100043684FF0000C30B5B3FBF1FE05686246AE
:10A52000047B60460CF1010CB2FBF1F301FB132339
:10A530001FFA8CF29BB20EFB03F3EB589C4201D145
:10A54000013080B28A42EDD330BD0846704700BF6B
:10A55000084480B2704700BF401A80B2704700BF05
:10A56000884211D009D3884210D9411AB1F5004F61
:10A57000D4BF01204FF0FF3070470B1AB3F5004FE6
:10A58000F1DA4FF0FF30704700207047012070472C
:10A5900010B5044686B070B101A8F5F7A1FE019B85
:10A5A000059901209847206028B1002101220170FF
:10A5B0001046C4E9011206B010BD00BF20B3036805
:10A5C00010B5044686B073B18368F3B101A8F5F7FE
:10A5D00087FE029B0599206898470023C4E9003351
:10A5E000A36006B010BD4368DBB98368002BF8D0C8
:10A5F000124B5122012112481B68DB6801F094FEC6
:10A600004FF0FF3000F0DAFD70470C4B4C22012177
:10A610000C481B68DB6801F087FE4FF0FF3000F04C
:10A62000CDFD064B4E22012107481B68DB6801F077
:10A630007BFE4FF0FF3000F0C1FD00BFB8250020C9
:10A6400080170020E016002030170020F8B50D46D6
:10A650000F4FEFF7C3F80F4A396800261368044616
:10A66000814288BF0133314613604FF0FF32E3FB74
:10A670000201094A002300F0D3FB4FF47A733C60D7
:10A6800003FB02F2C5E90001AA603046F8BD00BF35
:10A69000D0950020D495002040420F004FF0000CD0
:10A6A00042602022017080F808C0C260704700BF7D
:10A6B00038B5044640680D460AF036FB0121217288
:10A6C0000DB9084638BD20786268884082F830119C
:10A6D00082F82F1182F8A5006068ECF7F7F9B0FA5C
:10A6E00080F0400938BD00BF2DE9F041079F1546B5
:10A6F0009846C3683A449A4216D80278044643689A
:10A700000E46520083F8A520012283F8302183F8F9
:10A710002F2167B1069B53B140683A4606990368FA
:10A720005B689847874202D00020BDE8F0816068EE
:10A7300031462A4603685B6898478542F4D1414612
:10A740006068ECF7C3F9B0FA80F04009BDE8F08129
:10A750002DE9F843154606460F46D2B20178406807
:10A76000ECF734FA854224D105B30024DFF84C908D
:10A77000A04613E090F8A2C090F8A32062450CF127
:10A780000102844418D980F8A2209CF81A300134C0
:10A7900007F80830A4B2A542A04607D9706802683D
:10A7A00052694A45E6D09047C3B2F0E70120BDE8C0
:10A7B000F8830020BDE8F883FF23E8E7C9460000DE
:10A7C00002B32DE9F04106460F469846154600248F
:10A7D00001E0A54213D92A1BF368391930469A4281
:10A7E00028BF1A46AB1AA3428CBF002308F001030E
:10A7F0001444FFF7ADFF0028EBD1BDE8F081012044
:10A80000BDE8F0810120704708B52DED028BB0EE58
:10A81000408A00F035F8B4EE488AF1EE10FAF0EE16
:10A82000408A0AD6B0EE480A00F01CF8F7EE007A2B
:10A83000B4EEE70AF1EE10FA04DCB0EE680ABDEC03
:10A84000028B08BD03F03AF9BDEC028B03462122CE
:10A850001A600248BDE8084000F00CB8000C002067
:10A8600000F014B910EE103A23F0004300EE103A55
:10A87000704700BF9FED010A704700BF0000C07F16
:10A8800038B510EE105A25F00044B4F17E5F2DED7E
:10A89000048B00F085807ADCB4F17C5F0FDAB4F1D0
:10A8A000485F80F29C80DFED697A70EE277AB7EE20
:10A8B000007AF4EEC77AF1EE10FA00F38D80FFF71C
:10A8C000D1FFF7EE007A37EEC00AB6EE007A20EE3E
:10A8D000078ADFED5F6A9FED5F7A9FED5F6A9FED0C
:10A8E0005F5ADFED5F5ADFED5F8AE8EE076A9FEDA2
:10A8F0005E7AA8EE067A9FED5D6AA6EE885AA7EE0C
:10A90000086A9FED5B7ADFED5B6AE5EE085AA6EE1A
:10A91000087AE5EE886AE7EE087AE6EE888AB0EE15
:10A92000480AB0EE679A00F027FA534B9C4268EE53
:10A93000888A42DC10EE103A23F47F6323F00F0381
:10A9400006EE903AA6EEE68A30EE267A88EE895A2E
:10A95000C8EE074ADFED497A9FED497AB0EE006A0A
:10A96000E4EEC67A30EE000AF0EE475AE6EEC65A3A
:10A97000D0EE057A77EEE57A37EE677A002D0ADCBD
:10A98000BDEC048BB1EE477AB0EE470A38BD70EEED
:10A99000407A87EEA77ABDEC048BB0EE470A38BD4B
:10A9A0009FED367ADFED377A20EE077ABDEC048B27
:10A9B000A0EE277AB0EE470A38BD88EE896ADFED4F
:10A9C000327A9FED307AA0EE060AF0EE006AE0EEF1
:10A9D000267A37EE677AD1E7B0EE407ADBE760EEB1
:10A9E000007A9FED1C7ADFED1A6A9FED1C6ADFED9D
:10A9F0001A5A9FED1B5AE7EE876ABDEC048BA6EE50
:10AA0000A76A9FED197ADFED196AA7EEA57AA6EE7F
:10AA1000275AE7EE276ADFED175A9FED156A9FED7B
:10AA2000117AE5EE275AA6EEA76AA5EEA77AF7EE09
:10AA3000006AE6EE276A67EE277AB0EE407A87EE84
:10AA4000A66AA0EE067AB0EE470A38BDCAF249718E
:10AA5000047F4F3A08EF11382EC69D3D461124BDA4
:10AA6000A80A4E3EABAA2A3E613330BF2D570140A3
:10AA700039D119C090B0A6BE9999793F2EBD3BB38C
:10AA8000DB0F493FDB0FC93F2EBD3B3310B582B012
:10AA9000CDED010A019B23F00042B2F1FF4FF0EE31
:10AAA000407A30DC10EE100A20F00041B1F1FF4F87
:10AAB00029DCB3F17E5F40D09C1704F0020444EA25
:10AAC000D07431B372B3B2F1FF4F3ED0B1F1FF4F4A
:10AAD00028D0891AB1F1F45F4FEAE15232DA002B43
:10AAE00040DA3C323EDA9FED330A012C4CD0022C86
:10AAF00041D064B19FED307ADFED307A30EE070A55
:10AB000030EE670A03E09DED017A37EE270A02B0C6
:10AB100010BD022C0ED09FED2A7A032C07FE000AEE
:10AB200002B010BD9FED270ADFED277A002820FE36
:10AB3000270AECE79FED210AE9E702B0BDE81040E3
:10AB400000F048B89FED1F0ACFE7B1F1FF4F04F1C5
:10AB5000FF3420D0022C26D81C4B03EB840393ED4A
:10AB6000030AD4E79DED017A87EE870AFFF77AFEA4
:10AB700000F030F8B9E79FED107ADFED107A30EE93
:10AB8000070A37EEC00AC2E710EE103A03F100439D
:10AB900000EE103ABBE7022C08D80C4B03EB840301
:10ABA00093ED000AB3E79FED030AB0E79FED080AB3
:10ABB000ADE700BF000000002EBDBB33DB0F4940F6
:10ABC000DB0F49C0DB0FC93FDB0FC9BFF805002011
:10ABD000DB0F493F38B510EE105A25F00044B4F1B0
:10ABE000A14FF0EE407A0ADBB4F1FF4F55DCDFED08
:10ABF000507A9FED507A002D37FE870A38BD4E4BB4
:10AC00009C4259DCB4F1445F4ADB4FF0FF3227EE3F
:10AC1000A76ADFED4A6ADFED4A5ADFED4A4A9FED47
:10AC20004A5A9FED4A4A26EE067A531CE7EE265A08
:10AC3000DFED476AA5EE875AE7EE246ADFED455A55
:10AC4000DFED454AE6EE875AA5EE074A9FED435AE7
:10AC5000DFED436AA5EE875AE4EE074ADFED415A7D
:10AC6000E4EE876AE5EE075A66EE866A65EE875A75
:10AC700037D03D4B03EB820376EEA56A93ED007A65
:10AC800093ED046A96EEA77A002D77EE677A36EE9A
:10AC9000670AB3DAB1EE400A38BD30EE000A38BDBB
:10ACA0009FED327A30EE077AF7EE006AB4EEE67A7C
:10ACB000F1EE10FAA9DD38BDFFF7D4FD2C4B9C4214
:10ACC00016DCA3F5D0039C4227DCF0EE007ABFEE41
:10ACD000007AA0EE277A002230EE270AC7EE007A2B
:10ACE00095E776EEA56AE6EEE77AB0EE670A38BD3C
:10ACF000204B9C420BDCF7EE087AB7EE007AA0EE10
:10AD0000277A022230EE670AC0EE077A7FE7BFEEAD
:10AD1000007AC7EE007A032279E7F7EE007A30EE88
:10AD2000677A30EE270A0122C7EE007A6FE700BF8C
:10AD3000DB0FC93FDB0FC9BFFFFFDF3ED769853C93
:10AD400059DA4B3D21A215BD356B883D6E2EBA3DBB
:10AD50006BF16EBD95879DBD2549123E388EE3BDD2
:10AD6000ABAAAA3ECDCC4CBE10060020CAF2497157
:10AD7000FFFF973FFFFF1B40B1EEC00A704700BFC7
:10AD80007BB972B90029BEBF00204FF0004106E038
:10AD900008BF00281CBF6FF000414FF0FF3000F0EB
:10ADA000BBB9ADF1080C6DE904CE002909DB002B1D
:10ADB0001ADB00F04DF8DDF804E0DDE9022304B011
:10ADC0007047404261EB4101002B1BDB00F040F873
:10ADD000DDF804E0DDE9022304B0404261EB41010B
:10ADE000524263EB43037047524263EB430300F06C
:10ADF0002FF8DDF804E0DDE9022304B0404261EB06
:10AE000041017047524263EB430300F021F8DDF843
:10AE100004E0DDE9022304B0524263EB43037047D0
:10AE200053B94AB9002908BF00281CBF4FF0FF31B1
:10AE30004FF0FF3000F070B9ADF1080C6DE904CEB1
:10AE400000F006F8DDF804E0DDE9022304B0704705
:10AE50002DE9F047089E0D4604460F46002B4AD1C7
:10AE60008A42944665D9B2FA82F343B102FA03FCEE
:10AE7000C3F120029F4020FA02F217439C404FEAA0
:10AE80001C4E1FFA8CF5B7FBFEF1220C0EFB11775E
:10AE900042EA074201FB05F090420AD91CEB02028C
:10AEA00001F1FF3780F01C81904240F21981023994
:10AEB0006244121AA4B2B2FBFEF00EFB102244EA66
:10AEC000024400FB05F5A5420AD91CEB040400F17D
:10AED000FF3280F00781A54240F2048164440238C9
:10AEE00040EA0140641B00211EB1DC400023C6E99A
:10AEF0000043BDE8F0878B4208D9002E00F0ED80BA
:10AF00000021C6E900050846BDE8F087B3FA83F1E1
:10AF1000002949D1AB4202D3824200F2F880841A60
:10AF200065EB030201201746002EE2D0C6E9004778
:10AF3000DFE702B9FFDEB2FA82F3002B40F0908027
:10AF40008A1A4FEA1C471FFA8CFE0121B2FBF7F563
:10AF500007FB1520220C42EA00420EFB05F090424E
:10AF600008D91CEB020205F1FF3802D2904200F230
:10AF7000CB804546121AA4B2B2FBF7F007FB1022B1
:10AF800044EA02440EFB00FEA64508D91CEB04046B
:10AF900000F1FF3202D2A64500F2BB801046A4EBBE
:10AFA0000E0440EA05409FE7C1F120078B4022FADA
:10AFB00007FC4CEA030C05FA01F420FA07F3FD4004
:10AFC0004FEA1C492343B5FBF9F81FFA8CFE09FB35
:10AFD00018551C0C44EA054408FB0EF5A54202FA7C
:10AFE00001F200FA01F00BD91CEB040408F1FF3A5E
:10AFF00080F08880A54240F28580A8F10208644470
:10B00000641B9DB2B4FBF9F309FB134445EA044405
:10B0100003FB0EFEA64508D91CEB040403F1FF3523
:10B020006CD2A6456AD9023B644443EA0843A3FBB9
:10B030000295A4EB0E04AC42C846AE4656D353D09C
:10B0400056B1B0EB080264EB0E0404FA07F7CA40ED
:10B05000CC401743C6E9007418460021BDE8F087CC
:10B06000C3F1200102FA03FC20FA01F225FA01F1F2
:10B070009D402A434FEA1C471FFA8CFEB1FBF7F0B4
:10B0800007FB1015110C41EA054100FB0EF58D423E
:10B0900004FA03F408D91CEB010100F1FF382FD2A8
:10B0A0008D422DD902386144491B92B2B1FBF7F5AC
:10B0B00007FB151142EA014205FB0EF1914208D946
:10B0C0001CEB020205F1FF3816D2914214D9023D61
:10B0D0006244521A45EA004138E73146304608E7F3
:10B0E0003946E6E61046FBE64845A9D2B9EB020828
:10B0F00065EB0C0E013BA3E74546EAE72B4694E7D8
:10B100004046D1E7D0467BE7023D624432E708463D
:10B110000AE76444023842E7704700BF0A22002170
:10B1200000F052BE0A23002200F040BE10B4044CCE
:10B1300003460A4620685DF8044B194600F002B841
:10B14000B825002038B5A1FB02148CBB00F0B6F87E
:10B150000546E0B150F8042C22F00302043A242AF8
:10B1600017D8132A1AD91B2AC0E900441DD9242A4A
:10B1700014BF00F1100200F118024FF00003C0E903
:10B18000024404BF04614461C2E90033936028466D
:10B1900038BD214601F05AFB284638BD024600233F
:10B1A000C2E900339360284638BD00F10802F6E793
:10B1B00002F084FC0C2300250360E8E708B50021B9
:10B1C000044602F03BFF034B1B6803B1984720463F
:10B1D000EEF724FE588E002010B4044C03460A46B5
:10B1E00020685DF8044B194600F010B8B82500201F
:10B1F00000B5054B83B0014601AA186800F006F8B7
:10B2000003B05DF804FB00BFB82500202DE9F0472E
:10B21000DFF8748006468946174602F073FFD8F8B7
:10B22000005055B199F800301C4673B14C4602E00D
:10B2300014F8013F3BB13D2BFAD1304602F068FFD4
:10B240000020BDE8F087A4EB090428680028F4D0AA
:10B250002246494601F0B2FB28B92B681A5D3D2A07
:10B2600003EB040A04D055F8040F0028F0D1E4E7FA
:10B27000D8F80030EB1A9B1030463B6002F048FFD4
:10B280000AF10100BDE8F087902C002000B583B0E2
:10B2900001AAFFF7BBFF03B05DF804FB024B0146B8
:10B2A000186800F00BB800BFB8250020024B01461B
:10B2B000186802F083BF00BFB82500202DE9F04FC9
:10B2C00001F10B06162E83B0044624D8102900F293
:10B2D000BA8000F09DFA102618220220B74F3A4497
:10B2E000A2F1080153688B4200F0BA805A68D9680D
:10B2F00022F003021A449D68E9608D60516841F0B4
:10B3000001012046516003F1080500F087FA284644
:10B3100003B0BDE8F08F36F0070600F19480B1422B
:10B3200000F2918000F074FAB6F5FC7FC0F09681CF
:10B33000730A00F08F80042B00F26B81B30903F1D4
:10B34000390003F1380CC3009C4F3B44A3F10805BE
:10B350005B689D4206D10CE0002980F22B81DB68FE
:10B360009D4206D05A6822F00302911B0F29F3DD9B
:10B3700060463D69DFF848C265457CD06A6822F0C6
:10B380000302931B0F2B00F37781002BC7E904CC3A
:10B3900080F26881B2F5007F80F01681D308796869
:10B3A00001334FEA521E012202FA0EF20A4357F805
:10B3B00033E0C5F808E007EBC3010839E9607A60BB
:10B3C00047F83350CEF80C50831001219940914238
:10B3D00057D8114206D120F003004900114200F174
:10B3E0000400FAD007EBC0094D468646D5F80C801C
:10B3F000454508D119E1002B80F22081D8F80C8056
:10B40000454500F01281D8F8042022F00302931B76
:10B410000F2BF0DD2046D8E9025408EB060146F078
:10B420000106C8F80460EC60A56043F00104C7E9B8
:10B430000411C1E902CC4C6048F8023000F0EEF98A
:10B4400008F1080502E00C2323600025284603B01C
:10B45000BDE8F08F4FF4007340204FF03F0C73E7CE
:10B46000D3689A4208BF02307FF440AF3D69DFF8ED
:10B4700050C1654582D17A6883100121994091427B
:10B48000A7D9BD686B6823F00308464503D8A8EB2D
:10B4900006030F2B7EDCDFF82C91D7F80824D9F8AF
:10B4A00000300132334405EB080A00F02F8103F528
:10B4B00080530F3323F47F6B2BF00F0B594620463C
:10B4C00002F0D4FA411C024600F0EF80824500F2FF
:10B4D000EA80D9F804105944C9F804100B4600F06A
:10B4E0004B81D7F8081401311BBFA2EB0A0A534461
:10B4F000C7F80824C9F8043012F0070300F01281DD
:10B50000C3F108010A44C3F5805193440831A1EB0B
:10B510000B01C1F30B0A514620460192009302F041
:10B52000A5FA421CDDE9003200F04B81801A00EBE5
:10B530000A0BD9F80400BA604BF001030AEB0001D2
:10B54000BD425360C9F8041000F02281B8F10F0F1A
:10B5500040F220816B68A8F10C0020F0070003F096
:10B56000010303436B604FF0050C2B180F28C3E950
:10B5700001CC00F22D8153681546D9F82C208A425F
:10B58000D9F8302038BFC9F82C108A4238BFC9F822
:10B5900030108CE0AA1943F0010346F001066E60FA
:10B5A0002046BA60536000F039F90835284603B0E8
:10B5B000BDE8F08FD9681A449DE600BFE42600205C
:10B5C000EC260020EC8C0020B2F5206F4FEA5223CD
:10B5D00063D3142B00F2B88003F15C01C9005B3324
:10B5E00007EB010E7958AEF1080E8E4500F0918000
:10B5F0004B6823F00303934202D989688E45F7D143
:10B60000D1F80CE07A68C5E9021ECEF80850CD608A
:10B61000DAE6142B59D9542B00F29E80330B03F138
:10B620006F0003F16E0CC3008EE60EF1010E1EF0EA
:10B63000030F05F108057FF4D9AE51E042444546B9
:10B640005368D8F80C1043F00103536055F8083FD5
:10B650002046D9608B6000F0E1F8F7E6F00806F1CB
:10B6600008023BE62A442046536843F00103536036
:10B67000083500F0D3F8E9E6A919204646F001069E
:10B6800043F001046E60C7E90411C1E902CC4C60CB
:10B69000AB5000F0C3F80835D8E6930903F139013F
:10B6A000C90038339CE7BD4260D0BD686B6823F0A9
:10B6B000030B5E45ABEB060302D80F2B3FF76AAFD7
:10B6C000204600F0ABF80025C0E603F15C0003F172
:10B6D0005B0CC30038E659F808394B4540F09680BA
:10B6E00010F0030F00F1FF30F5D17B6823EA01036E
:10B6F0007B60490099423FF6C4AE19B9C1E64900E2
:10B700000EF1040E1942FAD070466BE603F1100BED
:10B71000D4E69A104FF001087B6808FA02F21A4347
:10B720007A6070E702EB0B014942C1F30B0A514604
:10B7300020460193009202F099F9431CDDE90023B1
:10B740007FF4F4AE9A46F4E6542B26D8130B03F19B
:10B750006F01C9006E3343E7B3F5AA7F26D8F30B18
:10B7600003F1780003F1770CC300EDE5D9F804305C
:10B770005B44C9F80430B4E6CAF30B0000287FF438
:10B78000B0AEBD6808EB0B0343F001036B60F4E659
:10B790001546F2E60123536092E7B3F5AA7F21D85C
:10B7A000D30B03F17801C900773319E740F2545203
:10B7B000934221D8B30C03F17D0003F17C0CC3004C
:10B7C000C2E5083B9B44ABEB020B4FF0000AB0E62E
:10B7D00005F10801204602F0F1FCBD68D9F804101B
:10B7E0006B68CAE640F254518B420BD8930C03F1BC
:10B7F0007D01C9007C33F3E64FF47E737F204FF068
:10B800007E0CA1E54FF47E717E23E9E67B6870E74C
:10B81000014802F087B900BF1C910020014802F0E6
:10B8200089B900BF1C910020024B1B680022C3E9AC
:10B8300026027047B82500200C4B0D4819680D4AA8
:10B84000D1F8983010B4D1F89C4003FB00F002FB13
:10B850000400A3FB0232013340EB0200C1E92630B1
:10B860005DF8044B20F00040704700BFB825002071
:10B870002DF451582D7F954C10B4044C03460A46C4
:10B8800020685DF8044B194600F002B8B825002086
:10B890002DE9F84F1746002900F098800C4607F173
:10B8A0000B058046FFF7B4FF162D54F8041C5BD837
:10B8B00010252A46AF425CD821F003069642A4F137
:10B8C000080962DABC4BD3F808C009EB06008445CE
:10B8D00000F09780D0F804C02CF0010303445B68AB
:10B8E000DB0768D42CF0030C06EB0C03934247DA19
:10B8F000CB0710D454F8083CA9EB030ADAF804305B
:10B9000023F003018C44B444944580F211817318F0
:10B91000934280F2E88039464046FFF7CFFC074665
:10B92000E0B154F8043C23F001034B44A0F10802B9
:10B93000934200F0D280321F242A00F2F580132AAD
:10B9400000F2AC80034622461168196051685960C4
:10B9500092689A602146404602F030FC4046FFF76C
:10B960005DFF3846BDE8F88F25F00705002D2A4613
:10B97000A0DA0C23C8F8003000273846BDE8F88F5D
:10B980001E46D0E90223D3609A60731B0F2B22D886
:10B99000D9F8043003F0010333434E44C9F80430AE
:10B9A000736843F00103736040462746FFF736FF94
:10B9B0003846BDE8F88FC907ADD454F8083CA9EB68
:10B9C000030ADAF8041021F00301A0E7BDE8F84FFC
:10B9D0001146FFF773BCD9F8042009EB050102F00A
:10B9E00001024E4443F001032A43C9F804204B608E
:10B9F000736843F0010308317360404602F0DEFBD8
:10BA0000D2E7DCF8040020F0030B06EB0B0C05F189
:10BA1000100084454DDAC9073FF57DAF54F8081C86
:10BA2000A9EB010ADAF8041021F003018B44B344B6
:10BA300058453FF76CAF5746DAF80C1057F8080F27
:10BA4000321F242AC160886000F2DB80132A40F292
:10BA5000D6802168CAF808106168CAF80C101B2A41
:10BA600000F2DF8008340AF1100221681160616879
:10BA70005160A16891600AEB0501ABEB050242F051
:10BA8000010299604A60DAF8043003F001032B43A5
:10BA90004046CAF80430FFF7C1FE6EE72368036032
:10BAA000636843601B2A68D804F1080200F10803A8
:10BAB0004AE709EB05029A60ACEB050343F001038A
:10BAC000536054F8043C03F001032B43404644F810
:10BAD000043CFFF7A3FE27464FE750F8043C23F051
:10BAE00003031E4451E75746DAF80C1057F8080FC5
:10BAF000321F242AC16088604CD8132A48D9216893
:10BB0000CAF808106168CAF80C101B2A56D8083405
:10BB10000AF110021E462368136063685360A3682D
:10BB20009360D1463C4630E7214600F013FE11E712
:10BB3000D0E902135746CB60996057F8081FDAF82E
:10BB40000C30CB60321F242A99602DD8132A29D9B2
:10BB50002368CAF808306368CAF80C301B2A42D838
:10BB600008340AF1100322681A6062685A60A268F9
:10BB70009A606646D1463C4607E7A3688360E3685F
:10BB8000C360242A26D004F1100200F11003DBE682
:10BB90003A46BFE7214638461E46D14600F0DAFD58
:10BBA0003C46F2E63B46DEE7214638466646D1464D
:10BBB00000F0D0FD3C46E8E6E4260020A168CAF883
:10BBC0001010E168CAF81410242A20D010340AF1A9
:10BBD00018029FE7236903616169416104F118025A
:10BBE00000F11803B0E6A368CAF81030E368CAF899
:10BBF0001430242A21D010340AF11803B3E73A464E
:10BC000033E72146384600F0A5FD164B33E722699D
:10BC1000CAF818206269CAF81C2018340AF12002F8
:10BC200078E7A168CAF81010E168CAF81410242A4D
:10BC30000DD010340AF1180217E72369CAF818303A
:10BC40006369CAF81C3018340AF120038BE72269B3
:10BC5000CAF818206269CAF81C2018340AF12002B8
:10BC600003E700BFE4260020012B2DE9F84F40D068
:10BC7000242B98463DD84C4D8E4676461EF801BB87
:10BC800015F80B4014F00804F7D1BBF12D0F72D05A
:10BC9000BBF12B0F08BF9EF800B06FF0004908BF42
:10BCA00006F1020E002B42D0102B57D0B9FBF8F74B
:10BCB00000252E4608FB179A05E033D008FB06C680
:10BCC00001251EF801BBABF1300CBCF1090F06D900
:10BCD000ABF1410CBCF1190F12D8ABF1370C634535
:10BCE00017DDB5F1FF3FECD0B742E6D24FF0FF359C
:10BCF000E7E701F0E3FE162303600020BDE8F88FBC
:10BD0000ABF1610CBCF1190F03D8ABF1570C6345D3
:10BD1000E7DC6B1C27D08CB90AB1A5BB116030469B
:10BD2000BDE8F88FE245C9DA4FF0FF35C9E7BBF14E
:10BD3000300F05D04FF00A084346B7E77642EBE7ED
:10BD40009EF8003003F0DF03582B21D14FF010088C
:10BD50009EF801B043460EF1020EA7E7BBF1300F8B
:10BD60001AD09846A2E72223036072B10EF1FF3188
:10BD70004E461160D3E79EF800B04FF0004906F13F
:10BD8000020E01248EE7B146F0E74E463046C7E783
:10BD90004FF00808434689E79EF8005005F0DF059C
:10BDA000582DD3D0984681E7310600205CE700BFCC
:10BDB00010B4044C8446134620685DF8044B0A46D0
:10BDC000614651E7B825002010B4044C8446134660
:10BDD00020685DF8044B0A46614645E7B825002017
:10BDE0002DE9F04707464C480E46354616F801EB5C
:10BDF00010F80EC01CF0080CF7D1BEF12D0F5AD070
:10BE0000BEF12B0F03BF96F800E06446AE1C6446FB
:10BE10005BB1102B54D04FF0FF38B8FBF3F803FBA5
:10BE200008FA6FEA0A0A994608E0BEF1300F5AD0C4
:10BE30000A23DFF8E8804FF0050A994600252846D6
:10BE400005E02CD009FB00C0012516F801EBAEF18E
:10BE5000300CBCF1090F06D9AEF1410CBCF1190F41
:10BE60000BD8AEF1370C634510DDB5F1FF3FECD0D8
:10BE70004045E6D94FF0FF35E7E7AEF1610CBCF184
:10BE8000190F03D8AEF1570C6345EEDC6B1C0BD0D9
:10BE900004B140420AB165B91160BDE8F087D445EC
:10BEA000D0DD4FF0FF35D0E722233B602846002A43
:10BEB000F3D0711EF0E796F800E00124AE1CA7E76E
:10BEC000BEF1300F21D1307800F0DF00582816D1B4
:10BED0004FF0100996F801E04FF00F0A02366FF0AC
:10BEE00070484B46AAE7337803F0DF03582BEFD0B6
:10BEF00008234FF0070A6FF0604899469EE799467D
:10BF00006FF070484FF00F0A98E74FF00F0A6FF08C
:10BF10007048994692E700BF310600209999991917
:10BF20005EE700BF10B4044C8446134620685DF8F9
:10BF3000044B0A46614653E7B825002010B4044C70
:10BF40008446134620685DF8044B0A46614647E77D
:10BF5000B825002013460A460146022002F02AB8FE
:10BF6000014BC0F8EC30704730060020024A03490C
:10BF7000034800F05FB900BFF42A00205DEE010025
:10BF8000C02500200C4B4168994210B5044601D0F1
:10BF900005F070F8A168094B994202D0204605F0DF
:10BFA00069F8E168064B994204D02046BDE810408C
:10BFB00005F060B810BD00BF208D0020888D0020E6
:10BFC000F08D002008B54B6EDA0702D48B899B05F3
:10BFD00001D5002008BD886D01F0A4FD002008BD3A
:10BFE00008B54B6EDA0702D48B899B0501D500207A
:10BFF00008BD886D01F09EFD002008BD2DE9F843C5
:10C000002A4C2B4BDFF8BC90DFF8BC80294FC4F8DA
:10C010003831002504230822294604F15C00264E0D
:10C020006566C4E90253C4E90055C4E90455A56135
:10C0300000F00CFC214B63670822294604F1C40080
:10C04000C4E90749C4E90987C4E91A55C4E91E557A
:10C05000C4F8CC502567C4F88050E66200F0F6FBC7
:10C06000174BC4F8DC30294604F16803082204F5B4
:10C070009670C4F88430C4E92298C4E92476C4E9EF
:10C080003455C4E93855C4F83451C4F8D850C4F80C
:10C09000E85000F0DBFB04F1D003C4E93C98C4E9AC
:10C0A0003E76C4F8EC30BDE8F88300BF208D002058
:10C0B000559D0100A1A20100C1A2010009000100DB
:10C0C0001200020039A2010061A201002DE9F04135
:10C0D00007462C4801F026FD2B4BD3F83831002BB6
:10C0E00046D02A4E4FF00408D6E90134013B04D56E
:10C0F00025E05A1C04F1680421D0B4F90C50013B2E
:10C10000002DF6D1224BE36004F15800656601F082
:10C1100001FD1C4801F00EFDC4E90155C4E90455B8
:10C120002560A5610822294604F15C0000F08EFB21
:10C13000C4E90C55C4E911552046BDE8F0813568C5
:10C140000DB12E46D0E74FF4D6713846FFF7B6F85A
:10C15000044680B10560C0F804800C302946A06018
:10C1600025464FF4D07200F071FB34602E46BBE7D9
:10C17000FFF744FFB5E70348346001F0DBFC0C2314
:10C180003B60D9E728910020208D0020F42A002070
:10C190000100FFFF10B504460B4801F0C3FC636BC0
:10C1A0002BB90A4B0A4AD3F83831626323B1BDE890
:10C1B0001040054801F0BEBCFFF720FFBDE810406D
:10C1C000014801F0B7BC00BF28910020208D00205D
:10C1D0006D9D0100014801F0A5BC00BF2891002021
:10C1E000014801F0A7BC00BF2891002008B5054810
:10C1F00001F098FCBDE80840034A0449002000F023
:10C2000019B800BF28910020F42A0020AD9D01003C
:10C2100008B5054A0549002000F00CF8BDE80840C3
:10C22000034801F087BC00BFF42A0020C99D01002B
:10C23000289100202DE9F84380460F4616464FF01E
:10C240000009D6E90154013D11D4A389012B05F160
:10C25000FF3508D9B4F90E300133214603D04046EA
:10C26000B84749EA00096B1C04F16804EDD136684F
:10C27000002EE6D14846BDE8F88300BF2DE9F04125
:10C2800086B002FB03F71D4601AB039301230C9C10
:10C2900001919046029705970493064610B1436BAF
:10C2A000002B3DD0636E13F0010FB4F90C309AB23D
:10C2B00001D199052DD5920406D443F40053A381EE
:10C2C000636E23F400536366304603AA214605F0EB
:10C2D00039F8636E78B1DA0706D5059BFF1AB7FB0C
:10C2E000F8F006B0BDE8F081A3899B05F5D4A06DF8
:10C2F00001F020FCF1E7D80707D4A389990504D4FD
:10C30000A06D01F017FC2846EBE7284606B0BDE813
:10C31000F081A06D01F006FCB4F90C309AB2CAE7C6
:10C32000FFF738FFBEE700BF10B5064C82B0844669
:10C330000093206813460A466146FFF79FFF02B04C
:10C3400010BD00BFB825002008B410B5002A9DB06C
:10C35000044633DB4FF40273ADF8143002910691BA
:10C3600020AB17D0013A4FF6FF7104920792ADF857
:10C3700016101F9A019302A903F0DAF8421C01DAA1
:10C380008B232360029B00221A701DB0BDE8104071
:10C3900001B070474FF6FF7104920792ADF8161086
:10C3A0001F9A019302A903F0C3F8431C01DA8B23FF
:10C3B00023601DB0BDE8104001B070478B230360BF
:10C3C0004FF0FF30F5E700BF0CB410B51F4B00294C
:10C3D0001C689CB035DB4FF40273ADF8143002904A
:10C3E00006901FAB18D001394FF6FF7204910791E8
:10C3F000ADF8162002A91E9A0193204603F098F882
:10C40000421C01DA8B232360029B00221A701CB0AD
:10C41000BDE8104002B070474FF6FF7204910791DB
:10C42000ADF8162002A91E9A0193204603F080F869
:10C43000431C01DA8B2323601CB0BDE8104002B01E
:10C4400070478B2323604FF0FF30F5E7B8250020BD
:10C4500010B50C46B1F90E1001F0F2FA002803DB1A
:10C46000236D0344236510BDA38923F48053A38166
:10C4700010BD00BF002070472DE9F0410C46B1F916
:10C480000C101F46CB05054616460BD421F48051EF
:10C49000A1813B46B4F90E1032462846BDE8F04172
:10C4A00001F0F6BAB4F90E100223002201F0B2FA3C
:10C4B000B4F90C10EAE700BF10B50C46B1F90E1044
:10C4C00001F0A8FAA389421C0EBF23F4805343F461
:10C4D00080532065A38110BDB1F90E1001F088BA18
:10C4E000F0B5ADF5057D04AF009313464FF400722F
:10C4F0000E460392394603AA054600F095F888B126
:10C5000004460246039B3146284601F0C1FABC426C
:10C51000039004D02846214601F050FE03980DF503
:10C52000057DF0BD4FF0FF30F9E700BF10B4054CBA
:10C530008446134620685DF8044B0A466146FFF7BF
:10C54000CFBF00BFB825002010B51A4C00292468C1
:10C550009AB02ADB009004904FF40270ADF80C0002
:10C5600013D001394FF6FF7002910591ADF80E001E
:10C570006946204602F0DCFF421C01DA8B2323606F
:10C58000009B00221A701AB010BD4FF6FF70029186
:10C590000591ADF80E006946204602F0C9FF431C24
:10C5A00001DA8B2323601AB010BD8B2323604FF078
:10C5B000FF30F8E7B825002030B5141E9BB00546C3
:10C5C0002CDB4FF4027200910491ADF80C2014D0D2
:10C5D0004FF6FF711A46013CADF80E101E9B0294F7
:10C5E0006946059402F0A4FF421C01DA8B232B60FC
:10C5F000009B00221A701BB030BD4FF6FF711A4627
:10C60000ADF80E101E9B02946946059402F090FF4F
:10C61000431C01DA8B232B601BB030BD8B230360DE
:10C620004FF0FF30F8E700BF30B5146815469BB0F7
:10C630001A4609B1002C19D100214FF42273ADF82C
:10C640000C30009104914FF6FF7302910591ADF803
:10C650000E3069461E9B02F06BFF002813DB009B27
:10C66000286000221A7004981BB030BD4FF4C163DB
:10C6700000910491ADF80C302146E4DA8B2303607D
:10C6800000201BB030BD0020EEE700BF30B5184CD5
:10C690000D469BB021682C6808B1002C19D10024EC
:10C6A0004FF42270ADF80C000094049408464FF645
:10C6B000FF71ADF80E1069460294059402F038FF40
:10C6C000002812DB009B286000221A7004981BB01F
:10C6D00030BD009004904FF4C160ADF80C00E5DA75
:10C6E0008B2300200B601BB030BD0020EFE700BFA4
:10C6F000B8250020032A70B514D940EA01039B072E
:10C7000022D104460B46194620460E680568B542FC
:10C7100004F1040403F1040316D1043A032A204669
:10C720001946F0D8541E9AB1421E013901E0C318CF
:10C730000CD012F801EF11F801CFE645A4EB02038B
:10C74000F5D0AEEB0C0070BD541EEDE7184670BD81
:10C75000104670BD88420DD98B1883420AD900EB70
:10C76000020CBAB1624613F801CD02F801CD99422C
:10C77000F9D170470F2A0ED8034602F1FF3C4AB1A7
:10C780000CF1010C013B8C4411F8012B03F8012F33
:10C790006145F9D1704740EA01039B0750D1A2F1EE
:10C7A000100370B501F1200C23F00F0501F1100EFC
:10C7B00000F11004AC441B095EF8105C44F8105CF6
:10C7C0005EF80C5C44F80C5C5EF8085C44F8085CAD
:10C7D0005EF8045C44F8045C0EF1100EE64504F1CA
:10C7E0001004E9D1013312F00C0F01EB031102F038
:10C7F0000F0400EB031327D0043C24F003064FEA98
:10C80000940C1E441C1F8E465EF8045B44F8045FC3
:10C81000B442F9D10CF1010402F0030203EB8403EA
:10C8200001EB840102F1FF3C4AB10CF1010C013B28
:10C830008C4411F8012B03F8012F6145F9D170BD2B
:10C8400002F1FF3C03469BE72246EBE7830730B546
:10C8500048D0541E002A3FD0CAB2034601E0013C32
:10C860003AD303F8012B9D07F9D1032C2DD9CDB272
:10C8700045EA05250F2C45EA054536D9A4F11002F5
:10C8800022F00F0C03F1200EE6444FEA121C03F1D4
:10C89000100242E9045542E9025510327245F8D1BE
:10C8A0000CF1010214F00C0F03EB021204F00F0C58
:10C8B00013D0ACF1040323F003030433134442F810
:10C8C000045B9342FBD10CF003042CB1C9B21C44AD
:10C8D00003F8011B9C42FBD130BD64461346002C7B
:10C8E000F4D1F9E703461446BFE71A46A446E0E749
:10C8F00011F0FF01034644D0820732D110B504681D
:10C9000041EA012E4EEA0E4E8EEA0402A2F10133F4
:10C9100023EA0203A4F1013222EA0402134313F0D2
:10C92000803F0FD150F8044F84EA0E0CA4F101337C
:10C93000ACF1013223EA040322EA0C02134313F0A0
:10C94000803FEFD0037823B936E010F8013F002B89
:10C9500032D09942F9D110BD8A4211D09A071846B7
:10C96000CCD0184613F8012B002AF5D11046704799
:10C970009907184607D0184601330278002AF7D1E4
:10C9800070478207F7D10268A2F1013323EA02035C
:10C9900013F0803F08D150F8042FA2F1013323EAAD
:10C9A000020313F0803FF6D00378002BE8D010F894
:10C9B000013F002BFBD17047184610BD002A3ED026
:10C9C00040EA01039B0730B584462FD1032A2DD9B5
:10C9D0000B4608E0043A8446194625D01EF0803FF5
:10C9E00022D1032A22D90468194653F8045BA4F122
:10C9F000013EAC4284462EEA040E00F10400E9D068
:10CA00009CF800000C78A0421BD1E64668B11EF8E5
:10CA1000010F11F8014FA2EB0E03A04203F1FF3307
:10CA20000FD11CEB0303F1D1002030BD9CF80000B6
:10CA30000C78844205D1012AF6D0E646E6E7104696
:10CA40007047001B30BD00BF40EA01039B0730B5B3
:10CA500001D1032A0FD8844601F1FF3E07E01EF8FA
:10CA6000011F03F8011B541EC1B19C4622466346B8
:10CA7000002AF4D130BD0B468446194653F8045BB6
:10CA8000A5F1013424EA050414F0803FE4D1043A0E
:10CA9000032A4CF8045B1946EFD8DDE79444002CD8
:10CAA000E8D003F8011B6345FBD130BD01292DE916
:10CAB000F0415BD94FF00108C64600244FF0FF3526
:10CAC000434608E0A3EB05081C464FF0010E04EBBB
:10CAD0000E038B4210D200EB0E0CC75C1CF80560F5
:10CAE000B742EFD332D04FF001082546C646444442
:10CAF00004EB0E038B42EED30127C2F80080BE4642
:10CB000000244FF0FF363B4607E09F1B1C464FF0CA
:10CB1000010E04EB0E038B4210D200EB060C10F852
:10CB200003801CF80EC0E045EFD817D00127264639
:10CB3000BE463C4404EB0E038B42EED30136681C28
:10CB4000864201D317603046BDE8F081C6450ABF72
:10CB500074440EF1010E4FF0010EB8E7BE450ABF56
:10CB600074440EF1010E4FF0010ED2E701270026AA
:10CB7000E8E700BF2DE9F04F164685B003AA8246CC
:10CB80008946304619469846FFF790FF0399834639
:10CB9000024631443046FFF7ADFD00285CD108F174
:10CBA000FF340BF1FF330746344405460193BB4580
:10CBB0005A4638BF3A46904529D9531E2A44334431
:10CBC0005244C6F1010C01E0A34220D012F8011B2F
:10CBD0000CEB030E13F8010F8842F5D0CBF10103E3
:10CBE0002B4403EB0E050027A9EB0803AB42DED272
:10CBF0000AEB090048F4006104F01EFE8144A9EB31
:10CC00000803AB42D3D2002005B0BDE8F08FBB458E
:10CC1000019B6CD90BEB050206EB0B01524402E0C1
:10CC2000BB4217D0034612F8010D11F801CD84451F
:10CC300003F1010E03F1FF30F2D00137774504D83C
:10CC4000039F3D44A8EB0707CEE70AEB050005B0BC
:10CC5000BDE8F08FBE46F0E7A8EB0B035B4538BF9D
:10CC60005B46013308F1FF340393344400250BF194
:10CC7000FF37D84526D90BEB0502F3195244C6F10C
:10CC8000010C01E0A3421DD012F8011B0CEB030EB6
:10CC900013F8010F8842F5D0CBF101032B4403EBCD
:10CCA0000E05A9EB0803AB42E3D20AEB090048F4F6
:10CCB000006104F0C1FD8144A9EB0803AB42A2D39B
:10CCC000D845D8D8BBF1000FBFD00BEB050106EB60
:10CCD0000B02514401E0B342B7D012F801CD11F874
:10CCE000010D84451346F6D0039B1D44D9E7DE466B
:10CCF000A3E700BF2DE9F04F9246ADF21C4D05AA07
:10CD000081460F46504619461D46FFF7CFFE134693
:10CD100083460DF2144243F8045F9342FBD1002D89
:10CD200000F0DF806C1E06AE0AF1FF320AEB040051
:10CD3000009612F8011FAB1A013B5344824246F899
:10CD40002130F6D105995A4651445046FFF7D2FC9E
:10CD500000286FD10BF1FF330393CBF10103804621
:10CD60000646019309EB060E009A1EF8043052F8AD
:10CD70002330DBB1B8F1000F03D0059A9A4200D9F5
:10CD8000AB1A1E444FF000087B1B9E42EAD909EB08
:10CD9000070045F4006104F04FFD07447B1B9E42F1
:10CDA000E0D900200DF21C4DBDE8F08FC3455B4675
:10CDB00038BF4346A34210D2591EF21851444A4488
:10CDC00002E00133A34208D212F8010B11F801CF9F
:10CDD0008445F6D0019A1644D3E7C345039B7ED918
:10CDE00006EB0B024A440AEB0B01029602E04345B4
:10CDF00015D0034612F8010D11F8016D864203F1BA
:10CE0000010C03F1FF30F2D0029E634608F10108E5
:10CE100098450AD8059B1E44A5EB0308B4E7434692
:10CE200008F101089845029EF4D970460DF21C4D98
:10CE3000BDE8F08FA5EB0B035B4538BF5B460133C4
:10CE400005930BF1FF330193CBF10103002602930D
:10CE500045F4006809EB0601009A0B5D52F8233097
:10CE60006BB11E447B1BB342F4D209EB0700414671
:10CE700004F0E2FC07447B1BB342EBD291E7A345ED
:10CE800014D2019B0BEB06020AEB030C4A445B46EF
:10CE900002E00133A34209D212F8010B1CF801EFA2
:10CEA0008645F6D0029A16441E44DBE7BBF1000F1C
:10CEB00010D00BEB060048440AEB0B0201E053458F
:10CEC00008D012F801ED10F801CDE6451346F6D072
:10CED000059BC6E708460DF21C4DBDE8F08F5B468A
:10CEE00094E706AB4FF0FF3400932BE72DE9F041B8
:10CEF0000D46097890B00446002954D06A78002A7B
:10CF000000F08380AB78002B51D0E8782E680028A1
:10CF100000F082802B79002B57D0284600F0DCFFF0
:10CF2000064640F40071204604F086FC86425BD839
:10CF3000FE2E00F28680801B27184022711C684656
:10CF4000FFF784FC7EB16A1E5FFA86FC901912F826
:10CF5000013F03F03F0340336B44A91A614482420E
:10CF600003F8401CF3D1013CA35D03F03F034033C1
:10CF70006B4413F8403C1C44A74203D239E04444BC
:10CF8000A74236D314F806C00CF03F0C0CF1400356
:10CF90000DEB030C2046324629461CF8408CFFF767
:10CFA000A9FB0028EBD1204610B0BDE8F081007845
:10CFB00042EA014200E00C4640EA0343611C98B19A
:10CFC0009A426078F7D1013CEDE7227862B131BA3C
:10CFD00001E099421ED042EA0323204614F8012FB3
:10CFE000002AF6D1994215D00024204610B0BDE8A1
:10CFF000F081BB5DB819002BF6D04FF4006104F04E
:10D000001BFC0744BC42AED9EEE710B0BDE8F041CE
:10D01000FFF76EBCC41EC6E7120442EA016242EA90
:10D0200003232178024600E02C4641EA0200651CF9
:10D0300002020029D8D0B3EB002F6178F4D1023C72
:10D04000B1E7014633462A46204610B0BDE8F0411C
:10D0500050E600BF41EA00039B0715D10B68A3F11E
:10D06000013222EA030212F0803F0DD101F1040CDB
:10D0700040F8043B61465CF8043BA3F1013222EA2C
:10D08000030212F0803FF3D0034611F8012B18463B
:10D0900003F8012B002AF8D1704700BF124913484A
:10D0A000F8B501F1200500F0B5FE05F1A0062C460B
:10D0B000A5F1200721463846203400F041FD18B97B
:10D0C000B442F7D10948F8BD094F084C394620460B
:10D0D00004F042FB29462046203504F03DFBB542D2
:10D0E000F4D10248F8BD00BF202B00205C8E002048
:10D0F000681500202DE9F04F00EB41178FB0054671
:10D100000E4610463946144600F01AFD18B9384646
:10D110000FB0BDE8F08FB749204600F011FD0028A0
:10D1200000F0C380B449204600F00AFD8046002884
:10D1300000F0B2802378432B00F0BC80613B192BB8
:10D1400015D86378613B192B11D8A378A3F161023C
:10D15000192A96BFE37804F1020804F103085F2B53
:10D160000AD02E2B00F0728213F0BF0F13D00027CD
:10D1700038460FB0BDE8F08F98F80130413B192BCD
:10D18000F5D898F80230413B192BF0D898F80330C5
:10D1900008F10308E5E70DF118099849484600F041
:10D1A00039FE98F80030402B00F03F824FF0000A23
:10D1B000D046D3469DF81830413B342BD7D801A236
:10D1C00052F823F0AFB3010057AF010047B301009D
:10D1D00057AF01000BB3010057AF0100DDB20100F2
:10D1E00057AF010039B20100BBB101008BB10100A2
:10D1F00057AF010057AF010057AF010057AF010013
:10D2000079B1010057AF010057AF010059B10100DA
:10D210001DB10100CFB0010057AF010057AF0100B1
:10D2200057AF010057AF010057AF010057AF0100E2
:10D2300057AF010057AF010057AF010057AF0100D2
:10D2400057AF0100AFB3010057AF010047B3010072
:10D2500057AF01000BB3010057AF0100DDB2010071
:10D2600057AF010039B20100BBB101008BB1010021
:10D2700057AF010057AF010057AF010057AF010092
:10D2800079B1010057AF010057AF010059B101005A
:10D290001DB10100CFB001000DF1180958494846F1
:10D2A00000F0B8FDC246C34684E75349204600F06B
:10D2B000B1FD37E763782D3B012B3FF658AF04F102
:10D2C00002080DF118094146484600F0A3FD40212F
:10D2D0004846FFF70DFB08B100230370484600F0F5
:10D2E000FBFD80445DE74749484604F00BFA30B146
:10D2F0004549484604F006FA00287FF438AF414912
:10D30000484600F087FD0621404B414A0191022E1C
:10D3100000F06281062E04D1494605F5A57000F0A3
:10D3200079FD3846214600F075FD074638460FB0B6
:10D33000BDE8F08F37490322484604F04FFA002831
:10D340007FF415AF9DF81B3033492D2B0CBF07A878
:10D350000DF11B0000F0F4FB00287FF408AF2F490B
:10D36000484600F057FD01212D4B2E4A0191CEE792
:10D370002D49484604F0C6F900287FF4F8AE2A4942
:10D38000484600F047FD0221284B294A0191BEE79B
:10D390002849484604F0B6F900287FF4E8AE26494B
:10D3A000DEE726490422484604F018FA00287FF4F4
:10D3B000DEAE9DF81C302D2B08BF9DF81D3003F00C
:10D3C000DF03522B00F05F81552B7FF4D0AE1C4958
:10D3D000C6E71C49484604F095F900287FF4C7AE1B
:10D3E0001849484600F016FD0821174B174A0191CD
:10D3F0008DE700BFC0220020C8220020D4220020D8
:10D40000CC2200200023002008230020F1C10100CD
:10D4100025D10100882300208C23002090230020A8
:10D42000C5C1010009D1010024230020C1C30100AE
:10D43000C5D101007823002080230020482300204C
:10D44000582300201023002011C5010099D20100AB
:10D450009B490322484604F0C1F900287FF487AEB7
:10D460009DF81B3097492D2B0CBF07AB0DF11B030B
:10D4700004221846019304F0B1F900287FF477AE36
:10D48000019B1A792D2A14BF181D581D0A2205A9BF
:10D49000FEF79AFC421E0F2A3FF669AE0C28019057
:10D4A0003FF465AE059A1278002A7FF460AE864993
:10D4B000484600F0AFFC019B84480A2BC4BF3122D0
:10D4C0008DF8212080FB03204FEAE372C2EBA0021B
:10D4D00002EB8202CCBF0DF122010DF12101A3EB81
:10D4E000420330330B7000234B700121784B794A93
:10D4F00001910CE778490822484604F06FF90028AA
:10D500007FF435AE9DF8203074492D2B0CBF0DF102
:10D51000210008A804F0F6F800287FF428AE70492E
:10D520001EE770490322484604F058F900287FF4AA
:10D530001EAE9DF81B306C492D2B0CBF07A80DF1BA
:10D540001B0004F0DFF800287FF411AE674948465D
:10D5500000F060FC0321664B664A0191D7E69DF816
:10D56000193003F0DF03502B7FF401AE6249022231
:10D570004846FFF769FA0A2205A90DF11A00FEF7DD
:10D5800023FC059B1B78002B7FF4F1ADB0F5697F80
:10D5900000F0858065DC40F26A3398423FF7E7ADE2
:10D5A00040F25133984254DC40F2E123984205D0D6
:10D5B00061DD40F2073398427FF4D9AD0121444B3D
:10D5C000444A0191A3E64D49484604F09BF80028DF
:10D5D0007FF4CDAD4949C3E6494605F59570CDE9DF
:10D5E000022300F017FC029A039B019EC5F8E0207D
:10D5F000C5F8E43085F8286149462846FEF7B0FCB6
:10D60000BAF1000F0BD1B8F1000F08D1012E06D0EE
:10D610009DF818A0BAF1550A18BF4FF0010ABBF1E6
:10D62000000F0ED1C5F8E8A07BE608F1010B3449E4
:10D63000584600F085FA804638BB82464FF0010B11
:10D64000B8E54FF0FF33C5F8E8306AE608F10108A5
:10D6500037E62C4BA0F25230C340DB077FF587AD95
:10D66000ACE740F265439842A8D0A0F2E240082817
:10D670003FF67DADA2E740F2B51398429ED0B0F5DB
:10D68000347F9BD073E520496AE62049584600F074
:10D6900057FA824640B983464FF001088AE50221D5
:10D6A0001B4B1C4A019132E658461B4900F048FAD0
:10D6B0004FF00008B0FA80FA4FEA5A1AC34679E5EB
:10D6C0002C23002030230020382300206766666664
:10D6D000C5C1010009D10100602300206C23002096
:10D6E0007023002014230020182300201C23002076
:10D6F00051C401001DD2010044230020CC2200208F
:10D70000E0220020A511010150230020EC2200207E
:10D71000C1C30100C5D10100F822002038B50D4673
:10D720000E490446FDF7B2FD08B1037873B90C4BFE
:10D73000204653F82510FDF7A9FD08B103782BB951
:10D7400008492046FDF7A2FD08B9074838BD027810
:10D75000054B002A08BF184638BD00BF982300209B
:10D7600034070020A02300206C2C00202DE9F04F6E
:10D77000DFF804827D4E83B081468B46924608F1E5
:10D78000C0073546444629462046203400F042FB77
:10D79000BC4205F12005F6D19AF80030ABBBBBF1D5
:10D7A000000F40F086804546012421464846FFF799
:10D7B000B5FF019000F090FB03461F2B284601990E
:10D7C00004F1010405F120056CD800F023FB072CBF
:10D7D000EBD1DFF8A8A1DFF89CB1474655460124FC
:10D7E0003146284600F016FB3A4621465846FFF7D8
:10D7F00081FC20352036203700286BD00134072CDF
:10D80000EED103B0BDE8F04F48E4BBF1000F35D1D5
:10D810002F215046FFF76CF80446002800F089805D
:10D8200042782F2A08BF431C04D11C4613F8012F4D
:10D830002F2AFAD0B2B3C3460125A4EB0A021F2A4D
:10D8400030DC01325146584603F0A6FF23782F2BD7
:10D8500005F1010503D114F8013F2F2BFBD0002B5C
:10D8600075D0224612F8013F0BB12F2BFAD1072DAC
:10D870000BF1200BADD0A2461446DEE7504600F077
:10D880002BFB1F280ED83A4C04EB4B145146204674
:10D8900000F0C0FA37482246594603B0BDE8F04FC1
:10D8A000FFF728BC16230020C9F8003003B0BDE8FC
:10D8B000F08F59464846FFF731FF054600F00CFB54
:10D8C0001F28EFD82A4C04EB4B142946204600F0C1
:10D8D000A1FADFE7012CD9F8007024D0254EDFF83B
:10D8E000A0B0012504E00135A54208F120081AD0B6
:10D8F0005146404600F08EFA4246294630460AF12B
:10D90000200AFFF7F7FB0028EDD15946404600F00A
:10D9100081FA4246294630460135FFF7EBFBA54226
:10D9200008F12008E4D10020C9F8007003B0BDE878
:10D93000F08F504600F0D0FA1F28B3D84446204656
:10D940005146203400F066FABC42F8D141E7072D79
:10D950003FF43FAF064C04EB4514A4F120012046F0
:10D96000203400F057FABC42F7D132E7202B0020D8
:10D97000448F0020002B0020648F00204490002062
:10D98000C8220020062904D810B432B15DF8044B37
:10D99000ECE6162303600020704729B104485DF8C7
:10D9A000044B00EB411070475DF8044BFFF776BB6A
:10D9B000002B0020014B93F828017047002B00201A
:10D9C000094B06281B680A4603D831B101461846A0
:10D9D000CCE616221A600020704718B1034B03EB07
:10D9E00040107047FFF75ABBB8250020002B0020DD
:10D9F00038B5074D0022044608462A60ECF7FEF9C8
:10DA0000431C00D038BD2B68002BFBD0236038BDF1
:10DA10000891002038B50C46084D84461146204632
:10DA20001A4600232B606446ECF7F4F9431C00D03F
:10DA300038BD2B68002BFBD0236038BD0891002037
:10DA400038B50C46084D8446114620461A46002338
:10DA50002B606446ECF7D0F9431C00D038BD2B682E
:10DA6000002BFBD0236038BD0891002038B5074D4E
:10DA70000022044608462A60ECF7A4F9431C00D0B3
:10DA800038BD2B68002BFBD0236038BD08910020E7
:10DA900038B50C46084D8446114620461A460023E8
:10DAA0002B606446EBF740FC431C00D038BD2B686C
:10DAB000002BFBD0236038BD08910020014B186873
:10DAC000704700BFB825002070B50D4E0D4D761B78
:10DAD000B61006D0002455F8043B01349847A642FE
:10DAE000F9D1094E094D761B07F016F9B61006D08C
:10DAF000002455F8043B01349847A642F9D170BD83
:10DB000000200060002000602020006000200060F5
:10DB1000704700BF704700BF704700BF704700BF2D
:10DB2000704700BF704700BF012070470120704759
:10DB3000704700BF704700BFA2EB0300704700BFF3
:10DB400002780B78012A28BF9A42F5D16DE9044585
:10DB500040EA0104CDE902676FF0000C4FEA44721D
:10DB600012B380EA010414F0070F6AD100F0070431
:10DB700020F0070004F0030521F007014FEAC50576
:10DB8000F0E8042314F0040FF1E804670CFA05F43C
:10DB900062EA040266EA04060AD063EA0403624603
:10DBA00067EA0407664603E0F0E80423F1E8046747
:10DBB00082FA4CF582EA0604A4FA8CF46CBB83FA70
:10DBC0004CF583EA0705A5FA8CF595B950E90223CF
:10DBD00051E9026782FA4CF582EA0604A4FA8CF451
:10DBE00083FA4CF583EA0705A5FA8CF52543DBD0CB
:10DBF0009CB92DBAB5FA85F424F0070427FA04F18C
:10DC0000DDE9026723FA04F303F0FF0001F0FF01EE
:10DC1000FDE80445A0EB0100704724BAB4FA84F48F
:10DC200024F0070426FA04F1DDE9026722FA04F27F
:10DC300002F0FF0001F0FF01FDE80445A0EB010048
:10DC4000704714F0030F3CD110F0030428D150F8B2
:10DC5000082B51F8083B82FA4CF582EA0305A5FA35
:10DC60008CF55DB950F8042C51F8043C82FA4CF55F
:10DC700082EA0305A5FA8CF5002DE8D02DBAB5FA95
:10DC800085F424F0070423FA04F122FA04F202F0E6
:10DC9000FF0001F0FF01FDE80445A0EB0100704723
:10DCA0004FEAC40420F0030050F8082B21F00301D0
:10DCB00051F8083B0CFA04F462EA040263EA040334
:10DCC000C9E710F003041AD0A1EB040120F003000F
:10DCD000E40750F8042B06D00FD28B785FFAA2F439
:10DCE000E41A06D12BB1CB785FFAB2F4E41A00D172
:10DCF0001BB920465DF8104B704701F1040150F844
:10DD0000042BCC0721F0030151F8043B48D824D25E
:10DD100022F07F4482FA4CF594EA1325A5FA8CF59B
:10DD20000AD165B951F8043B84EA0204B4EB036FED
:10DD30000ED150F8042BEBE74FEA132355E035F0F2
:10DD40007F454DD10878FDE80445C0F100007047DB
:10DD50004FEA126203F0FF0347E002EA1C4482FA32
:10DD60004CF594EA1345A5FA8CF50AD165B951F83A
:10DD7000043B84EA0204B4EB034F0CD150F8042BAB
:10DD8000EBE74FEA134330E015EA1C4528D10B8836
:10DD90004FEA124229E04FEA124203EA1C4324E010
:10DDA00002F0FF0482FA4CF594EA1365A5FA8CF5AB
:10DDB0000AD165B951F8043B84EA0204B4EB032F9D
:10DDC00009D150F8042BEBE74FEA13630DE015F08F
:10DDD000FF0F05D10B684FEA122223F07F4304E0C6
:10DDE0004FF00000FDE80445704712BA1BBA82FAF2
:10DDF0004CF482EA0304A4FA8CF5B5FA85F402FA2D
:10DE000004F203FA04F34FEA1260FDE80445A0EBC4
:10DE10001360704780EA0102844612F0030F4FD16D
:10DE200011F0030F32D14DF8044D11F0040F51F8E9
:10DE3000043B0BD0A3F101329A4312F0803F04BFA0
:10DE40004CF8043B51F8043B16D100BF51F8044B89
:10DE5000A3F101329A4312F0803FA4F101320BD1B9
:10DE60004CF8043BA24312F0803F04BF51F8043B3E
:10DE70004CF8044BEAD023460CF8013B13F0FF0F9B
:10DE80004FEA3323F8D15DF8044B704711F0010FCE
:10DE900006D011F8012B0CF8012B002A08BF70479F
:10DEA00011F0020FBFD031F8022B12F0FF0F16BF96
:10DEB0002CF8022B8CF8002012F47F4FB3D170475E
:10DEC00011F8012B0CF8012B002AF9D1704700BF83
:10DED000000000000000000090F800F06DE902452D
:10DEE00020F007016FF0000C10F0070491F820F00B
:10DEF00040F049804FF000046FF00700D1E90023A3
:10DF000091F840F000F1080082FA4CF2A4FA8CF289
:10DF100083FA4CF3A2FA8CF34BBBD1E9022382FAC9
:10DF20004CF200F10800A4FA8CF283FA4CF3A2FA46
:10DF30008CF3E3B9D1E9042382FA4CF200F1080032
:10DF4000A4FA8CF283FA4CF3A2FA8CF37BB9D1E9F0
:10DF5000062301F1200182FA4CF200F10800A4FA34
:10DF60008CF283FA4CF3A2FA8CF3002BC6D0002A71
:10DF700004BF04301A4612BAB2FA82F2FDE8024532
:10DF800000EBD2007047D1E9002304F00305C4F18F
:10DF900000004FEAC50514F0040F91F840F00CFAA8
:10DFA00005F562EA05021CBF63EA050362464FF00D
:10DFB0000004A9E72DE9F047DFF87CA00646DAF86F
:10DFC000000098460F469146FFF7ACFD184B1C68C1
:10DFD00024B365681F2D24DC5EB96B1C0235DAF8AA
:10DFE0000000636044F82570FFF7A4FD0020BDE841
:10DFF000F08704EB85010123C1F88890D4F88821CB
:10E00000AB401A43022EC4F88821C1F80881E4D13C
:10E01000D4F88C211A43C4F88C21DEE7054C1C602F
:10E02000D7E7DAF80000FFF785FD4FF0FF30DEE7B5
:10E03000BC9200202C9100208C2C00202DE9F84F60
:10E040002E4BDFF8BC802DED028B834618680F46FF
:10E05000FFF768FDD8F80060AEB108EE10BA4FF0D7
:10E0600001094FF0000A7468651E0CD4013406EBF8
:10E07000840487B1D4F80031BB420CD0013D6B1C45
:10E08000A4F10404F5D1BDEC028B1C4B1868BDE86B
:10E09000F84FFFF74FBD73682268013BAB420CBFDE
:10E0A0007560C4F800A0002AE8D0D6F88801D6F838
:10E0B00004B009FA05F101420BD1904772685A4544
:10E0C00013D1D8F80030B342D8D01E46002ECAD1A2
:10E0D000D9E7D6F88C0101420CD1D4F8801018EEA3
:10E0E000100A904772685A45EBD0D8F80060002EAD
:10E0F000B9D1C8E7D4F880009047DFE78C2C002026
:10E10000BC9200200148FFF70DBD00BF1891002010
:10E110000148FFF70FBD00BF18910020F8B5244F4C
:10E120000C460646FDF774FBBB685D68C4F57E616E
:10E130000F3125F003054B1923F47F6323F00F0300
:10E14000A3F58054B4F5805F07DB00213046FFF76C
:10E150008DFCBB682B44984204D03046FDF75EFB33
:10E160000020F8BD61423046FFF780FC01300DD041
:10E17000104ABB682D1B45F001055D6013683046F1
:10E180001B1B1360FDF74AFB0120F8BD0021304640
:10E19000FFF76CFCBA68831A0F2BDEDD43F0010336
:10E1A0005360054B03491B68C01A0860D5E700BFE0
:10E1B000E4260020F08C0020EC2A0020002961D009
:10E1C000F8B50C460646FDF723FB54F8042C7B4FAC
:10E1D000A4F1080522F0010105EB010CB868DCF898
:10E1E0000430604523F0030300F08B80D207CCF8A5
:10E1F000043032D454F8082CAD1A1144AA6807F13F
:10E20000080082426AD00CEB0304D4F804E0EC6806
:10E21000D4601EF0010FA26000F0978041F001036E
:10E220006B60CCF80010B1F5007F35D27868CB0870
:10E230000122490901338A40024357F833107A60BA
:10E2400007EBC302083AC5E9021247F83350CD6024
:10E250003046BDE8F840FDF7E1BA0CEB0302526826
:10E26000D00710D4194407F10800DCF808308342C5
:10E2700073D0DCF80C20DA60936041F001036B602E
:10E280006950D0E7704741F00103B1F5007F44F8D1
:10E29000043CCCF80010C9D3B1F5206F4FEA5123EC
:10E2A00048D28B0903F1390003F13802C300F81892
:10E2B000FB580838984259D05A6822F003028A4223
:10E2C00002D99B689842F7D1D868C5E902308560C9
:10E2D000DD603046BDE8F840FDF7A0BA0CEB030264
:10E2E0005268D20763D40B44DCE90212CA60916021
:10E2F00043F001026A603046EB50BDE8F840FDF79C
:10E300008DBA0B44D10707D454F8082CAD1A134426
:10E31000D5E90212CA60916043F001026A60284A9E
:10E32000BD6012689A4293D8264B30461968FFF7B1
:10E33000F5FE8DE7142B0AD9542B1FD80B0B03F1D4
:10E340006F0003F16E02C300B1E719448DE703F1DA
:10E350005C0003F15B02C300A9E741F00103C7E9D8
:10E360000455C5E902006B60695071E77968921045
:10E37000012404FA02F20A437A60A6E7B3F5AA7F01
:10E3800006D8CB0B03F1780003F17702C3008EE7C8
:10E3900040F25452934206D88B0C03F17D0003F1F6
:10E3A0007C02C30083E74FF47E737E227FE741F057
:10E3B00001036B60CCF800104AE700BFE4260020A0
:10E3C000F02A0020EC8C002010B4034CD4F8E44078
:10E3D000A4465DF8044B6047002B002082B049B191
:10E3E0005AB16BB113780B601278101E18BF012060
:10E3F00002B0704701A9002AF3D1104602B070475D
:10E400006FF00100F4E700BFF0B583B08646089DC9
:10E41000002938D0002A39D0002B00F0C5802C68A4
:10E4200044BB10784FF0010C48B37F2856DDA0F1B3
:10E43000C0061F2E2DD8287124B90124A3422C60B8
:10E4400000F0B28012F80C20A2F180033F2B0CF1F7
:10E45000010C00F29F80C12840F39C80830103F4EB
:10E46000F86302F03F021343604600222A600B600B
:10E4700003B0F0BD28794FF0000C0028D5D108601A
:10E48000286003B0F0BD01A9002AC5D1104603B031
:10E49000F0BDA0F1E0060F2E26D82871002C63D025
:10E4A0005F1C18BF0133012C62D06E79E0286FD059
:10E4B000A6F180073F2F6DD8012C6E7170D012F835
:10E4C0000C20A2F180033F2B0CF1010C62D8030356
:10E4D000B6019BB206F47C663343C2E700232B608F
:10E4E0000860012003B0F0BDA0F1F006042E51D861
:10E4F0002871002C42D05E1C18BF0133012C41D082
:10E500006E79F02853D0F42801D18F2E42DCA6F189
:10E5100080073F2F3ED8012C6E714BD05C1C2C68BD
:10E5200018BF0133022C49D0AC79A4F180033F2BF2
:10E5300030D812F80C20A2F180033F2B0CF1010C13
:10E5400028D88304360303F4E01306F47C36A401D0
:10E55000334304F47C6402F03F022343134300225C
:10E560000B6060462A608CE70124A3422C601BD01C
:10E5700012F80C6001240CF1010C97E70124A3426E
:10E580002C6011D012F80C6001240CF1010CB8E7DA
:10E590009F2E8DDC8A23CEF800304FF0FF3070E7DD
:10E5A0000224A3422C608AD16FF0010069E78F2E0C
:10E5B000ADDCEFE70224A3422C60F5D012F80C404A
:10E5C000A4F180073F2F0CF1010CE3D80327BB42D5
:10E5D000AC712F60ADD1E7E730B482B08446049DC2
:10E5E000002930D0002A31D0002B39D02868147887
:10E5F00048B1012816D00C601078003818BF0120EF
:10E6000002B030BC7047A4F181001E2803D9A4F1E8
:10E61000E0000F28EFD8012083422C7128601FD022
:10E6200054780220A4F140033E2B03D9A4F18003C7
:10E630007C2B0FD82B7904EB032400230C602B6078
:10E6400002B030BC704701A9002ACDD1104602B0FB
:10E6500030BC70478A23CCF800304FF0FF30CFE752
:10E660006FF00100CCE700BF30B583B08646069D51
:10E67000002940D0002A41D0002B4BD014782868C4
:10E68000A44650B1012818D0022841D00C6010785F
:10E69000003818BF012003B030BDA4F18E0001285E
:10E6A00003D9A4F1A1005D28F0D8012083422C7188
:10E6B00028602FD092F801C00220ACF1A1045D2C9B
:10E6C0002BD82C798F2C1CD10224984285F805C0B8
:10E6D0002C601FD212F800C00130ACF1A1035D2BF9
:10E6E0001BD86B790CF07F0C0CEB032300220B6022
:10E6F0002A6003B030BD01A9002ABDD1104603B085
:10E7000030BD0CEB042400220C602A6003B030BD45
:10E710000120E2E76FF00100BDE78A23CEF8003068
:10E720004FF0FF30B7E700BF2DE9F04782B00A9FF6
:10E7300089B39AB3002B00F091809646F1461EF8FB
:10E74000016B3C78DFF824810125002E50D0A6F122
:10E750001B0C5FFA8CFABAF12F0F24D8BCF12F0FE3
:10E7600021D8DFE80CF07120202020202020207408
:10E770002020206520202020202020202020202054
:10E78000202020202020202020202068206B2020F6
:10E7900020202020206E01A9002ACBD101203A6040
:10E7A00002B0BDE8F087A6F1210CBCF15E0F34BFCA
:10E7B0004FF0070C4FF0080C04EBC404444404EB86
:10E7C0000C0A14F80C409AF848C0BCF1050F48D860
:10E7D000DFE80CF01F03131104273E71AB4205F173
:10E7E000010637D93546F1461EF8016B002EAED131
:10E7F0004FF0060CE0E77246F0E701233B603A7900
:10E8000099F8003003EB022328460B6002B0BDE804
:10E81000F08700233B6013780B60284602B0BDE808
:10E82000F087002318463B600B6002B0BDE8F0871C
:10E830004FF0020CC0E74FF0030CBDE74FF0040CA3
:10E84000BAE74FF0050CB7E74FF0000CB4E74FF014
:10E85000010CB1E73C606FF00100D7E76FF00100F9
:10E86000D4E78A2303604FF0FF30CFE7BC080020D5
:10E87000436C70B505460C464BB153F8240080B18B
:10E88000026843F824200023C0E9033370BD21222D
:10E890000421FCF757FC034668640028EDD10020F2
:10E8A00070BD012101FA04F6721D92002846FCF7A2
:10E8B00049FC0028F3D0C0E90146E4E731B1436CDC
:10E8C0004A6853F82200086043F82210704700BFDE
:10E8D0002DE9F0410E6980460F461D4601F1140EE8
:10E8E0000020DEF800108CB202FB0453090C4FEA42
:10E8F000134C02FB01CC01309CB204EB0C44864269
:10E900004EF8044B4FEA1C45EBDC3DB1BB68B3420B
:10E9100007DD07EB860301365D613E613846BDE8E1
:10E92000F081796840460131FFF7A2FF0446B0B19B
:10E930003A69023207F10C0192000C30EAF7F4FF59
:10E94000D8F844307A6853F82210396043F82270BE
:10E95000274607EB860301365D613E61DEE7034B28
:10E9600003482246BA2103F013F800BFEC2300202D
:10E97000002400202DE9F8431746274A1E46083395
:10E980000C46092E82FB03124FEAE3730546C3EBE4
:10E99000620339DD4FF0010C00214FEA4C0C634556
:10E9A00001F10101F9DC2846FFF762FF014668B377
:10E9B000089B4361092F4FF00103036112DC0A3405
:10E9C0000927BE420BDDF21BA61814F8013B0A22F0
:10E9D000303B2846FFF77CFFA6420146F5D10846AA
:10E9E000BDE8F88304F10909C8463C4418F8013B26
:10E9F0000A22303B2846FFF76BFFA0450146F5D1C0
:10EA0000A7F108044C44DCE70021CCE70A46034B9D
:10EA10000348D32102F0BCFF398EE338EC230020F9
:10EA200000240020030C1B04D3B90004102310F0B1
:10EA30007F4F04BF0002083310F0704F04BF000185
:10EA4000043310F0404F04BF80000233002805DB80
:10EA500010F0804F03F1010308BF202318467047D0
:10EA60000023E4E7036813F0070208D0D9071FD496
:10EA70009A0722D55B08036001221046704799B2BD
:10EA800009B91B0C1022D9B209B908321B0A19079F
:10EA900004BF1B090432990704BF9B080232D9073F
:10EAA00003D45B0802F1010205D0036010467047F1
:10EAB0000022104670472022DFE79B0802220360F5
:10EAC0001046704738B5436C04460D464BB1586844
:10EAD000B0B102685A6000220123C0E90435C26067
:10EAE00038BD21220421FCF72DFB03466064002879
:10EAF000EDD1094B0948002240F2451102F048FFD0
:10EB00001C2201212046FCF71DFB0028F1D0012228
:10EB10000223C0E90123DEE7EC23002000240020CB
:10EB20002DE9F04F0E691569AE4285B0884614464E
:10EB300005DB2A46234635460C4616469846A3680A
:10EB40006168AF19BB42B8BF0131FFF791FE019078
:10EB5000002800F08780019B03F1140909EB870A64
:10EB6000D14505D24B46002243F8042B9A45FBD8E9
:10EB700008F1140808EB860B04F11403D8451A4673
:10EB800003EB85055FD22B1B153B23F003030433F6
:10EB90001534A54238BF0423CDE902A7AC461F4671
:10EBA000924605E0090C29D1C34509F1040948D969
:10EBB00058F8041B8DB2002DF4D056464C46002365
:10EBC00056F8041B22681FFA81FE90B2090C05FB5F
:10EBD0000E00120C034405FB012202EB13429BB210
:10EBE00043EA0243B44544F8043B4FEA1243E7D8F2
:10EBF00049F8073058F8041C090CD5D0D9F8003072
:10EC000050461A464C4600260588120C01FB052288
:10EC100016449BB243EA064344F8043B50F8045BB5
:10EC200022682D0C93B201FB053303EB1643844598
:10EC30004FEA1346E8D8C34549F8073009F10409FB
:10EC4000B6D8DDE902A7002F02DC05E0013F03D0C2
:10EC50005AF8043D002BF9D0019B18461F6105B0FE
:10EC6000BDE8F08F034B0448019A4FF4B17102F0F4
:10EC70008FFE00BFEC2300200024002012F00303CD
:10EC80002DE9F0411446064632D10D46A41020D09D
:10EC9000D6F84080B8F1000F33D0E3074FF00007FB
:10ECA00007D4641015D0D8F80000A8B18046E30757
:10ECB000F7D5424629463046FFF732FFB5B16968BD
:10ECC000736C641053F821202A6043F821500546E4
:10ECD000E9D12846BDE8F081424641463046FFF77B
:10ECE0001FFFC8F8000007608046E0E70546D8E748
:10ECF000013B0F4A52F823200023FFF7E9FD0546A8
:10ED0000C4E701213046FFF7B3FD804640B101233F
:10ED100040F27122C0E90432002330640360BCE792
:10ED2000044B0548424640F2451102F031FE00BF57
:10ED300090020020EC230020002400202DE9F04761
:10ED40000D4614462F69AB68496807EB62177E1CB5
:10ED50009E4280464FEA621904DD5B009E4201F14B
:10ED60000101FADC4046FFF783FD8446002852D0BB
:10ED7000B9F1000F00F114020EDD09F105014FEAAF
:10ED8000810E134600EB8101002043F8040B8B42F7
:10ED9000FBD1AEF114031A44296905F1140314F0F0
:10EDA0001F0E03EB81012ED0CEF1200910464FF04B
:10EDB000000A1C6804FA0EF444EA0A0440F8044B02
:10EDC00053F8044B994224FA09FAF2D84B1B153B2D
:10EDD00023F00303043305F11500814238BF0423F7
:10EDE000BAF1000F18BF374642F803A0D8F84430F4
:10EDF0006A68CCF8107053F822102960604643F816
:10EE00002250BDE8F087043A53F8040B42F8040F8F
:10EE10009942F9D8EAE7034B034862464FF4EF7191
:10EE200002F0B6FDEC230020002400200B6984468C
:10EE30000069C01A16D10CF1140C14310CEB8302CA
:10EE400010B401EB830301E0944508D252F8044D5D
:10EE500053F8041D8C42F7D005D24FF0FF305DF817
:10EE6000044B7047704701205DF8044B704700BFAA
:10EE70002DE9F84F0F691369FF1A002F0E469046CF
:10EE80007FD101F11405143202EB830205EB8303F9
:10EE900001E09D4278D253F8041D52F8044DA1427E
:10EEA000F7D069D37168FFF7E3FC8146002877D07B
:10EEB0003569D8F81020C76008F1140E06F1140067
:10EEC00009F1140A06F110010EEB820200EB85072E
:10EED00056464FF0000C5EF8044B51F804BFA3B245
:10EEE0001CFA8BFCACEB03034FEA144CCCEB1B4C31
:10EEF0000CEB234C9BB243EA0C43724546F8043BAF
:10EF00004FEA2C4CE7D8A2EB0801153908F1150897
:10EF1000424521F0030404F1040438BF04242044D2
:10EF200021F0030238BF002287425244544418D9CA
:10EF30002646014651F8043B1CFA83FC4FEA2C425A
:10EF400002EB13421FFA8CFC4CEA02438F4246F854
:10EF5000043B4FEA224CEDD8013F3F1A27F003074C
:10EF6000E21923B952F8043D013D002BFAD0C9F84B
:10EF700010504846BDE8F88F33460127464698466C
:10EF800090E7F9DB00278DE70021FFF771FC814650
:10EF900068B101220023C9E904234846BDE8F88F7F
:10EFA000064B07484A4640F2452102F0F1FC034B6C
:10EFB00003484A4640F2372102F0EAFCEC230020E5
:10EFC0000024002082B08DED000B164B019A1340F7
:10EFD000A3F15073002B06DD00221946104641ECC8
:10EFE000100B02B070475B42B3F1A07F4FEA23528F
:10EFF00009DA4FF40023134100221946104641EC70
:10F00000100B02B07047A2F114031E2BDABF4FF0B1
:10F010000042DA40012200231946104641EC100B51
:10F0200002B070470000F07FF8B5046900F11406E3
:10F0300006EB8404271F54F8045C2846FFF7F2FC13
:10F04000C0F120030A280B601BDDBE420BD20B3837
:10F0500054F8081C2ED145F07F5343F440130A4660
:10F0600043EC102BF8BDB0F10B01F4D005FA01F11F
:10F0700041F07F53002143F440130A4643EC102B28
:10F08000F8BDC0F10B0C25FA0CF1BE4241F07F53E4
:10F0900038BF54F8081C00F1150034BF21FA0CF1F8
:10F0A000002105FA00F0014343F440130A4643EC03
:10F0B000102BF8BDC0F1200C854021FA0CF345EA75
:10F0C0000307A4F10805AE4201FA00F13CBF54F871
:10F0D0000C0C20FA0CF047F07F5338BF014343F487
:10F0E00040130A4643EC102BF8BD00BF2DE9F04356
:10F0F000884683B0012157EC106B1546FFF7B8FB2B
:10F100000446002851D0C7F30A59C7F31303B9F1D5
:10F11000000F01D043F48013002E019318D101A8F1
:10F12000FFF7A0FC019A6261012200F12003226135
:10F13000B9F1000F25D0A9F2334909EB03022046AB
:10F14000C3F13503C8F800202B6003B0BDE8F0839D
:10F1500068460096FFF786FC034610B3DDE900021F
:10F16000C3F1200102FA01F10143DA406161019229
:10F17000002AA26114BF022201222261B9F1000F0C
:10F18000D9D1A3F23243C8F8003004EB82031869E6
:10F19000FFF748FCC0EB421320462B6003B0BDE8EC
:10F1A000F083009A6261019AE2E7034B034822462A
:10F1B00040F20F3102F0ECFBEC2300200024002091
:10F1C000F0B583B00E4669460746FFF72DFF01A94B
:10F1D000304655EC104BB0EE407BFFF725FF33690E
:10F1E0003A69D21ADDE900315B1A03EB4213002BB6
:10F1F00009DD17EE902A02EB035545EC174B87EE1D
:10F20000000B03B0F0BD10EE902A51EC100BC3EBD5
:10F21000033302EB035141EC100B87EE000B03B0FC
:10F22000F0BD00BF172808DDB7EE000BB2EE047B7F
:10F23000013820EE070BFBD17047034B03EBC003F3
:10F2400093ED040B704700BF900200200139491173
:10F2500001F1010C116902F1140303EB81018B42EE
:10F2600000EB8C0C17D210B5A0F1040E53F8044B30
:10F270004EF8044F9942F9D88A1AA2F1150323F0E7
:10F28000030304331844844504D9002340F8043BA5
:10F290008445FBD810BD844505D9002340F8043BC4
:10F2A0008445FBD87047704703694A11934200F1C7
:10F2B000140009DA00EB830302E053F8042DC2B90D
:10F2C0008342FAD80020704710DD11F01F010DD0E5
:10F2D00010B450F8224000EB820324FA01F28A4075
:10F2E00094420CD001205DF8044B704700EB820380
:10F2F000E6E70120704753F8042D002AF2D183423B
:10F30000F9D800205DF8044B704700BF10B4034CDF
:10F31000D4F8E040A4465DF8044B6047002B002081
:10F3200049B1FF2A02D80A70012070478A2303607E
:10F330004FF0FF3070470846704700BF0346A9B33F
:10F340007F2A25D9A2F18000B0F5F06F23D3A2F572
:10F350000060B0F5784F2BD3A2F58030B0F5801F58
:10F3600036D24FEA924CC2F30530C2F3851302F055
:10F370003F026CF00F0C60F07F0063F07F0362F0DF
:10F380007F02487081F800C08B70CA7004207047FB
:10F390000A7001207047930902F03F0263F03F03B7
:10F3A00062F07F020B704A70022070470846704777
:10F3B000100BC2F3851302F03F0260F01F0063F0F0
:10F3C0007F0362F07F0208704B708A7003207047E1
:10F3D0008A221A604FF0FF30704700BFD3B2C2F3E9
:10F3E0000722F9B1DAB102F17F0C5FFA8CFCBCF1B3
:10F3F0001E0F06D902F1200C5FFA8CFCBCF10F0F36
:10F4000012D8A3F1400CBCF13E0F04D983F0800C5C
:10F41000BCF17C0F08D80A704B70022070470B704B
:10F4200001207047084670478A2303604FF0FF3081
:10F43000704700BFD3B2C2F3072239B31AB302F147
:10F44000720C5FFA8CFCBCF1010F21D902F15F0C48
:10F450005FFA8CFCBCF15D0F21D803F15F0C5FFA01
:10F460008CFCBCF15D0F1FD943F0800303F15F0CEE
:10F470005FFA8CFCBCF15D0F11D88F2008704A70C8
:10F480008B70032070470B7001207047084670474F
:10F4900003F15F0C5FFA8CFCBCF15D0F04D98A2389
:10F4A00003604FF0FF3070470A704B7002207047C6
:10F4B0005FFA82FCC2F3072281B392B100B5A2F1D8
:10F4C000210EBEF15D0F2BD8ACF1210EBEF15D0F08
:10F4D00026D81868B8B102200A7081F801C05DF81A
:10F4E00004FB186858B11A601B20282242230870B8
:10F4F0004A708B700420033181F800C070470120EE
:10F5000081F800C070470120186024231B204B7035
:10F51000422308708B7005200331DDE7012070471E
:10F520008A2303604FF0FF30D9E700BF00000000DE
:10F530002DE9F04F2DED088BD1B00C460BEE101AD3
:10F5400090460893834602F08BF90368129318469D
:10F55000FEF7C2FC20AF1090082200213846FDF7CC
:10F5600075F9A3891B0603D52369002B00F0558785
:10F5700000239FED838B9FED849BCDE92533CDE95F
:10F580001333CDE9153327AA0E9324929246119393
:10F5900004934446A1467E4BD3F8E450FEF70AFAA2
:10F5A0004A4603461CA900975846A847002800F081
:10F5B000B080C0F2A6801C9A252A034601D0994447
:10F5C000E9E7B9EB0405064640F0A78000234FF0B9
:10F5D000FF328DF867309846069309F1010999F8D2
:10F5E000003003922B25202609F10109A3F1200206
:10F5F0005A2A00F2CF80DFE812F0E802CD00CD00F9
:10F60000E302CD00CD00CD006A00CD00CD000502A3
:10F610008402CD001002C902CD00BD025B005B0078
:10F620005B005B005B005B005B005B005B00CD0090
:10F63000CD00CD00CD00CD00CD00CD005301CD00DB
:10F6400083011A02530153015301CD00CD00CD00B7
:10F65000CD001502CD00CD009602CD00CD00CD002D
:10F66000AB01CD00AA02CD00CD00E306CD00CD0058
:10F67000CD00CD00CD00CD00CD00CD005301CD009B
:10F680008301DE015301530153017702DE017F0044
:10F69000CD008902CD005F02E0062F027F00CD0081
:10F6A000AB017C00B806CD00CD00BD06CD007C00CE
:10F6B000A3F13002002119F8013B01EB810102EBBB
:10F6C0004101A3F13002092AF5D906918EE7584687
:10F6D00002F0C6F8436815931846FEF7FDFB169036
:10F6E000584602F0BDF883681393169B002B40F038
:10F6F0002D8699F8003077E799F8003048F0200817
:10F7000072E7082200213846FDF7A0F8012399444A
:10F7100041E7B9EB0405064611D0269B2B442693FE
:10F72000259B0133072BCAE9004525931CDC0AF110
:10F73000080A049B2B440493002E7FF447AF269BBA
:10F74000002B41F00B821BEE103AB3F90C3013F092
:10F75000400F049B18BF4FF0FF330493049851B03F
:10F76000BDEC088BBDE8F08F1BEE101A24AA58469A
:10F7700003F0D2F80028E6D10DF19C0AD9E700BFCA
:10F780000000000000000000FFFFFFFFFFFFEF7F11
:10F79000002B00200B93002BD1D00021CDE90C11C0
:10F7A0008DF8DC3001238DF86710029307910593E3
:10F7B00003910F9137AC18F00203099302D0029B1A
:10F7C0000233029318F084030A9305D1069B029A30
:10F7D0009D1A002D00F36983269A89B125990DF1B0
:10F7E000670001310132CAF8000007294FF001001B
:10F7F00026922591CAF8040000F3A2830AF1080AB0
:10F80000099B83B1259B1AA901330232CAF8001063
:10F81000072B4FF0020126922593CAF8041000F33B
:10F82000A3830AF1080A0A9B802B00F06C82039BD9
:10F8300005995D1A002D00F3A58218F4807F40F031
:10F840000D82059BCAF804301A44259BCAF8004073
:10F850000133072B2692259300F31B830AF1080A34
:10F8600018F0040F05D0069B02995C1A002C00F3D7
:10F870008883049B069902988142ACBF5B181B18D1
:10F880000493002A40F0B08200232593079B1BB10C
:10F8900007995846FEF792FC0DF19C0A4C4679E612
:10F8A0000B93089B073323F00703B3EC028BB0EEF6
:10F8B000C87BB4EE497BF1EE10FA089340F3E9847B
:10F8C000B5EEC08BF1EE10FA01F159809DF867108A
:10F8D000AB4CAC4B28F080080B9A472AC8BF1C469B
:10F8E0000023CDE90C330322079302920592039380
:10F8F0000F9300293FF45FAF029B013302935AE755
:10F90000432B0B9303D018F0100F00F05D85089D7A
:10F910000822002122A837ACFCF798FF22AB55F84B
:10F92000042B2146584602F065FF0346013305903B
:10F9300001F0EE82059B089523EAE3730293002110
:10F94000CDE90C118DF86710079103910F9132E703
:10F950000B93089B1A4600238DF86730134653F823
:10F96000044B0893002C00F048850B9B532B00F0B0
:10F97000EC8618F010030C9340F0E786039B5D1CA7
:10F9800001F0E5800C991A46204601F075FF0790BA
:10F99000002801F02883079B1A1B05920C9B0393F8
:10F9A00022EAE2720F930D93079373239DF8671079
:10F9B00002920B939DE718F0200F0B93089B3DD00C
:10F9C000073323F007031A4611465B6851F8082BEA
:10F9D00008911946002BC0F20C84039B013300F000
:10F9E0009E8228F0800052EA0103029040F0998242
:10F9F000039B002B40F09A828046002303930593DB
:10FA000050AC06E1089B53F8042B0692002A80F2C2
:10FA10001984069A08935242069299F8003048F0E9
:10FA20000408E1E599F8003048F00808DCE548F002
:10FA3000100818F0200F0B93089BC1D118F0100F7D
:10FA400040F00B8418F0400F00F0038433F9042BCE
:10FA50000893D1170B46BDE7089B48F002020292BB
:10FA600053F8042B089347F63003ADF8683078203C
:10FA7000454B1193002102230B900020039C8DF82D
:10FA80006700601C00F0AD80029820F0800852EA08
:10FA9000010040F0A480002C40F0AE86002BACD1D9
:10FAA000029B13F00103059300F0D18330238DF8FE
:10FAB0003F310DF23F14ACE018F0200F40F0D4833A
:10FAC00018F0100F40F09F8618F0400F40F0978715
:10FAD00018F4007F00F09786089B049953F8042BD4
:10FAE000089311704C4655E599F80030682B03BF18
:10FAF00099F8013048F4007809F1010948F040080C
:10FB000072E599F800308DF867506DE599F800308E
:10FB10006C2B03BF99F8013048F0200809F1010966
:10FB200048F0100860E50B9348F0100818F0200129
:10FB300000F05183089B073323F00703596853F8FB
:10FB4000082B089328F480630293002395E70B9316
:10FB500048F010030293029B13F0200100F0298368
:10FB6000089B073323F00703596853F8082B0893C1
:10FB7000012382E799F8003048F0800834E500BF9F
:10FB8000502400205424002060240020494611F80D
:10FB9000013B2A2B01F04982A3F13002092A894650
:10FBA00098BF002101F2448119F8013B01EB81016A
:10FBB00002EB4101A3F13002092AF5D9039115E5C1
:10FBC00099F8003048F001080EE59DF86730002BE9
:10FBD0007FF48FAD99F800308DF8676004E5CDF8BB
:10FBE0000880012B00F09D81022B50AC20D1119890
:10FBF00002F00F031209C35C04F8013D42EA0172EE
:10FC0000090952EA0103F3D150AB1B1BDDF8088050
:10FC10000593059A03989DF8671082424FF0000300
:10FC2000B8BF0246CDE90C33079302920F9360E60A
:10FC300002F00703D20842EA4172C908303352EA9F
:10FC40000105204604F8013DF2D1029AD10700F1E6
:10FC50004D8250AB1B1B90460593DAE70B9B652B3F
:10FC600040F3D480B5EE408BF1EE10FA40F0C18144
:10FC7000259BBA49CAF80010013301320121072B34
:10FC800026922593CAF8041000F351850AF1080A58
:10FC90001B9B0E998B4280F2D082109B12991A44C2
:10FCA000CAE90013259B26920133072B259300F305
:10FCB00097830AF1080A0E9B5C1E002C7FF7D0ADDB
:10FCC000102C259B40F36E851BEE106A102505E075
:10FCD0000AF1080A103C102C40F364850133A04956
:10FCE0001032072BCAE90015CDE92532F0DD24AA30
:10FCF0003146584602F010FE00287ED1DDE925325B
:10FD00000DF19C0AE6E7069B02995D1A002D7FF72C
:10FD10008EAD102D259B21DD099410261BEE104A77
:10FD200004E0103D102D0AF1080A16DD01338C495C
:10FD30001032072BCAE90016CDE92532F1DD24AADD
:10FD4000214658460DF19C0A02F0E6FD002854D1E8
:10FD5000103D102DDDE92532E8DC099C8049CAF808
:10FD6000045001332A44072BCDE92532CAF800108C
:10FD700000F32685039B05995D1A002D0AF1080AF8
:10FD80007FF75BAD102D259B1FDD514610261BEE26
:10FD900010AA04E0103D102D01F1080114DD01331B
:10FDA0006F481032072BC1E90006CDE92532F1DD9D
:10FDB00024AA5146584602F0AFFDF0B9103D102D6F
:10FDC000DDE9253227A9EADC8A4601336449CAF80D
:10FDD00004502A44072BCDE92532CAF8001000F35D
:10FDE000DA810AF1080A28E51BEE101A24AA5846FF
:10FDF00002F092FD00283FF447AD079B002B3FF433
:10FE0000A2AC07995846FEF7D9F99CE40E9B012B4A
:10FE100040F37A81259BCAF8004001330132012169
:10FE2000072B26922593CAF8041000F3F8810AF1F3
:10FE3000080A1099129801330A44072BCAE90001F5
:10FE4000CDE9253200F3DD810AF1080AB5EE408BD9
:10FE5000F1EE10FA00F077810E9901330139013487
:10FE60000A44072BCAF800402593CAF804102692CA
:10FE700000F35B810AF1080A1499CAF804100133EF
:10FE80000A44072B1EA9CDE92532CAF800107FF7D6
:10FE9000E5AC1BEE101A24AA584602F03DFD0028DE
:10FEA000ABD1269A0DF19C0ADAE4102DDDE925127A
:10FEB0002C4E24DD179410231BEE104A084604E054
:10FEC000103D102D0AF1080A17DD01301032072805
:10FED000CAE90063CDE92502F2DD24AA214658468D
:10FEE0000DF19C0A02F018FD002886D1103D102D5E
:10FEF000DDE925024FF01003E7DC179C01460131D4
:10FF00002A440729CDE92512CAF80060CAF804502E
:10FF100000F3BD839DF867100AF1080A5DE4CDF88F
:10FF200008800A2A71F1000380F0458330320123F2
:10FF3000DDF808808DF83F2105930DF23F1468E647
:10FF40001BEE101A24AA584602F0E6FC00287FF4A3
:10FF500054AF269A0DF19C0A52E400BF9024002071
:10FF60005C0900204C0900201BEE101A24AA5846F8
:10FF700002F0D2FC00287FF440AF269A0DF19C0AD3
:10FF800051E4102C259BBE4E1FDD1BEE108A102560
:10FF900004E0103C102C0AF1080A16DD013310327F
:10FFA000072BCAE90065CDE92532F2DD24AA4146D6
:10FFB00058460DF19C0A02F0AFFC00287FF41DAFFB
:10FFC000103C102CDDE92532E8DC01332244072BFC
:10FFD000CAE90064CDE925327FF74BAC1BEE101A5D
:10FFE00024AA584602F098FC00287FF406AF269A0F
:10FFF0003FE41B99002940F35A830C9E0E9B9E42BE
:02000004600298
:10000000A8BF1E46002E0BDD259B01333244072B73
:10001000CAE900462692259300F389860AF1080A68
:100020000C9D002EA8BFAD1B002D00F303820C9B7E
:1000300018F4806F2344059340F01F821B9B0E9998
:100040008B4203DB18F0010F00F0CF841099129857
:100050000A44CAE900012599269201310729259110
:1000600000F3A5860AF1080A0E996518CC1A059BBB
:10007000ED1AA542A8BF2546002D0DDDCAF80030B7
:10008000259BCAF8045001332A44072B2692259356
:1000900000F3BB860AF1080A002DA8BF641B002CE0
:1000A0007FF7DEAB102C259B40F37C831BEE106AA0
:1000B000102505E00AF1080A103C102C40F3728369
:1000C000013370491032072BCAE90015CDE92532FA
:1000D000F0DD24AA3146584602F01EFC00287FF4C9
:1000E0008CAEDDE925320DF19C0AE5E7302B3FF4BB
:1000F0008BAD3023023804F8013C50AB1B1ADDF8FD
:1001000008800593044684E518F0010F7FF482AE61
:10011000259BCAF80040013301320121072B2692AA
:100120002593CAF804107FF7A5AE1BEE101A24AA77
:10013000584602F0F1FB00287FF45FAEDDE925327E
:100140000DF19C0A98E60E994C1E002C7FF794AE98
:10015000102C40F361831BEE106A102505E00AF1B4
:10016000080A103C102C40F35783013345491032E4
:10017000072BCAE90015CDE92532F0DD24AA314666
:10018000584602F0C9FB00287FF437AEDDE925327E
:100190000DF19C0AE5E71BEE101A24AA584602F05E
:1001A000BBFB00287FF429AE269A0DF19C0AFFF7CD
:1001B00044BB029B13F0100340F0C180029A12F07E
:1001C000400200F07A83089850F8042B08901946F2
:1001D00092B2012351E418F0100355D118F04002F7
:1001E00000F05D83089850F8042B0890194692B2ED
:1001F000A8E4524261EB4101CDF808802D20012393
:100200003CE41BEE101A24AA584602F085FB002895
:100210007FF4F3ADDDE925320DF19C0A16E61BEE05
:10022000101A24AA584602F077FB00287FF4E5ADA7
:10023000DDE925320DF19C0AFBE518F0010F3FF4D2
:100240000FAB2AE5089399F80030FFF7CDB950AC11
:10025000DFE418F4007F40F0DB8353F8042B0893AD
:10026000D1170B46FFF7B6BB089B049853F8041B45
:100270000893C217C1E900024C46FFF78BB900BFD3
:100280004C0900205C090020089B53F8042B0893BC
:1002900058E4B4EE488BF1EE10FA80F194860B9B93
:1002A000612B00F05285412B00F0C085039B013388
:1002B0000B9B23F0200500F08084472D04D1039B85
:1002C000002B08BF0123039318EE903A002B48F44B
:1002D00080724646C0F21886B0EE48AB00239046C6
:1002E000099307930B9B413B252B00F29883DFE892
:1002F00013F06F0496039603960368046C04960348
:100300009603960396039603960396039603960325
:100310009603960396039603960396039603960315
:100320009603960396039603960396039603960305
:100330009603960396039603960368046C04089B41
:1003400053F8042B08930123FFF797BB139B002B53
:100350003FF4CFA9139B1B78002B3FF4CAA999F84F
:10036000003048F48068FFF73FB90B93CDF8088060
:10037000FFF7F1BB0B939A4B119318F0200100F09B
:100380000581089B073323F00703596853F8082BAE
:10039000089318F0010F0AD052EA010307D00B9B13
:1003A0008DF86930302348F002088DF8683028F461
:1003B000806302930223FFF760BB0B93FFF7B6BB8A
:1003C0000B93884B1193D8E7089B012153F8042B1A
:1003D00002918DF8DC200893059137ACFFF7AFBA96
:1003E0001BEE101A24AA584602F096FA00287FF451
:1003F00004AD269A0DF19C0A5DE4039B0794062B3D
:10040000224628BF062303942146CDE90C22764CD0
:10041000029305930F92FFF76CBA40215846FAF702
:100420004DFF20602061002800F00F8640236361AB
:10043000FFF79EB8102D259B40F35D825146102694
:100440001BEE10AA04E00831103D102D40F352823B
:10045000013366481032072BC1E90006CDE9253289
:10046000F1DD24AA5146584602F056FA00287FF4DE
:10047000C4ACDDE9253227A9E6E70E9BCDF8249030
:10048000E31803930D9BCDF82880139E059DDDF89E
:100490005890DDF83C800B941BEE101A5046002B50
:1004A00034D0B8F1000F35D10D9B013B013E0D93C7
:1004B000159BC0E90039259B01334A44072B26923E
:1004C00025936CDC0830039B96F800C05B1B6345EA
:1004D000A8BF6346002B9A460CDD259C01341A44C4
:1004E000072CC0E900532692259400F3778196F8F3
:1004F00000C00830BAF1000FACBFACEB0A04644690
:10050000002C0ADC65440D9B002BCAD1B8F1000F0A
:1005100000F0AC8308F1FF38CAE7102CDDF894C076
:1005200024DD05954FF0100A63460D4604E0103CAB
:10053000102C00F1080016DD01332C491032072B76
:10054000C0E9001ACDE92532F1DD24AA2946584632
:1005500002F0E2F900287FF450AC103C102CDDE9E9
:10056000253227A8E8DC2946059D9C460CF10103AD
:1005700022444460072B1D4C0460CDE9253200F372
:10058000C68396F800C008306544BCE718F0100335
:1005900000F0C280089B53F8042B0893F9E624AAC4
:1005A0005846059102F0B8F900287FF426AC269A47
:1005B000059927A887E70298CDF81CA050AC00F455
:1005C000806000250AEE10BA094BDDF84CA0CDF88A
:1005D0001490A3464FF00508AC46044610E000BF57
:1005E0006024002074240020882400205C0900205E
:1005F000CDCCCCCC0A2A71F1000136D34A46314623
:10060000501840F10000A3FB005626F0030505EB4F
:100610009605401B151A4FF0CC3661F1000E06FB13
:1006200005F6A5FB039503FB0E6609F0010E2E44AB
:10063000AEFB085E2D184FEA590930350BF8015C06
:1006400049EAC6790CF1010C0BF1FF3B7608002C4E
:10065000D0D09AF800008445CCD1BCF1FF0FC9D0AE
:100660000A2A71F1000180F08F815C4650AB1B1BA0
:10067000DDF81490CDF84CA01AEE10BADDF81CA0ED
:10068000DDF80880CDF838C00593FFF7C2BA1BEE3D
:10069000101A24AA584602F03FF900287FF4ADABA7
:1006A0009DF86710269A0DF19C0AFFF796B8259BD6
:1006B000BE48CAF80000013301320120072B269200
:1006C0002593CAF8040000F377810AF1080A00298B
:1006D00040F0AF800E9908F001030B433FF4C0A82F
:1006E000109B12991A44CAE90013259B26920133E4
:1006F000072B259300F352820AF1080A0E99CAF8D3
:10070000004001330A44072BCDE92532CAF8041012
:100710007FF7A4A8FFF7BDBB18F0400200F0DD8012
:10072000089850F8042B0890194692B231E61BEE57
:10073000101A24AA584602F0EFF800287FF45DABA7
:10074000269A0DF19C0AFFF7A3BA22AE08220021D7
:1007500030461D94FCF77AF8039B5A1C00F0DB80AE
:100760000025CDF80890CDF81C809946A8460CE0ED
:1007700037A9584602F03EF8431C404400F0C883B5
:10078000484508DC00F0188480461D9A52593346CB
:100790000435002AECD1CDF81480DDF80890DDF89E
:1007A0001C80C5E001338249CAF804402244072B6B
:1007B000CAF80010CDE925327FF750A8FFF769BBD2
:1007C0001BEE101A24AA584602F0A6F800287FF45F
:1007D00014AB269A0DF19C0AFFF729B824AA5846B3
:1007E000059102F099F800287FF407AB96F800C055
:1007F000269A059927A87DE6012BCDF808807FF47D
:10080000F3A9FFF793BB089B049953F8042B4C46BC
:1008100011600893FEF7BEBE01336549CAF8044073
:100820002244072BCDE92532CAF800107FF722AB0E
:100830007BE4109B12981A44CAE90003259B269278
:100840000133072B259300F3A9810AF1080A002937
:10085000BFF654AF4D42103180F20F831BEE101AD9
:10086000102605E00AF1080A103D102D40F305831B
:1008700001334F481032072BCAE90006CDE9253273
:10088000F0DD24AA5846039102F046F800287FF4D0
:10089000B4AADDE9253203990DF19C0AE4E7089B2F
:1008A00018F400711ABF114653F8042B53F8042BA7
:1008B000089318BFD2B2FFF745B9029B13F4007139
:1008C000089B1ABF114653F8042B53F8042B0893C6
:1008D00018BFD2B20123FFF7D0B8089B18F40071FB
:1008E0001ABF114653F8042B53F8042B089318BF72
:1008F000D2B24EE58A4601332D49CAF804502A4443
:10090000072BCDE92532CAF8001000F339810AF12E
:10091000080AFFF78CBB0023194600961DAA58460B
:1009200001F0BAFF03460133059000F0F1821D94F7
:10093000059B002B4ED0632B00F3188100230793F7
:1009400037AC082200213046FBF780FF059D00965A
:100950002B461DAA2146584601F09EFF854240F0D5
:100960007C83059A0023A35422EAE272CDE90C337A
:100970009DF86710039302920F93FEF7BABF2D21E3
:100980008DF86710FEF7A4BF169B1599ABEB030B10
:100990001A465846FCF758F89AF80120054B0AB158
:1009A0000AF1010A4FF0000C28E600BF9024002055
:1009B0005C090020CDCCCCCC1BEE101A24AA5846E2
:1009C00001F0AAFF00287FF418AA1B99269A0DF1BE
:1009D0009C0A7CE6059B9DF867100F93CDE90233D6
:1009E000CDE90C330793FEF784BF0E99059865187F
:1009F0002D1ACC1AA542A8BF2546FFF74DBB089B70
:100A0000049953F8042B089311804C46FEF7C2BD9D
:100A100013F9042B0893D1170B46FEF7DBBF039A9B
:100A2000022122AB01931DAB009358461BABB0EEE5
:100A30004A0B029201F068F8472D029A044600F032
:100A40006181462D104405D12378302B00F06F8250
:100A50001B9A1044B5EE40ABF1EE10FA40F046811F
:100A600003461B1B0E93472D00F01081462D00F00E
:100A7000B5811B9B0C930C9B412D03F1FF331B9302
:100A800000F0E5819DF82C200021002BB8BF0C9BC5
:100A90008DF87820BABFC3F101032D222B22092B38
:100AA0008DF8792040F3DA810DF18F05DFF81CC451
:100AB0002A4610468CFB0321DA17C2EBA10202EB97
:100AC0008201A3EB4101303100F8011C1946632972
:100AD000134600F1FF32ECDC3033D9B2831E9D4265
:100AE00002F8011C40F28B8213460DF17A0201E0FC
:100AF00013F8011B02F8011B9D42F9D10DF191037E
:100B00000DF17A021B1A13441EAA9B1A14930E9B12
:100B1000149A012B1A44059240F30382059B109A04
:100B20001344059326F48063059A43F480780023E8
:100B3000CDE90C3322EAE2720F930292099B002B5B
:100B400040F0B1809DF867100393FEF7D2BE2046B7
:100B5000FDF7C2F902460590FEF720BF1BEE101A02
:100B600024AA584601F0D8FEFEF7EDBD591C5846A0
:100B7000FAF7A4FB0446002800F0CA810790E0E6DB
:100B80001BEE101A24AA584601F0C6FE00287FF476
:100B900034A9269A0DF19C0AFFF749BA1BEE101AE8
:100BA00024AA584601F0B8FE00287FF426A9DDE902
:100BB00025321B990DF19C0A49E606230393FFF7A2
:100BC00083BB039B02215A1C2BE7039A032128E7CE
:100BD0001BA8B0EE4A0B00F09FFEB4EE007B20EEA7
:100BE000070BB5EE400BF1EE10FA01D101231B9378
:100BF000B348039BB3EE005B013B224604E0B5EE35
:100C0000400BF1EE10FA13D020EE050BFDEEC07B89
:100C1000B3F1FF3F17EE901A415CB8EEE76B9446D4
:100C200030EE460B02F8011B194603F1FF33E6D103
:100C3000B6EE006BB4EEC60BF1EE10FA00F348818D
:100C4000B4EE460BF1EE10FA04D117EE903ADB0742
:100C500000F13E81002906DB4B1C1344302102F8D1
:100C6000011B9342FBD1131B0E93FCE60B9C0E9BC6
:100C7000DDF82490DDF828801396E3189D4229467C
:100C800028BF194682460591FFF7D8B91B9B0C93E4
:100C9000DA1C02DB039A93420CDD0B9B023B0B93A5
:100CA00023F02005E7E62D2100238DF8671003933C
:100CB000FEF722BE0C9B0E9A9342C0F2BD80F00755
:100CC0000C9B40F13281109A13440593710503D5B2
:100CD0000C9B002B00F33581059B23EAE373029301
:100CE00067230B9300230F930D9327E7229B8342E7
:100CF000BFF4B7AE30215A1C22921970229B984241
:100D0000F9D8AEE6F30700F1A780229BA9E624AA52
:100D10005846059101F000FE00287FF46EA896F871
:100D200000C0269A059927A86544FFF7ECBB1BEE87
:100D3000101A24AA584601F0EFFD00287FF45DA8A0
:100D4000269A0DF19C0AFFF76BB978238DF869306C
:100D500030238DF86830039B632B48F0020600F3C4
:100D6000A6800023079337AC18EE903A002B48F486
:100D700081782BDBB0EE48AB0B9B23F020050023E2
:100D800009930B9B612B7FF4ADAAB0EE4A0B1BA815
:100D900000F0C2FDB4EE007B20EE070BB5EE400B79
:100DA000F1EE10FA01D101231B93464821E71BEE17
:100DB000101A24AA584601F0AFFD00287FF41DA8A0
:100DC0001B9B269A0DF19C0AFFF74EB90B9B23F053
:100DD00020052D230993B1EE48ABD2E71B9A0C9264
:100DE000002A06F0010340F30D8103990B4340F004
:100DF000CF800C9B059366230B93720500F1A380B3
:100E0000059B23EAE37302936CE71BEE101A24AAF6
:100E1000584601F081FD00287EF4EFAF1B9C0E9B2D
:100E2000269A1C1B0DF19C0AFFF736B958238DE753
:100E300000220392FEF7DABB0E9B109A9A180C9BC5
:100E40000592002B40F3AB8067230B93D5E70B9AF9
:100E50000F32D2B2012118E6A018FBE5002940F0BC
:100E6000A88030228DF87A200DF17B02303302F811
:100E7000013B1EABD31A149349E601331249CAF859
:100E800004502A44072BCDE92532CAF800107FF719
:100E900033AC1BEE101A24AA584601F03DFD002881
:100EA0007EF4ABAFDDE925320DF19C0A26E4591C36
:100EB0005846FAF703FA044650B3079054E700BFC8
:100EC00074240020602400205C09002067666666A8
:100ED000CDF888C012F8011C90F80FC06145134688
:100EE0000AD14FF0300E03F801EC229B591E2291DB
:100EF00013F8011C8C45F6D0392916BF0131817ACF
:100F0000C9B203F8011CAEE600239046079360E7E0
:100F10001BEE102AB2F90C3043F040039381FEF728
:100F200016BCF5077FF5FEADF8E50593CEE6B5EE08
:100F300040ABF1EE10FA3FF48BADC2F101021B920F
:100F400087E567230B9313990B78FF2B79D0002546
:100F50000C9A284603E001300131FF2B08D0934260
:100F600006DAD21A4B78002BF5D10B780135F4E76D
:100F70000C9213910D900F950F9A0D9B1699134497
:100F8000059A01FB0323059323EAE3730293D5E556
:100F9000109BD3181944662305910B932DE7C3F1D9
:100FA00001031A4422EAE2730293672305920B932A
:100FB00098E60DF17A0259E7039BDDF80890DDF819
:100FC0001C800593B4E418EE903A002BB4BF2D2199
:100FD0009DF86710254C264BB8BF8DF8671028F098
:100FE0008008FEF779BC039B0293059373239DF859
:100FF000671003900F900D900B93FEF77ABC0223BD
:10100000149384E5039A134305D1012366220293C6
:101010000B92059366E6109B01331A4422EAE273B1
:101020000293662305920B935CE6089A99F80130C7
:10103000894652F8041B089241EAE1710391FEF7D8
:10104000D3BA00230F930D9396E70C23CBF800300F
:101050004FF0FF330493FEF781BB1BEE102A9389F8
:1010600043F040039381FEF7C8BE00BF5824002020
:101070005C24002070B500294BD006460C4610B108
:10108000436B002B48D0636ED80734D5B4F90C30CD
:10109000002B3ED02146304600F058F8E36A054662
:1010A00033B1E169304698470028B8BF4FF0FF35AB
:1010B000A3891A063CD4216B41B104F14003994243
:1010C00002D03046FDF77AF800232363616C21B12A
:1010D0003046FDF773F800236364FBF77BF8636E1B
:1010E0000022DB07A2811FD5A06DFCF717FDFBF7DF
:1010F00077F8284670BDA3899905CBD4A06DFCF77D
:1011000011FDB4F90C30002BC4D1656E15F001054A
:1011100005D00025284670BDFBF73CF8B3E7A06D6D
:10112000FCF708FD284670BDA06DFCF703FDDBE76A
:1011300021693046FDF742F8BDE700BF024B01468A
:101140001868FFF797BF00BFB8250020B1F90C2041
:101150002DE9F0410C461107804647D4636842F4FC
:101160000062002BA2815EDDA56A002D58D000230D
:10117000D8F80060C8F8003093B212F4805256D10B
:101180000123E1694046A847431C67D0A389A56AAB
:101190005F0705D56368C01A236B0BB1E36BC01AF8
:1011A000E169024600234046A847411C41D1D8F8D6
:1011B0000030002B3DD01D2B01D0162B56D1A3891A
:1011C0002269226023F4006300216160A381216B06
:1011D000C8F8006021B304F14003994202D04046B0
:1011E000FCF7ECFF00202063BDE8F0812669BEB16A
:1011F00093B2256826609A070CBF63690023AD1B74
:10120000A3600BE02B463246E169676A4046B84767
:10121000B0F1000CA5EB0C05664417DD002DF1DCE8
:101220000020BDE8F081E36B002B9DDCF8E7206D2A
:10123000AEE7B4F90C302269226023F40063A38185
:101240000022DB046260C2D52065C0E7A38943F0B9
:1012500040034FF0FF30A381BDE8F081D8F80030A3
:10126000002B93D01D2B06D0162B04D0A38943F05E
:101270004003A381D5E7C8F80060D1E738B50C4634
:10128000054608B1436B03B3B4F90C0088B1636E33
:10129000DB0701D481050FD528462146FFF756FF0D
:1012A000636EDA07054602D4A3899B0508D5284654
:1012B00038BD0546284638BDA06DFCF733FCEBE78A
:1012C000A06DFCF737FC284638BDFAF763FFDBE773
:1012D00050B338B5174B1D6804460DB16B6BBBB1ED
:1012E000B4F90C0088B1636EDB0701D4810513D516
:1012F00028462146FFF72AFF636EDA07054602D427
:10130000A3899B050CD5284638BD0546284638BD1F
:101310002846FAF73FFFE3E7A06DFCF703FCE7E799
:10132000A06DFCF707FCEEE7034A04490448FAF70E
:1013300081BF00BFB8250020F42A002065F001001D
:10134000C02500209368002B00F085802DE9F04F28
:10135000B1F90C300C461907804683B0174698B295
:1013600025D523691BB310F002033D682DD04FF043
:10137000000ADFF8C0B25646B9465E4533465246CB
:1013800028BF5B464046002E52D0E169676AB847E5
:10139000002856DDD9F808301B1A8244361AC9F8DD
:1013A0000830002BE9D1002003B0BDE8F08F2146C2
:1013B000404600F041F9002840F03881B4F90C3083
:1013C0003D6898B210F00203D1D110F0010944D168
:1013D0004E46009746B38205D4F808B040F18580A8
:1013E000B3455A4600F2B48010F4906F40F0C180CB
:1013F000206801924946FBF7ADF9A368019AA3EB77
:101400000B012368A1601344B24623600026009AB2
:101410009368A3EB0A03D1449360002BC3D0B4F9C3
:101420000C0080B2002ED6D1D5E900960835D1E760
:10143000D5E900A60835A0E721464046FFF71EFF84
:1014400088B3B4F90C3043F040034FF0FF30A38170
:1014500003B0BDE8F08F002070471E46BA4699469B
:10146000184600951F4666B3002832D04A46D4E994
:1014700004132068A568B24228BF3246884204D9C6
:1014800005EB030B5A4500F3A780934264DCE16946
:10149000656A3A464046A847B0F1000BD1DDB9EB8A
:1014A0000B09C9D00120DAF80830A3EB0B035F4425
:1014B000A6EB0B06CAF80830002B3FF474AF002EE1
:1014C000D2D1009A5668134608320092002EF8D006
:1014D0001F6832460A21384600F0CEF9002800F095
:1014E0009C800130A0EB0709C0E72068236998427F
:1014F00016D86269B24213D86FF00043B34228BFD6
:101500003346E16993FBF2F3676A02FB03F340465B
:101510004A46B847B0F1000A93DDA6EB0A0676E723
:10152000B345DA4628BFB24652464946FBF712F9A0
:10153000A3682268A3EB0A035244A3602260002B35
:10154000EBD121464046FFF799FE0028E5D078E729
:101550002068B34632464CE739460192FBF7FAF869
:10156000019AA3689B1AA3602368134423609346DF
:1015700095E723682169A3EB010B636903EB430A39
:101580000AEBDA7A0BF101034FEA6A0A3344534556
:10159000524684BF9A46524643052CD511464046D2
:1015A000F9F78CFE00283BD05A4621690190E8F7F4
:1015B000BBF9A289019B22F4906242F08002A281D1
:1015C00003EB0B002361AAEB0B03C4F814A0A36088
:1015D0002060B34632460CE739465A46FBF7BAF864
:1015E00023685B44236021464046FFF747FE0028FE
:1015F0003FF455AF25E74046FAF74AF9034600287D
:10160000DED121694046FCF7D9FDB4F90C300C223B
:1016100023F08003C8F8002015E7721C914626E7E6
:101620000C22B4F90C30C8F800200CE74FF0FF3062
:10163000BAE600BF00FCFF7F38B5314B1B6805469A
:101640000C4613B15A6B002A4ED0B4F90C3018076F
:101650009AB21CD5216929B312F0010007D00020ED
:10166000A06060694042A06139B1002038BD950793
:1016700058BF6069A0600029F7D1120658BF08461C
:10168000F4D543F04003A3814FF0FF3038BDD106BD
:101690002ED5520714D4216943F00803A3819AB2CE
:1016A0000029D9D102F42070B0F5007FD4D02146B2
:1016B000284603F099F8B4F90C3021699AB2CBE7C7
:1016C000216B51B104F14002914204D02846FCF74D
:1016D00075FDB4F90C300022226321690022C4E9AF
:1016E000001223F02403D7E71846FAF753FDACE7BE
:1016F000092243F040032A604FF0FF30A38138BD38
:10170000B825002030B4134D10F8014B2B5D03F0C9
:101710000303012B11F8013B15F803C00CF0030C77
:10172000224608BF04F12002BCF1010F1C4606D07E
:10173000D21A0AD1002BE7D1204630BC70472033A3
:10174000D41AE1D0204630BC70471446204630BC45
:10175000704700BF31060020830710B5044610D142
:101760000268A2F1013323EA020313F0803F08D19B
:1017700050F8042FA2F1013323EA020313F0803F53
:10178000F6D003781BB110F8013F002BFBD1FCF71A
:1017900041FB204610BD00BFC2B100EB020C00B5FA
:1017A0000B460CF1FF3E04E013F8012B00F8012B6F
:1017B00042B18645F8D100220CF8012C13F8012B18
:1017C000002AFBD1591A481E5DF804FB0B4613F89A
:1017D000012B002AFBD1591A481E70473AB330B585
:1017E0000244144D044605E0BCEB030C1DD1CBB103
:1017F000944218D014F8010B2B5C03F00303012B67
:1018000011F8013B15F803E00EF0030E844608BF03
:1018100000F1200CBEF1010F1846E5D12033BCEBDE
:101820000300E5D030BD002030BD604630BD10461D
:10183000704700BF3106002071B1034600EB010C78
:1018400001E0634506D01A46013311780029F8D12A
:10185000101A7047181A704708467047F0307047E2
:1018600000487047F02B002000487047F02B002004
:10187000000000000000000001F0FF01102A2BDB37
:1018800010F0070F08D010F8013B013A8B422DD021
:1018900010F0070F42B3F6D1F0B441EA012141EA5A
:1018A000014122F007047FF000070023F0E8025610
:1018B000083C85EA010586EA010685FA47F5A3FAA0
:1018C00087F586FA47F6A5FA87F68EB9EED1F0BC11
:1018D00001F0FF0102F0070232B110F8013B013ABA
:1018E00083EA010313B1F8D1002070470138704733
:1018F000002D06BF35460338073815F0010F07D114
:10190000013015F4807F02BF013015F4C03F013073
:10191000F0BC0138704700BF30B482B08DED000BD1
:10192000019A194C22F000430021A342016021DCFE
:10193000009C1C431ED0154C144054B99FED107BE5
:1019400020EE077B8DED007B019A6FF0350122F0D0
:10195000004322F0FF42DDE9004522F4E00242F0BC
:101960007F551B1545F40015A3F2FE33CDE9004564
:101970000B4403609DED000B02B030BC704700BF0C
:101980000000000000005043FFFFEF7F0000F07FE9
:1019900000B50B4C25681446EE681A4685B0034620
:1019A0000D464CB107490095CDE901143046064972
:1019B00000F09EFFE8F734FA04490C46F3E700BF55
:1019C000B825002094240020A4240020000C00202E
:1019D00008B513460022FFF7DBFF00BF0000000040
:1019E0002DE9F04F03690C69A34283B0C0F28780F0
:1019F000013C01F11405A30000F11408009355F80F
:101A0000243058F82420013381469A4208EB8400A0
:101A100005EB84070190B2FBF3F63BD34FF0000CCB
:101A2000AE464046E24663465EF804BB02681FFAD3
:101A30008BFC06FB0C334FEA134C4FEA1B4B06FBA7
:101A40000BCC9BB2AAEB03031FFA8CFA13FA82F3B6
:101A5000CAEB124202EB23429BB243EA02437745B0
:101A600040F8043B4FEA224A4FEA1C43DCD2009B79
:101A700058F8033073B9019B043B984504D307E041
:101A8000984504F1FF3403D253F80429002AF7D013
:101A9000C9F810404846FDF7C9F900282BDB01368C
:101AA0004146002355F8040BD1F800C082B29A1ABF
:101AB000030C12FA8CF2C3EB1C4303EB224392B2E9
:101AC00042EA0342AF4241F8042B4FEA2343E9D2F2
:101AD00058F8242008EB84036AB9043B984504D3E2
:101AE00007E0984504F1FF3403D253F80429002A93
:101AF000F7D0C9F81040304603B0BDE8F08F0020A1
:101B000003B0BDE8F08F00BF2DE9F04F2DED028B43
:101B10008FB08DED020B0191816B1A9D059357ECEF
:101B2000106B0446934641B1C26B4A600123934057
:101B30008B60FCF7C3FE0023A363B7F10008B4BFBA
:101B4000012300232B60BE4BBCBF28F00048CDF81A
:101B50000C8033EA080300F09F809DED028BB5EE08
:101B6000408BF1EE10FA11D1059A012313601B9BF3
:101B7000002B00F03F82B34B1B9A1360013B009394
:101B800000980FB0BDEC028BBDE8F08F0CAA0DA938
:101B90002046B0EE480BFDF7A9FA5FEA1853054658
:101BA00040F09280DDE90C130B4403F23242202A0C
:101BB00040F3FA82C2F1400208FA02F803F212423C
:101BC000D64048EA060207EE102AB8EE477B581EB8
:101BD00017EE906A53EC172B4FF0010AA6F1F87339
:101BE0009FED913B9FED927B9FED935B06EE900AFC
:101BF00043EC122BB8EEE64BB7EE086B32EE466BB9
:101C0000A6EE037BA4EE057BFDEEC76BB5EEC07BB5
:101C1000F1EE10FA16EE907A08D5B8EEE66BB4EE57
:101C2000476BF1EE10FA18BF07F1FF37162F00F2DD
:101C30004581854B03EBC70393ED007BB4EEC78B67
:101C4000F1EE10FA57D5091A0023B1F1010807F196
:101C5000FF370A9300F1398100230693002F52DAEF
:101C6000069B0497DB1B06937B420893019B092B81
:101C70004FF000074ED8052B40F39D82043B0193A3
:101C80000026019B9A1E032A00F22581DFE812F04C
:101C9000AA03A7039D037E03059AC8F3130842F223
:101CA0000F7358EA060813601ED11B9B002B00F02F
:101CB0009185664B009308331B9A009813600FB010
:101CC000BDEC028BBDE8F08F18EE906AC6F31306E8
:101CD000A3F2FF3053EC182B46F07F530C994FF0D2
:101CE000000A43F440137BE71B9B002B40F03B832F
:101CF000574B009344E7091A0023B1F101080A93F6
:101D000000F1E380069300230893019B0497092BBD
:101D1000B844B0D900230126019307964FF0FF394C
:101D20009B460021E163CDF82C902046FCF7A0FDF6
:101D30000090002800F04085009BA363B9F10E0FCE
:101D400000F2DC80002E00F0D980049B002B40F3D1
:101D5000DE833D4A03F00F0102EBC10292ED007BEE
:101D60001A11DB0540F182833A4991ED086B02F0CC
:101D70000F02032088EE065B5AB13649D60704D518
:101D800091ED006B013027EE067B521001F1080146
:101D9000F4D185EE076B0A9B3BB1B7EE007BB4EE46
:101DA000C76BF1EE10FA00F1AE8407EE900AB8EEC0
:101DB000E75BB1EE0C7BA5EE067B17EE902A51ECAB
:101DC000170BA2F15071B9F1000F00F08883049E47
:101DD0004A46079B002B00F04784B6EE003B1A4BA7
:101DE000FDEEC64B03EBC20CB8EEE47B36EE477B50
:101DF0001CED026B83EE065B41EC160B14EE900AB1
:101E000035EE465B0099B4EEC75B3030F1EE10FA68
:101E100001F8010B00F3AC84B7EE002BB2EE044BDB
:101E20004FF0000C31E000BF61436F63A787D23FE2
:101E3000B3C8608B288AC63FFB799F501344D33FB9
:101E40000000F07F91240020A0020020D424002074
:101E5000E0240020900300200CF1010C94454DDAA1
:101E600027EE047B25EE045BFDEEC76B16EE903A81
:101E7000B8EEE63B303337EE437BB4EEC57BF1EE94
:101E800010FA01F8013B00F1738432EE476BB4EEB7
:101E9000C56BF1EE10FADFD5009A049602E08A4293
:101EA00000F05084894611F8013D392BF7D00133F9
:101EB000DBB20B70049B0133049355E1091A012333
:101EC000B1F101080A937FF5C7AEC1F10103069392
:101ED0004FF00008C2E60026E66331462046FCF7D4
:101EE000C7FC0090002800F06784009BA3634FF0BC
:101EF000FF330B9399460123B34607930D9A002AAB
:101F000055DB04990E2952DCB74BBBF1000F03EBF4
:101F1000C10393ED006B15DAB9F1000F12DC40F04C
:101F2000F282B1EE047B26EE077BB4EEC78BF1EEB6
:101F300010FACA464E4600F26D82DDF800806FEA64
:101F40000B0B70E288EE067BBDEEC77B009917EEA7
:101F5000103AB9F1010F03F13003B8EEC75B01F895
:101F6000013BA5EE468B00F03483B2EE044B012317
:101F700011E088EE067BBDEEC77B013317EE102A19
:101F80004B4502F13002B8EEC75B01F8012BA5EE1C
:101F9000468B00F01E8328EE048BB5EE408BF1EEED
:101FA00010FAE6D1049B013304938946DCE0079BD9
:101FB00043B3019B012B40F37682089B09F1FF3A62
:101FC000534580F23F82089BCDF820A0AAEB030284
:101FD00017444FF0000AB9F1000FC0F22583069BA9
:101FE00009934B44C844069301212046FCF76AFD3F
:101FF00006460CE07D4B009300980FB0BDEC028BC1
:10200000BDE8F08F069BDDF820A0079E0993099B91
:102010006BB1B8F1000F0ADD434506991A46A8BF17
:102020004246891A9B1A06910993A8EB0208089B5D
:1020300063B1079B002B00F0A782BAF1000F00F3F9
:102040000482089BB3EB0A0240F0FF820121204684
:10205000FCF738FD002F824600F3AF80019B012B77
:1020600040F38781002308930120002F40F0B180C6
:10207000404410F01F0000F07A81C0F12002042AD1
:1020800000F3888040F0F681069B002B05DD294691
:102090001A462046FCF752FE0546B8F1000F05DD52
:1020A000514642462046FCF749FE82460A9B002BD9
:1020B00040F03F81B9F1000F40F32581079B002BD1
:1020C00040F0A380049B01330493DDF800800127D6
:1020D00007E0294600230A222046FCF7F9FB0137D6
:1020E000054651462846FFF77BFCB94500F1300014
:1020F00008F8010BEDDCB9F1000F009ACCBFCB461C
:102100004FF0010B03469344002729460122204645
:102110000193FCF713FE51460546FCF787FE0028A5
:1021200040F3AF811BF8013C009A0BF1FF3B04E048
:102130005A4500F0B1811BF8013D392B0BF1010923
:10214000F6D001338BF8003051462046FCF7B6FB41
:1021500056B12FB1B74203D039462046FCF7AEFB4B
:1021600031462046FCF7AAFB29462046FCF7A6FB91
:10217000002389F80030DDE904231A601B9B002B43
:102180003FF4FEAC0098C3F800900FB0BDEC028B9A
:10219000BDE8F08FC0F11C00069B03440693099B29
:1021A0000344099380446FE7C2F1200206FA02F269
:1021B00007EE102A09E5012663E501463A46204666
:1021C000FCF75CFD019B012B824640F3C581002397
:1021D0000893DAF810200AEB82021069FCF722FC5F
:1021E000C0F1200044E700BFA0020020902400209E
:1021F000314600230A222046FCF76AFB0B9B002B8A
:10220000064640F3CE8204979946099B002B05DDD4
:1022100031461A462046FCF791FD0646089B002BE6
:1022200040F0EB81B046029B009F03F001027B1E51
:102230004B440893019B0A92134309935146284645
:10224000FFF7CEFB314683462846FCF7EFFD4246BA
:10225000514681462046FCF70BFEC26801460BF151
:102260003003002A42D1CDE906032846FCF7DEFD03
:10227000069902902046FCF721FB029A079B1AB9A7
:102280000999002900F07E82B9F1000FC0F2838124
:10229000019949EA01090A9951EA090900F07B818B
:1022A000002A00F3C681089A3B7007F101099742A2
:1022B000CB4600F0C481294600230A222046FCF7C1
:1022C00007FB4645054631464FF000034FF00A0232
:1022D000204612D0FCF7FCFA4146064600230A22AB
:1022E0002046FCF7F5FA4F468046A7E720460293C2
:1022F000FCF7E4FA029B0122C6E7FCF7E9FA4F4635
:10230000064680469AE7019B022B71DC079B002B57
:102310007FF47BAF049B5146013328460493FFF7BB
:102320005FFBDDF800B000F130030BF8013B002744
:10233000EBE651462846FCF779FD0028BFF6BAAE19
:10234000294600230A222046FCF7C2FA049B5F1E9E
:10235000079B0546002B7FF44BAF0B9B002B40F3F4
:1023600018829946B1E6BC4B00930333A4E41C20C9
:1023700012E7DDE9020100287FF474AEC1F3130215
:10238000002A00F0F480029B08936DE60123079376
:10239000049B5B4403F10109B9F1010FCC460B9397
:1023A000B8BF4FF0010C0021BCF1170FE1637FF7BC
:1023B000BCAC01200422520002F114036345014623
:1023C00000F10100F7D9E163AFE401230793BBF10A
:1023D000000F52DDCDF82CB0D946DC46E3E70023F0
:1023E0000793D5E700230793F1E7DDF82C900497D6
:1023F000B9F1000F7FF4A1AD51464B4605222046AE
:10240000FCF766FA014682462846FCF70FFD0028D5
:102410007FF793AD049B03F1010B009B312298469B
:1024200003F8012B009351462046FCF747FA0BF1C5
:102430000103DDF800900493CDF80080002E7FF4B6
:102440008FAE91E6A3EB0A0AC5E531465246204617
:10245000FCF714FC2A46014606462046FCF760FBC2
:10246000294605462046FCF729FAEAE50220B0EEA7
:10247000485B81E4C0F13C008EE64FF0010BD94689
:102480004FE403D1019BDB073FF54CAED9461BF867
:10249000013D302BFAD057E6049B009A0133049398
:1024A0003123137050E6BAF1000F00F0238102F2DD
:1024B0003342069B09931344DDF820A00693904411
:1024C00092E507EE900AB1EE0C5BB8EEE77BA6EE64
:1024D000075B15EE902A51EC150BA2F1507141ECFF
:1024E000150BB1EE047B36EE477BB4EEC57BF1EE07
:1024F00010FA00F33781B1EE455BB4EEC57BF1EE27
:1025000010FA7FF5FBAC4FF0000A564615E500F0D7
:10251000F580049B51495A4202F00F0001EBC001C3
:1025200091ED006B121128EE066B00F04281B0EEC7
:10253000467B4B4900260220D30705D591ED005B71
:102540000130012627EE057B521001F10801F3D17D
:10255000002E06FE076B1EE4029B002B7FF437AEB5
:10256000DDE90201C1F31302002A40F037813D4A40
:102570000A40002A00F0FA80069B013306930123EB
:1025800008F1010808936FE52946089A2046FCF7F0
:1025900075FB05465AE5002A12DD29460122204630
:1025A0000193FCF7CBFB51460546FCF73FFC0028A6
:1025B000019B40F3E180392B00F0CA800BF131031D
:1025C000B94609F8013B049B01333746049346465C
:1025D000BAE538EE088BB4EEC68BF1EE10FA0ADCE1
:1025E000B4EE468BF1EE10FA7FF4DCAC17EE103A45
:1025F000D8077FF5D7AC009A54E471682046FCF701
:1026000037F90746002800F0DE80336902339A006C
:1026100006F10C010C30E7F787F939460122204614
:10262000FCF78CFB8046FEE5069BA3EB09030993B0
:10263000DAE4392B00F08C80B9460133C1E7049A03
:1026400001323746049246465FE529462046FCF7AC
:1026500015FB0546FAE400BFE0240020A00200209C
:10266000900300200000F07F5E4BFDEEC65B03EBA5
:10267000C20C1CED023BB8EEE57B36EE477B41EC2D
:10268000160B15EE901A23EE063B00983031012A06
:1026900000F8011B00F08380B2EE044B009B9918F8
:1026A00027EE047BFDEEC76B16EE903A303300F850
:1026B000013B8142B8EEE65B37EE457BF0D1B6EEEA
:1026C000006B33EE065BB4EEC75BF1EE10FA3FF53C
:1026D000E3AB36EE436BB4EEC76BF1EE10FA7FF767
:1026E0000DAC8946013919F8013C302BF9D0731C27
:1026F000049339E50C9AC2F13602DAE60220B0EE14
:10270000486BFFF748BBB9F1000F3FF4DAAE0B9A04
:10271000002A7FF7F3ABB2EE044B26EE046B0130D8
:1027200007EE900A049BB8EEE75BB1EE0C7BA6EED9
:10273000057B17EE90CA51EC170B5E1EACF1507181
:10274000FFF747BB049B013304933123FFF7B1BB71
:10275000049BBB4601330493392337460BF8013BF6
:102760004646E1E44FF0000A564653E608927BE401
:10277000731C04938946F7E47FF422AFDA077FF5F0
:102780001FAF18E7392BE3D0B9F1000F3FF716AFB1
:1027900016E7019B022B3FF728AE0497BAE50146E6
:1027A0008DE7019B022B3FF720AEDDF82C900497BC
:1027B0002BE50220FFF7EFBA0B4B0C48002240F24A
:1027C000AF11FFF7E5F8084B08483A4640F2EF2111
:1027D000FFF7DEF8064B0093FFF7D2B9029B089390
:1027E000F7E400BFA0020020EC230020E424002036
:1027F000D424002070B5054684B05BB11C4669B195
:102800000E4B2846D3F8E0602346B047431C0FD058
:1028100004B070BD00F582740029F1D1074A234647
:10282000D2F8E06028460A4601A9B047431CEFD120
:1028300000228A2322602B6004B070BD002B002090
:1028400070B5134B84B01D686AB1144678B1114B52
:102850000A46D3F8E060014623462846B047431CA9
:102860000FD004B070BD05F582740028EFD1094A7D
:102870002346D2F8E06001A902462846B047431C2F
:10288000EFD100228A2322602B6004B070BD00BF0C
:10289000B8250020002B002010B582B0049CCDE9A3
:1028A00000344FF0FF3302F0ABF902B010BD00BFAF
:1028B00010B5074C82B08446CDE9002320680A4653
:1028C0004FF0FF33614602F09BF902B010BD00BF2C
:1028D000B82500200CB400B583B004AB53F8042B2A
:1028E000019300F06DFF03B05DF804EB02B0704798
:1028F0000EB410B583B005AB064C53F8042B01930E
:102900000146206800F05CFF03B0BDE8104003B052
:10291000704700BFB82500202DE9F04F9368176875
:1029200083B09246002B70D081468A6808680C46B6
:10293000083743E0A38913F4906F2ED0D4E904162E
:10294000A0EB010806EB460606EBD67608F101007F
:1029500076102844B042324684BF064632465B05B4
:1029600037D511464846F8F7A9FC019000283AD01F
:1029700042462169E6F7D8FFA289019B22F49062C2
:1029800042F08002A281A6EB080203EB0800666118
:10299000A260236120602E46A84642465946F9F7B8
:1029A000D9FEDAF80830A2682068921B40445B1B0D
:1029B000A2602060CAF808303BB3083757E902B577
:1029C000002DFAD0AA4216469046B3D92E46A84604
:1029D000E3E74846F8F75CFF03460028D3D12169B6
:1029E0004846FBF7EBFBA3890C2243F04003C9F8F0
:1029F00000204FF0FF30A38100220023CAF80820F6
:102A0000CAF8043003B0BDE8F08F00200023CAF8F4
:102A1000043003B0BDE8F08F2DE9F04F2DED028BAF
:102A2000C5B00C460DF1500A08EE101A8346164642
:102A30000021082250460893F9F708FFA3891F06D2
:102A400003D52369002B00F05B850023CDE9193302
:102A5000CDE90D331BAA0C93189291460B93049366
:102A6000B0464446974BD3F8E450FAF7A3FF22460A
:102A7000034612A9CDF800A05846A847002800F048
:102A80002381C0F21681129A252A034601D01C44E4
:102A9000E8E7B4EB0806054640F01A8100236178A8
:102AA0008DF8433004F1010806934FF0FF371E46BE
:102AB0002B2408F10108A1F120035A2B00F23A81DE
:102AC000DFE813F08C023801380187023801380141
:102AD00038016A00380138017C0272023801F200C4
:102AE0005902380177025B005B005B005B005B0012
:102AF0005B005B005B005B00380138013801380186
:102B000038013801380138013801000284003801E9
:102B100038013801380138013801380138013801ED
:102B20003801AE00380138013801CB013801970275
:102B300038013801EA043801380138013801380118
:102B400038013801380138013801000286003801A7
:102B500038013801CA0286007F003801BD02380101
:102B6000AA02B000D7027F003801CB017C00E80444
:102B700038013801C80438017C00A1F1300300227B
:102B800018F8011B02EB820203EB4202A1F13003B1
:102B9000092BF5D906928EE75846FEF761FE436889
:102BA0000D931846FBF798F90E9005465846FEF728
:102BB00057FE83680B93002D40F03D8498F8001079
:102BC00077E798F8001046F0200672E746F0100606
:102BD000B40640F13781089B073323F007031A46F8
:102BE000596852F8083B08920A460029C0F29E81B3
:102BF000791C00F0B88426F0800653EA020103969F
:102C000000F085830A2B72F1000180F0A683303337
:102C10008DF80F310123039E05930DF20F1430E060
:102C200046F0100616F0200200F0FF80089B0733E4
:102C300023F0070319465A6851F8083B089126F417
:102C400080610391002100207E1C8DF8430000F07C
:102C50007981039820F0800653EA020040F0C68292
:102C6000002F40F08384002940F05483039B13F02D
:102C70000103059300F0CD8330238DF80F310DF261
:102C80000F14059BBB42B8BF3B4603930023079339
:102C90009DF84330002B5BD0039B0133039357E037
:102CA000069A08935242069298F8001046F00406DD
:102CB000FFE6082200215046F9F7C8FD01231C4415
:102CC000D0E600BF002B0020B4EB0806054611D06B
:102CD0001A9B33441A93199B0133072BC9E90086C9
:102CE00019931CDC09F10809049B33440493002D5B
:102CF0007FF4D4AE1A9B002B40F0CB8418EE103A30
:102D0000B3F90C3013F0400F049B18BF4FF0FF33A2
:102D10000493049845B0BDEC028BBDE8F08F18EE2B
:102D2000101A18AA5846FFF7F7FD0028E6D10DF152
:102D30006C09D9E70029DDD000238DF84330012349
:102D40008DF8AC10039305932BAC002307931F461B
:102D500016F00203099302D0039B0233039316F08B
:102D600084030A9305D1069B039A9D1A002D00F354
:102D70003F82DDE919219DF8430078B1013201312C
:102D800001230DF14300072ACDE91921C9F80430C8
:102D9000C9F8000000F3658209F10809099B7BB1BD
:102DA000013211AB0231C9F80030072A4FF002039B
:102DB000CDE91921C9F8043000F3608209F108094E
:102DC0000A9B802B00F08381059BFD1A002D00F3E8
:102DD000BF81059BC9F8004001321944072ACDE99B
:102DE0001921C9F8043000F3E48109F108097007DA
:102DF00005D5069B039A9C1A002C00F34C82049B79
:102E0000069A03988242ACBF9B181B1804930029B2
:102E100040F0DA8100231993079B1BB107995846AC
:102E2000FBF7CCF90DF16C091BE616F010030899BD
:102E30006DD116F0400066D01A4651F8043B089157
:102E40009BB2FCE6F006089A68D4710663D532F9A5
:102E5000043B0892DA171146C7E6089B1A4600237E
:102E60008DF84330134653F8044B0393002C00F0C5
:102E70009983532903D016F0100500F02A8300210E
:102E8000082216A81394F9F7E1FC791C00F0A58339
:102E9000002507942C460CE02BA95846FFF7AAFC06
:102EA000421C204400F01D84B84208DC00F022845B
:102EB0000446139A525916AB0435002AECD10594F6
:102EC000079C97E3432902D0F50640F1F782089D5D
:102ED0000822002116A82BACF9F7B8FC16AB55F860
:102EE000042B21465846FFF785FC03460133059025
:102EF00000F0F783059B089523EAE373039300230F
:102F00008DF8433021E716F4007240F0AD8351F89C
:102F1000043B089193E6B30500F1968352F8043B15
:102F20000892DA1711460029BFF662AE5B4262EBE7
:102F3000420203962D207E1C4FF001018DF84300C4
:102F40007FF487AE01293FF45DAE022944AC40F026
:102F5000A0800C9803F00F011B09415C04F8011DCF
:102F600043EA0273120953EA0201F3D1039E44AB10
:102F70001B1B059385E6424612F8011B2A2900F027
:102F8000BC83A1F13003092B90464FF000073FF6B8
:102F900092AD18F8011B07EB870703EB4707A1F178
:102FA0003003092BF5D986E598F800108DF84340D9
:102FB0007FE598F8001046F080067AE5089B53F804
:102FC000042B0692002AFFF66BAE98F800100893C7
:102FD0006FE598F8001046F001066AE59DF8433069
:102FE000002B7FF4EBAD202398F800108DF84330D0
:102FF0005FE546F010030393039B13F0200200F0FB
:103000008D81089B073323F0070319465A6851F84E
:10301000083B0891012116E6B70600F10282F50689
:1030200000F1B882740600F12C83B00540F1B28241
:10303000089B049953F8042B0893117011E598F834
:1030400000106C2903BF98F8011046F0200608F123
:10305000010846F010062CE598F80010682903BF17
:1030600098F8011046F4007608F1010846F0400691
:103070001FE5089A46F00203039352F8043B0892B6
:1030800047F63002ADF84420BA4A0C9202210022E1
:10309000D9E503F00701DB0843EA4273D208303177
:1030A00053EA0205204604F8011DF2D1039EF507FC
:1030B0007FF55DAF30293FF459AF3023023804F873
:1030C000013C44AB1B1A039E05930446D9E5069BBD
:1030D00003981D1A002D7FF777AE102D25DD09947A
:1030E000102318EE104A084604E0103D102D09F197
:1030F000080918DD0132A0491030072AC9E9001378
:10310000CDE91920F1DD18AA214658460DF16C09C8
:10311000FFF702FC002860D1103D102DDDE91920D9
:103120004FF01003E6DC099C01460132924BC9F8CE
:1031300004502944072ACDE91921C9F8003000F3C9
:103140001B82059BFD1A002D09F108097FF741AE8E
:10315000102D1FDD4B46102718EE109A04E0103D8D
:10316000102D03F1080314DD013283481031072AC2
:10317000C3E90007CDE91921F1DD18AA49465846EF
:10318000FFF7CAFB48BB103D102DDDE919211BAB31
:10319000EADC99460132784BC9F804502944072AE1
:1031A000CDE91921C9F8003000F3C98009F10809F7
:1031B0000FE618EE101A18AA5846FFF7ADFB60B9D3
:1031C0001A990DF16C0912E618EE101A18AA584651
:1031D000FFF7A2FB00283FF41DAE079B002B3FF436
:1031E0008DAD07995846FAF7E9FF87E50396A9E6FA
:1031F000102DDDE9192125DD0F94102318EE104A5A
:10320000084604E0103D102D09F1080918DD0132CF
:103210005A491030072AC9E90013CDE91920F1DD18
:1032200018AA214658460DF16C09FFF775FB0028D6
:10323000D3D1103D102DDDE919204FF01003E6DC4D
:103240000F9C014601324D4BC9F804502944072A0E
:10325000CDE91921C9F8003000F3778109F1080997
:1032600089E518EE101A18AA5846FFF755FB0028F2
:10327000B3D1DDE919210DF16C098FE518EE101AB3
:1032800018AA5846FFF748FB0028A6D1DDE9192106
:103290000DF16C0994E5102C199B21DD18EE106AD4
:1032A00010250A4604E0103C102C09F1080916DD2F
:1032B000013332491032072BC9E90015CDE9193223
:1032C000F1DD18AA31465846FFF726FB002884D1C5
:1032D000103C102CDDE919320DF16C09E8DC1146C7
:1032E0000133264AC9F804402144072BCDE919319E
:1032F000C9F800207FF783AD18EE101A18AA5846B7
:10330000FFF70AFB00287FF468AF1A9977E5002FD2
:103310007FF47DAC0027059744ACB2E4039B13F027
:10332000100378D1039A12F0400000F0468108990A
:103330001A4651F8043B08919BB2012183E418EE30
:10334000101A18AA5846FFF7E7FA00287FF445AF8D
:10335000DDE919210DF16C093BE50399059744ACB2
:103360009E4608EE90BA01F480664FF0000C2346AA
:103370000DE000BF602400207C0900206C090020C3
:10338000BEF10A0F72F100023AD3A6462A46B249AC
:103390001EEB020040F100000F46A1FB001424F0D8
:1033A000030101EB9401401ABEEB00014FF0CC3554
:1033B00062F1000405FB01F507FB0455A1FB074181
:1033C0000D44052704F00101A1FB071B091864083F
:1033D000303103F8011C44EAC5740CF1010C013BC7
:1033E0006D08002ECCD00B9909786145C8D1BCF18D
:1033F000FF0FC5D0BEF10A0F72F1000280F08D8080
:103400001C4644AB1B1B059F039E059318EE90BA08
:1034100037E444AC35E4089951F8043B08910121A4
:1034200011E4089B049853F8041B0893C217C1E9E0
:103430000002FFF716BB0B9B002B3FF4BFAB0B9BAF
:103440001B78002B3FF4BAAB98F8001046F4806666
:10345000FFF72FBB814B0C9316F0200221D0089B65
:10346000073323F0070318465A6850F8083B0890C2
:10347000F00709D553EA020006D08DF84510302137
:1034800046F002068DF8441026F480610391022173
:10349000FFF7D9BB0396AFE5714B0C9316F02002F2
:1034A000DDD116F0100308984BD116F0400444D03B
:1034B0001A4650F8043B08909BB2D9E7089B0121BB
:1034C00053F8042B03918DF8AC20089305912BAC95
:1034D00015E57B1C00F0F8803A4629462046FEF7A9
:1034E000CBF90790002800F0E880031B039A0593AE
:1034F00023EAE3732F46089203930795FFF7C8BBAF
:1035000040215846F7F7DAFE20602061002800F0DD
:10351000FF8040236361FFF798BA0E9A0D999B1ABA
:1035200018460793F9F790FA0B99079B4A780AB166
:1035300001310B914FF0000C27E716F4007240F0B8
:103540009A8050F8043B089092E718EE101A18AAD7
:103550005846FFF7E1F900287FF43FAEDDE9192175
:103560000DF16C0907E40396FFF74CBB01290396A4
:103570007FF4EBACFFF74BBB18EE101A18AA5846B5
:10358000FFF7CAF900287FF428AEDDE919210DF113
:103590006C0919E4089B049953F8042B11600893F3
:1035A000FFF75FBA062F3B46039A2E4C089228BFBE
:1035B000062305930393FFF7C8BB039B089913F4F5
:1035C000007214BF51F8043B51F8043B08911CBF32
:1035D0000246DBB20121FFF736BB16AB0093002396
:1035E000194613AA5846FFF757F9034601330590C9
:1035F00077D01394059BFBB1632B56DC0023079314
:103600002BAC0822002116A8F9F720F9059D16AB6E
:10361000009313AA2B4621465846FFF73DF98542F1
:103620007ED1039B059A08930023A3541F4622EAE8
:10363000E2730393FFF72CBB039B0893059B039353
:103640001F460793FFF724BB12F9043B0892DA17D1
:103650001146FFF7CABA00BFCDCCCCCC6024002005
:10366000742400208824002051F8043B089102466D
:10367000DBB2FFF7E4BA50F8043B08902246DBB215
:10368000F6E6089B049953F8042B08931180FFF782
:10369000E8B918EE104A18EE101A18AA5846FFF7A3
:1036A0003BF9B4F90C30FFF72DBB591C5846F7F71E
:1036B00005FE0446A8B10790A3E7039B059703976F
:1036C0000893079FFFF7E4BA039B08932046FAF795
:1036D00003FC20EAE0732F46059003930795FFF75C
:1036E000D7BA18EE102AB2F90C3043F04003938198
:1036F000FFF708BB079C05977CE7089B98F801102B
:1037000053F8047B0893904647EAE777FFF7D1B96F
:103710000C23CBF800304FF0FF330493FFF7F9BAD6
:1037200018EE102A938943F04003938155E500BFBA
:103730002DE9F84F4B6E9C0490462DD59368126886
:1037400043B38B46064602F1080959E9025A5FEA7B
:103750009A0715D0043D002401E0A7420ED055F889
:10376000041F5A46304601F031F9431C04F10104AC
:10377000F3D10023C8E90133BDE8F88FD8F8083049
:103780002AF0030AA3EB0A03C8F8083009F1080974
:10379000002BDAD10020ECE7FDF7D4FD0023C8E9C7
:1037A0000133BDE8F88F00BF10B4946814B15DF820
:1037B000044BBDE7204654605DF8044B704700BFE2
:1037C0002DE9F04F2DED028BC5B00DF1500A834667
:1037D00008EE101A16460021082250461C46079390
:1037E000F9F734F8BBF1000F04D0DBF83430002BCC
:1037F00000F0A08618EE102A536EDB0740F1138507
:10380000B2F90C108AB295040BD418EE103A41F4B8
:10381000005199815B6E8AB218EE101A23F400539E
:103820004B66100740F1058118EE103A1B69002B1A
:1038300000F0FF8002F01A030A2B00F00A81002337
:10384000CDE91933CDE90D331BAA0C93189291469B
:103850000B930593B0464446A84BD3F8E450FAF7CF
:10386000A9F82246034612A9CDF800A05846A84759
:10387000002800F04581C0F23981129A252A0346BA
:1038800001D01C44E8E7B4EB0806054640F03C8153
:10389000002361788DF8433004F1010806934FF05E
:1038A000FF371E462B2408F10108A1F120035A2BF3
:1038B00000F27881DFE813F0B50276017601B002FC
:1038C0007601760176016A00760176017D028D022D
:1038D000760188029702760192025B005B005B0032
:1038E0005B005B005B005B005B005B0076017601C8
:1038F00076017601760176017601760176015C0229
:1039000084007601760176017601760176017601F2
:10391000760176017601E8007601760176013302C0
:103920007601DA02760176018B0576017601760161
:1039300076017601760176017601760176015C02E8
:103940008600760176017601CD0286007F00760141
:10395000C0027601FD02EA00ED027F00760133022B
:103960007C006905760176016B0576017C00A1F18A
:103970003003002218F8011B02EB820203EB420223
:10398000A1F13003092BF5D906928EE75846FDF7D1
:1039900067FF43680D931846FAF79EFA0E900546A6
:1039A0005846FDF75DFF83680B93002D40F0D684E9
:1039B00098F8001077E798F8001046F0200672E7B4
:1039C00046F01006B40640F18E81079B073323F0C2
:1039D00007031A46596852F8083B07920A4600291D
:1039E000C0F27084791C00F0A28526F0800103915A
:1039F00053EA020100F03F840A2B72F1000180F0CB
:103A0000418530338DF80F31039E012304930DF26D
:103A10000F14049BBB42B8BF3B460393002308939B
:103A20009DF84330002B00F0CB80039B01330393C0
:103A3000C6E018EE101A584618EE105AFDF7FCFDB5
:103A4000002840F05286AA8902F01A030A2B7FF45C
:103A5000F6AE18EE101AB1F90E30002BFFF6EFAEED
:103A60004B6EDB0702D4970540F1128618EE101A50
:103A700023463246584600F077FE0590059845B03B
:103A8000BDEC028BBDE8F08F46F0100616F0200268
:103A900000F03681079B073323F0070319465A6865
:103AA00051F8083B079126F4806103910021002022
:103AB0008DF84300781C00F01082039820F08006F7
:103AC00053EA020040F00882002F40F038850029B8
:103AD00040F0D583039B13F00103049300F011849D
:103AE00030238DF80F310DF20F1492E708220021D8
:103AF0005046F8F7ABFE01231C44ADE6002B002036
:103B0000B4EB080605461BD0199B1A9A01333244C0
:103B1000072BC9E900861A9219931CDD002A00F0D0
:103B2000A68318EE101A18AA5846FFF701FE20BB0C
:103B30000DF16C09059B33440593002D7FF4A8AE6D
:103B40001A9B002B40F0C18518EE103A0022B3F901
:103B50000C30199215E009F10809EBE718EE101A7C
:103B600018AA5846FFF7E4FD002800F0A680089B3D
:103B70001BB108995846FAF721FB18EE103AB3F931
:103B80000C3018EE102A526E12F0010F9AB200F0AB
:103B9000A080500600F1B285059845B0BDEC028BBF
:103BA000BDE8F08F0029CBD000238DF843300123EE
:103BB000CDE903338DF8AC102BAC002308931F46DE
:103BC00016F00203099302D0039B0233039316F00D
:103BD00084030A9305D1069B039A9D1A002D00F3D6
:103BE0007B82DDE91903411C9DF8432082B101224B
:103BF0000133C9F8042007290DF14302CDE9191357
:103C0000C9F8002000F34A82084609F10809013189
:103C1000099AE2B111AA0233C9F8002007294FF02E
:103C20000202CDE91913C9F8042040F35082002B99
:103C300000F0438318EE101A18AA5846FFF778FDD3
:103C4000002894D1DDE919030DF16C09411C0A9A91
:103C5000802A00F08481049ABD1A002D00F3D781D8
:103C6000049AC9F8004013440729CDE91913C9F88B
:103C7000042040F36E81002B00F0758218EE101ABC
:103C800018AA5846FFF754FD00287FF470AF1A9B1E
:103C90000DF16C09750705D5069A0399541A002C85
:103CA00000F36B82DDE9052103988142ACBF521815
:103CB00012180592002B7FF451AF08990023199335
:103CC000002900F049815846FAF778FA0DF16C099D
:103CD000C1E59C053FF55DAF18EE104AA06DF9F700
:103CE00029FFA28955E7F006079A00F11F837106A4
:103CF00040F1198332F9043B0792DA1711466EE658
:103D000016F01003079940F0098316F0400000F008
:103D100001831A4651F8043B07919BB2C3E6079B07
:103D20001A4600238DF84330134653F8044B03938F
:103D3000002C00F01284532900F0658316F0100562
:103D400040F061837B1C00F0B3843A46294620464C
:103D5000FDF792FD0890002800F09F84031B039A52
:103D6000049323EAE3732F4607920393089557E6DB
:103D7000432902D0F50640F12D83079D082200213A
:103D800016A82BACF8F762FD16AB55F8042B2146AC
:103D90005846FEF72FFD03460133049000F0B3842C
:103DA000049B079523EAE373039300238DF84330C4
:103DB00003E7079B53F8042B0692002A80F29C82AB
:103DC000069A5242CDE9062398F8001046F0040600
:103DD00069E598F800108DF8434064E598F8001004
:103DE00046F080065FE5424612F8011B2A2900F0E2
:103DF0009684A1F13003092B90464FF000073FF65F
:103E000054AD18F8011B07EB870703EB4707A1F137
:103E10003003092BF5D948E598F8001046F0010663
:103E200041E59DF84330002B7FF4C2AD202398F884
:103E300000108DF8433036E598F800106C2903BF68
:103E400098F8011046F0200608F1010846F0100627
:103E500029E598F80010682903BF98F8011046F486
:103E6000007608F1010846F040061CE546F0100314
:103E70000393039B13F0200200F00682079B073395
:103E800023F0070319465A6851F8083B07910121AE
:103E90000DE6079A46F00203039352F8043B07929B
:103EA00047F63002ADF84420B84A0C9202210022B5
:103EB000FDE5B70600F14882F50600F14683740679
:103EC00000F1D583B00540F14083079B059953F875
:103ED000042B07931170BEE4039601293FF48CADC7
:103EE000022944AC11D10C9803F00F011B09415C6D
:103EF00004F8011D43EA0273120953EA0201F3D1E7
:103F0000039E44AB1B1B049383E503F00701DB080E
:103F100043EA4273D208303153EA0205204604F8DE
:103F2000011DF2D1039EF307EBD53029E8D03023F1
:103F3000023804F8013C44AB1B1A039E0493044668
:103F400067E5049B1B9401221C931A9319920DF1AF
:103F50006C0909F108099DE60DF16C097BE4069AEC
:103F6000039D551B002D7FF776AE102D40F3BB83CC
:103F7000099418EE104A07E000F1020C09F1080953
:103F80001046103D102D1EDD8149C9F80010421C5D
:103F900010331021072ACDE91923C9F80410EBDDED
:103FA00018AA002B74D0214658460DF16C09FFF772
:103FB000BFFB00287FF4DBADDDE91903103D102DB8
:103FC00000F1010CE0DC099C714AC9F804502B4453
:103FD000BCF1070FCDE919C3C9F8002040F3948163
:103FE000002B00F01F8318EE101A18AA5846FFF78E
:103FF0009FFB00287FF4BBAD049ADDE91903BD1ACD
:10400000002D00F101010DF16C097FF729AE102D93
:1040100029DD0994102718EE104A07E000F1020C80
:1040200009F108091046103D102D1ADD421C5849AF
:104030001033072AC9E90017CDE91923EEDD18AAC4
:1040400003B3214658460DF16C09FFF771FB0028B8
:104050007FF48DADDDE91903103D102D00F1010C49
:10406000E4DC099C61464A4AC9F804502B440729FC
:10407000CDE91913C9F8002000F3E78009F1080918
:104080000131EDE54FF0010C18460DF16C09CAE75E
:104090004FF0010C18460DF16C0972E7002B00F08F
:1040A000048118EE101A18AA5846FFF741FB0028A1
:1040B0007FF45DADDDE919030DF16C09411CA7E545
:1040C000022311AA1C931B9201210DF16C090846D1
:1040D00009F10809411CBAE5102D40F3E582DDE93C
:1040E00019130F94084618EE104A07E000F1020C6D
:1040F00009F108091046103D102D1DDD2549C9F8AC
:104100000010421C10331021072ACDE91923C9F8E9
:104110000410EBDD18AA03B3214658460DF16C09D3
:10412000FFF706FB00287FF422ADDDE91903103DFF
:10413000102D00F1010CE1DC0F9C6046154AC9F816
:1041400004502B440728CDE91903C9F8002000F3D7
:10415000C18009F10809411C46E518464FF0010CE1
:104160000DF16C09C7E77607199353D5069A0399A1
:10417000541A002C4EDD0DF16C09102C40F3B08266
:10418000199918EE106A10250DE000BF6024002078
:104190009C0900208C090020881C09F1080911469F
:1041A000103C102C1ADD4A1CB3481033072AC9E909
:1041B0000005CDE91923EFDD18AA33B3314658467F
:1041C000FFF7B6FA00287FF4D2ACDDE91913103CF2
:1041D000102C01F101000DF16C09E4DCA64AC9F8CC
:1041E000044023440728CDE91903C9F800207FF7CC
:1041F00059AD7BB118EE101A18AA5846FFF798FA75
:1042000000287FF4B4AC1A9B4CE5012019460DF14F
:104210006C09C5E7DDE9053203998A42ACBF9B18FA
:104220005B18059349E5B2F90C108F0518EE103AAA
:104230008AB23FF5E8AA18EE105A986DF9F772FCA9
:10424000B5F90C108AB2FFF7DEBA002B3FF479AE55
:1042500018EE101A18AA5846FFF76AFA00287FF4D9
:1042600086AC19991A9B01310DF16C09F8E4199289
:104270000DF16C095EE4002F7FF4C3AB039E0027B1
:10428000049744ACFFF7C5BB039B13F0100354D154
:10429000039A12F0400000F06B8107991A4651F81A
:1042A000043B07919BB2012101E4099A002A64D1E1
:1042B000184601210DF16C09C9E4012118460DF1E0
:1042C0006C09C4E45B4262EB420203962D2001219B
:1042D000FFF7EEBB002B00F0888018EE101A18AA2A
:1042E0005846FFF725FA00287FF441ACDDE91903B1
:1042F0000DF16C09411C77E498F800100793FFF763
:10430000D2BA44ACFFF785BB09F108090CF10101F1
:104310006046A0E416F4007240F0978151F8043B27
:104320000791FFF7C0BBB30500F1888152F8043B49
:104330000792DA171146FFF752BB079951F8043B71
:1043400007910121FFF7B3BB079B059853F8041BA6
:104350000793C217C1E90002FFF77DBA0B9B002B40
:104360003FF426AB0B9B1B78002B3FF421AB98F856
:10437000001046F48066FFF796BA022311AA1C9338
:104380001B9201200DF16C09A2E6039671E53B4BEF
:104390000C9316F0200259D0079B073323F0070334
:1043A00018465A6850F8083B0790F40709D553EAB5
:1043B000020006D08DF84510302146F002068DF837
:1043C000441026F4806103910221FFF770BB2C4B4F
:1043D0000C93DEE7079B012153F8042B03918DF822
:1043E000AC20079304912BACDFE49DF84320002A16
:1043F00040F03281099A002A7FF462AE184601210A
:104400000DF16C0927E40021082216A81394F8F78F
:104410001DFA791C00F0BC80002507942C460CE0A6
:104420002BA95846FEF7E6F9421C204400F06B81A8
:10443000B84208DC00F070810446139A525916AB5A
:104440000435002AECD10494079CAFE016F0100369
:1044500007980CD116F0400405D01A4650F8043BDA
:1044600007909BB2A1E716F4007240F0E18050F88B
:10447000043B079099E700BF8C09002060240020CE
:10448000742400200399049744AC9E4608EE90BA29
:1044900001F480664FF0000C234606E0BEF10A0FDF
:1044A00072F1000239D3A6462A46A6491EEB020045
:1044B00040F100000F46A1FB001424F0030101EBC2
:1044C0009401401ABEEB00014FF0CC3562F10004BC
:1044D00005FB01F507FB0455A1FB07410D4405272A
:1044E00004F00101A1FB071B09186408303103F82F
:1044F000011C44EAC5740CF1010C013B6D08002E4F
:10450000CCD00B9909786145C8D1BCF1FF0FC5D05B
:10451000BEF10A0F72F100026CD21C4644AB1B1BA9
:10452000049F039E049318EE90BAFFF772BA0396A5
:10453000FFF762BA5846F7F72DFEFFF75BB901297E
:1045400003967FF4CDACFFF75CBA079B059953F84F
:10455000042B11600793FFF77EB9062F3B46039AA1
:10456000794C079228BF062304930393FFF725BBDA
:10457000039B079913F4007214BF51F8043B51F8E0
:10458000043B07911CBF0246DBB20121FFF78FBA43
:1045900016AB00930023194613AA5846FEF77CF980
:1045A00003460133049000F0AE801394049B002B6B
:1045B00030D0632B63DC002308932BAC082200214E
:1045C00016A8F8F743F9049D16AB009313AA2B46DF
:1045D00021465846FEF760F9854240F0AB80039BC8
:1045E000049A07930023A3541F4622EAE27303931D
:1045F000FFF716BA0E9A0D999B1A18460893F8F70A
:1046000023FA0B99089B4A780AB101310B914FF0BC
:10461000000C48E7039B0793049B03931F460893F2
:10462000FFF7FEB9012118460DF16C09FFF713BB26
:1046300050F8043B07902246DBB2B6E612F9043B81
:104640000792DA171146FFF7CAB951F8043B0791F0
:104650000246DBB2FFF727BA01231C9301210DF1BB
:1046600043031B930DF16C090B46FFF7CDBA079B73
:10467000059953F8042B07931180FFF7ECB8591CE8
:104680005846F6F71BFE044600283CD0089095E7F4
:10469000886DF9F74FFAFFF7E9B9039B0793CDE966
:1046A0000377089FFFF7BCB919981A9B013045E5BD
:1046B000039B07932046F9F70FFC20EAE0732F468F
:1046C000049003930895FFF7ABB918EE101A18AAD7
:1046D0005846FFF72DF800283FF436AAFFF74DBAE9
:1046E000199801307AE58C466EE46B6ED90705D4D3
:1046F000AB899A0502D4A86DF9F71CFA4FF0FF3385
:104700000593FFF749BA18EE102AB2F90C3043F0BE
:1047100040039381FFF735BA079C049746E7079B50
:1047200098F8011053F8047B0793904647EAE7771F
:10473000FFF7B9B818EE102A938943F0400393812C
:10474000FFF715BACDCCCCCC8824002010B4054C92
:104750008446134620685DF8044B0A466146FFF71D
:104760002FB800BFB825002070B50C468989ADF57B
:104770008E6D21F00201ADF81410616E1B91E1897C
:10478000ADF81610E1690991616A0B911CA90291BB
:1047900006914FF4806106460491079118A8002104
:1047A000CDE900320891F9F7B5F9DDE9003202A947
:1047B0003046FFF705F8051E07DB02A93046FCF777
:1047C0005DFD002818BF4FF0FF35BDF814305B06C3
:1047D00003D5A38943F04003A3811898F9F79EF904
:1047E00028460DF58E6D70BD2DE9F0418B890C4684
:1047F000990796B008D504F143030122C4E90432B5
:10480000236016B0BDE8F081B4F90E100029064609
:1048100025DB6A4600F048F900281FDB019D05F4FE
:104820007045A5F50055B5FA85F54FF480686D091A
:104830004FF4006741463046F6F740FDE0B1B4F969
:104840000C30C4F8148043F0800320602061A38101
:1048500035BB3B43A38116B0BDE8F081A38913F0BB
:10486000800519D04FF040080025414630462F46BC
:10487000F6F724FD0028E2D1B4F90C309A05C0D433
:1048800023F0030304F1430243F002030121C4E9CE
:104890000421A3812260B4E74FF480682F46C9E762
:1048A000B4F90E10304600F015F910B9B4F90C3017
:1048B000CFE7A38923F0030343F001031BB2C8E74A
:1048C00070B50C46B1F90E10002996B015461E467B
:1048D00014DB6A4600F0E8F800280FDB019901F4C8
:1048E0007041A1F50051B1FA81F14FF4806349099B
:1048F0004FF4006031602B6016B070BDA18911F0DB
:10490000800106D000214023084631602B6016B09C
:1049100070BD4FF48063084631602B6016B070BDE7
:104920002DE9F04782B0824688461446F9F742F8EE
:10493000012803D108F1FF33FE2B37D96D464246DB
:1049400004F15C0329465046FDF754FF421C06461D
:1049500033D030B39DF800C0C5F101090AE02368E7
:104960005A1C226083F800C009EB0503B34218D239
:1049700015F801CFA368013B002BA360EFDAA7690C
:10498000BB4261462246504602DBBCF10A0FE6D12B
:1049900000F05EF9431CE7D10646304602B0BDE8A0
:1049A000F0874646304602B0BDE8F0875FFA88FCE3
:1049B0008DF800C006466D46CEE7A389304643F029
:1049C0004003A38102B0BDE8F08700BF30B5536E4D
:1049D00013F0010FB2F90C30144683B005469AB2B9
:1049E00001D198051CD5900406D4626E43F400539F
:1049F00042F40052A381626622462846FFF790FFE8
:104A0000636EDA07054602D4A3899B0502D52846C2
:104A100003B030BDA06DF9F78DF8284603B030BD66
:104A2000A06D0191F9F77EF8B4F90C3001999AB2B2
:104A3000D9E700BF1B4B70B51E6805460C460EB18A
:104A4000736B5BB3636E13F0010FB4F90C309AB261
:104A500001D198051BD5910406D4626E43F400532E
:104A600042F40052A3816266224629463046FFF78F
:104A700057FF636EDA07054602D4A3899B0501D56B
:104A8000284670BDA06DF9F755F8284670BDA06D99
:104A9000F9F748F8B4F90C309AB2DCE73046F7F78A
:104AA00079FBCFE7B825002070B50C46084D0346CA
:104AB0000026204611461C462E60E5F7A3F9431C4C
:104AC00000D070BD2B68002BFBD0236070BD00BFF1
:104AD0000891002038B5074D0022044608462A6098
:104AE000E5F796F9431C00D038BD2B68002BFBD0AE
:104AF000236038BD089100202DE9F04F8BB0DDE92F
:104B0000158A149F0391814605921E46B8F1000F45
:104B10005CD0039B002B5ED0059B1D68002F6AD0E4
:104B2000741E4EB3039B0493043D002601950BE0D5
:104B3000039B2BBB019B1A68002A3AD0BC455CD270
:104B4000013C631C664617D0D8F800300293019BE5
:104B5000DAF8E05053F8042F019307A9434648467A
:104B6000D8F804B0A847421C3AD000EB060CBC456C
:104B7000DED9029BC8E9003B30460BB0BDE8F08FA0
:104B800000280EDD049B019D18445A1E07A900F160
:104B9000FF3E11F8013B02F8013F7245F9D1019542
:104BA0000490059B1A6804321A60019B1A68002A57
:104BB000C4D1039B0BB1059B1A600CF1FF36002298
:104BC0003046C8F800200BB0BDE8F08F039B00F51D
:104BD0008678002BA0D1059B4FF0FF371D689FE71B
:104BE00006468A2100223046C9F80010C8F8002085
:104BF0000BB0BDE8F08F3E46BEE76646BCE700BF9F
:104C000010B584B0054C06980090079801900448B0
:104C100000680294FFF770FF04B010BD002B002065
:104C2000B825002000B585B0844600930648069B51
:104C30000193064B0068029313460A466146FFF74C
:104C40005BFF05B05DF804FBB8250020002B0020B9
:104C5000F8B50D461446064610B1436B002B4CD0F8
:104C6000B4F90C20A369A360170790B21BD5236980
:104C7000CBB1EDB281042F4622D522686169D31AE7
:104C8000994229DD0133A1680139A160511C2160DD
:104C9000157062699A4227D0A389DB0701D50A2DD6
:104CA00022D03846F8BD21463046FCF7C5FC08BB8B
:104CB000B4F90C20236990B2EDB281042F46DCD404
:104CC00042F40052A281626E616922F4005262666F
:104CD0002268D31A9942D5DC21463046FCF7CEFA39
:104CE00040B922680123CEE721463046FCF7C6FAD8
:104CF0000028D6D04FF0FF37D3E7F7F74BFAAFE7EE
:104D000010B4044C03460A4620685DF8044B19466B
:104D1000FFF79EBFB82500205FF800F0B11F0060CC
:104D20005FF800F0091F00605FF800F0891700606D
:084D300000000000000000007B
:044D3800F8B500BF0B
:084D3C003864FE7F0100000055
:104D4400000000000000000000000000000000005F
:104D5400000000000000000000000000000000004F
:104D6400000000000000000000000000000000003F
:104D7400000000000000000000000000000000002F
:104D8400000000000000000000000000000000001F
:104D9400000000000000000000000000000000000F
:104DA40000000000000000000000000000000000FF
:104DB40000000000000000000000000000000000EF
:104DC40000000000000000000000000000000000DF
:104DD40000000000000000000000000000000000CF
:104DE40000000000000000000000000000000000BF
:104DF40000000000000000000000000000000000AF
:104E0400000000000000000000000000000000009E
:104E1400000000000000000000000000000000008E
:104E2400000000000000000000000000000000007E
:104E3400000000000000000000000000000000006E
:104E4400000000000000000000000000000000005E
:104E5400000000000000000000000000000000004E
:104E6400000000000000000000000000000000003E
:104E7400000000000000000000000000000000002E
:104E8400000000000000000000000000000000001E
:104E9400000000000000000000000000000000000E
:104EA40000000000000000000000000000000000FE
:104EB40000000000000000000000000000000000EE
:104EC40000000000000000000000000000000000DE
:104ED40000000000000000000000000000000000CE
:104EE40000000000000000000000000000000000BE
:104EF40000000000000000000000000000000000AE
:104F0400000000000000000000000000000000009D
:104F1400000000000000000000000000000000008D
:104F2400000000000000000000000000000000007D
:104F3400000000000000000000000000000000006D
:104F4400000000000000000000000000000000005D
:104F5400000000000000000000000000000000004D
:104F6400000000000000000000000000000000003D
:104F7400000000000000000000000000000000002D
:104F8400000000000000000000000000000000001D
:104F9400000000000000000000000000000000000D
:104FA40000000000000000000000000000000000FD
:104FB40000000000000000000000000000000000ED
:104FC400047DC12502000000FFD7F232000000007A
:104FD40005000000190000007D0000000000000032
:104FE400000000000000F03F00000000000024402A
:104FF40000000000000059400000000000408F4005
:10500400000000000088C34000000000006AF8406F
:105014000000000080842E4100000000D012634193
:105024000000000084D797410000000065CDCD4109
:10503400000000205FA00242000000E876483742EA
:10504400000000A2941A6D42000040E59C30A24288
:105054000000901EC4BCD64200003426F56B0C43FD
:105064000080E03779C3414300A0D88557347643A4
:1050740000C84E676DC1AB43003D9160E458E14305
:10508400408CB5781DAF154450EFE2D6E41A4B447A
:1050940092D54D06CFF08044F64AE1C7022DB544BF
:1050A400B49DD9794378EA44BC89D897B2D29C3C60
:1050B40033A7A8D523F649393DA7F444FD0FA532FB
:1050C4009D978CCF08BA5B25436FAC642806C80A49
:1050D4000080E03779C34143176E05B5B5B89346F0
:1050E400F5F93FE9034F384D321D30F94877825ABC
:1050F4003CBF737FDD4F1575000000000000000009
:10510400000000000000000000000000000000009B
:10511400000000000000000000000000000000008B
:10512400000000000000000000000000000000007B
:10513400000000000000000000000000000000006B
:10514400000000000000000000000000000000005B
:10515400000000000000000000000000000000004B
:10516400000000000000000000000000000000003B
:10517400000000000000000000000000000000002B
:10518400010000000A00000001020000000000000D
:10519400000000000000000000000000000000000B
:1051A40000000000000000000000000000000000FB
:1051B40000000000000000000000000000000000EB
:1051C40000000000000000000000000000000000DB
:1051D400010000000A0000000102000000000000BD
:1051E40000000000000000000000000000000000BB
:1051F40000000000000000000000000000000000AB
:10520400000000000000000000000000000000009A
:10521400000000000000000000000000000000008A
:10522400010000000A00000001020000000000006C
:10523400000000000000000000000000000000006A
:10524400000000000000000000000000000000005A
:10525400000000000000000000000000000000004A
:10526400000000000000000000000000000000003A
:10527400010000000A00000001020000000000001C
:10528400000000000000000000000000000000001A
:10529400000000000000000000000000000000000A
:1052A40000000000000000000000000000000000FA
:1052B40000000000000000000000000000000000EA
:1052C40000000101000101010102010102020102C9
:1052D400030102030202040202050202050302069C
:1052E4000302070302070403070403070504070571
:1052F400040706050706060706060707070707004B
:105304000000000000000000000000080000000091
:105314000000000000000000050001000100000082
:105324007E0105000100017EFFFD00005852434547
:10533400010F0000FFFE0000DB0F49BFE4CB164065
:10534400E4CB16C000000080DB0F4940DB0F49C0EE
:105354006937AC3168212233B40F14336821A23386
:105364003863ED3EDA0F493F5E987B3FDA0FC93F61
:105374000020202020202020202028282828282021
:105384002020202020202020202020202020202019
:105394002088101010101010101010101010101081
:1053A4001004040404040404040404101010101071
:1053B400101041414141414101010101010101013B
:1053C400010101010101010101010101101010108D
:1053D400101042424242424202020202020202020D
:1053E4000202020202020202020202021010101061
:1053F4002000000000000000000000000000000089
:105404000000000000000000000000000000000098
:105414000000000000000000000000000000000088
:105424000000000000000000000000000000000078
:105434000000000000000000000000000000000068
:105444000000000000000000000000000000000058
:105454000000000000000000000000000000000048
:105464000000000000000000000000000000000038
:105474000000000098230020A8230020B42300206B
:10548400C0230020CC230020D8230020E0230020C8
:1054940043000000000000000000000000000000C5
:1054A40000000000000000000000000000000000F8
:1054B40043000000000000000000000000000000A5
:1054C40000000000000000000000000000000000D8
:1054D4004300000000000000000000000000000085
:1054E40000000000000000000000000000000000B8
:1054F4004300000000000000000000000000000065
:105504000000000000000000000000000000000097
:105514004300000000000000000000000000000044
:105524000000000000000000000000000000000077
:105534004300000000000000000000000000000024
:105544000000000000000000000000000000000057
:105554004300000000000000000000000000000004
:105564000000000000000000000000000000000037
:1055740009D10100C5C1010000000000300600206F
:1055840064150020000C0020000C0020000C0020FA
:10559400000C0020000C0020000C0020000C002057
:1055A400000C0020000C0020FFFFFFFFFFFFFFFFA7
:1055B400FFFFFFFFFFFF0000010041534349490083
:1055C40000000000000000000000000000000000D7
:1055D400000000000000000000004153434949005E
:1055E40000000000000000000000000000000000B7
:1055F40000000000000000000000000002000000A5
:105604000000000000050404040404070407000368
:105614000000000000000000000001010000000084
:10562400070101010101070107070706070707072B
:105634000707070707070000070707000000000027
:105644000000000004000000000005000004010147
:105654000101010601060004000000000000000032
:105664000000040400000000060202020202060216
:1056740006060604060606060606060606060303CE
:105684000606060000000000000000002020202084
:1056940020202020202020202020202030303030C6
:1056A4003030303030303030303030302020202036
:1056B40020202020202020202020202030303030A6
:1056C4003030303030303030303030302020202016
:1056D4002020202020202020202020203030303086
:1056E4003030303030303030303030300000000076
:1056F400EC1B0020081C0020501C0020781C0020FB
:1057040000000000781A0020941A0020C81A002013
:10571400001B00204C1B0020741B0020B01B002029
:105724005B5741544348444F475D202F6A6F696E6D
:10573400745F616E676C6573207265636569766515
:105744006420E28094206175746F2072652D656E0B
:10575400746572696E67204D4954206D6F646500ED
:10576400FFFFFFFFFFFFFFFC000000007465656E94
:1057740073795F6E6F6465006A6F696E745F616EE2
:10578400676C6573000000006A6F696E745F67611F
:10579400696E730063616E5F63616C6962726174E8
:1057A4006500000063616E5F656E61626C65000098
:1057B400696D752F6461746100000000696D752F57
:1057C40065756C6572000000666978006A6F696EC1
:1057D400745F737461746573000000006D6F746F9F
:1057E400725F6661756C7400FFFFFFFFFFFFFFFED1
:1057F40000000000424E4F303878202D2045727250
:105804006F72206465636F64696E672073656E737D
:105814006F72206576656E74000000000019000048
:10582400917000000000000074C00F40C000000030
:10583400000000000200000050851F40010000002D
:10584400340000000200000050851F4000000000EA
:10585400010000000200000054851F400100000008
:10586400350000000200000054851F4000000000C5
:10587400FF004000260018007C0000005B464155F4
:105884004C545D206D6F746F72206964783D25649B
:105894002069643D307825303258202054484552E0
:1058A4004D414C202074656D703D252E316620439A
:1058B4000A0000005B4641554C545D206D6F746FC7
:1058C40072206964783D25642069643D3078253010
:1058D40032582020494E5354414E545F435552523E
:1058E400454E5420206375723D252E3266204E6D40
:1058F40020286C696D697420252E3266290A0000FF
:105904005B4641554C545D206D6F746F7220696421
:10591400783D25642069643D307825303258202054
:105924005354414C4C20206375723D252E32662021
:105934004E6D20286C696D697420252E3266290A03
:10594400000000005B5741524E5D20206D6F746F64
:1059540072206964783D25642069643D307825307F
:10596400325820206572726F725F627974653D30BF
:10597400782530325820286E6F74206661756C74F7
:10598400696E67290A000000FFFFFFFFFFFFFFFDAC
:1059940000000000797A757873747677010101014B
:1059A40003030303504E41424C000000524D430098
:1059B40047474100041A0020281A00200200000072
:1059C400BC1C0020740C0020AC0C002068310020AA
:1059D400041A0020281A002002000000BC1C002029
:1059E400900C0020B40C00207C310020C81C002046
:1059F400241D0020801D0020E41D0020041A002026
:105A0400281A00200200000030190020BC0C0020DD
:105A1400D80C00209031002040190020A419002047
:105A24004932432061646472657373206E6F74201D
:105A3400666F756E64000000041A0020281A0020A6
:105A440002000000801F0020F80C0020300D002010
:105A5400A4310020041A0020281A002002000000AB
:105A6400801F0020140D0020380D0020AC310020D0
:105A74008C1F0020E81F0020102100206C21002032
:105A8400041A0020281A002002000000801F0020B1
:105A9400400D00205C0D0020CC310020402000206F
:105AA400A8200020000000000000000011390000C0
:105AB400D5000000E9210000D9030000A116000070
:105AC400DD030000E103000000000000000000000E
:105AD400D93200005102000039240000CD03000037
:105AE400F9170000D1030000D503000000000000F6
:105AF400000000000D4E0000000000000000000047
:105B04009D700000CD850000C9850000C58500009A
:105B1400C1850000497100004D710000BD85000081
:105B24000000000000000000416F0000A5700000AC
:105B3400AD690000056B0000CD690000716A0000CA
:105B4400F5690000896B0000216B0000A969000061
:105B5400000000000000000005470000314700007D
:105B6400B946000001470000BD460000C9460000D8
:105B7400E9460000000000000000000000000000F2
:105B84000000000000000000896501008D6501002F
:105B94000000000000000000000000000000000001
:105BA4008D6501009165010095650100000000000C
:105BB40000000000000000009165010095650100EF
:105BC40099650100000000000000000000000000D2
:105BD40000000000000000000000000000000000C1
:105BE40000000000000000000000000000000000B1
:105BF40000000000000000000000000000000000A1
:105C04000001000030220020482200200200000091
:105C1400080000004C330020B1170100B517010043
:105C240000000000000000000000C1C081C140016C
:105C340001C3C003800241C201C6C006800741C738
:105C44000005C1C581C4400401CCC00C800D41CD08
:105C5400000FC1CF81CE400E000AC1CA81CB400BD8
:105C640001C9C009800841C801D8C018801941D9A8
:105C7400001BC1DB81DA401A001EC1DE81DF401F38
:105C840001DDC01D801C41DC0014C1D481D5401548
:105C940001D7C017801641D601D2C012801341D358
:105CA4000011C1D181D0401001F0C030803141F1E8
:105CB4000033C1F381F240320036C1F681F7403738
:105CC40001F5C035803441F4003CC1FC81FD403D08
:105CD40001FFC03F803E41FE01FAC03A803B41FBD8
:105CE4000039C1F981F840380028C1E881E9402928
:105CF40001EBC02B802A41EA01EEC02E802F41EF38
:105D0400002DC1ED81EC402C01E4C024802541E547
:105D14000027C1E781E640260022C1E281E3402357
:105D240001E1C021802041E001A0C060806141A167
:105D34000063C1A381A240620066C1A681A7406737
:105D440001A5C065806441A4006CC1AC81AD406D07
:105D540001AFC06F806E41AE01AAC06A806B41ABD7
:105D64000069C1A981A840680078C1B881B94079A7
:105D740001BBC07B807A41BA01BEC07E807F41BF37
:105D8400007DC1BD81BC407C01B4C074807541B547
:105D94000077C1B781B640760072C1B281B3407357
:105DA40001B1C071807041B00050C19081914051E7
:105DB4000193C053805241920196C0568057419737
:105DC4000055C19581944054019CC05C805D419D07
:105DD400005FC19F819E405E005AC19A819B405BD7
:105DE4000199C059805841980188C0488049418927
:105DF400004BC18B818A404A004EC18E818F404F37
:105E0400018DC04D804C418C0044C1848185404546
:105E14000187C047804641860182C0428043418356
:105E24000041C1818180404000000042C8801F4081
:105E3400B8821F400800000000000042C4801F40D8
:105E4400B4821F400400000000C0004224801F40B0
:105E540014821F401000000000C0004228801F4030
:105E640018821F402000000000C000422C801F4008
:105E74001C821F404000000000C0004234801F40CC
:105E840024821F40000100000040004264811F4042
:105E940054831F40000400000040004280811F40E2
:105EA40070831F4000000200004000427C811F40BC
:105EB4006C831F40000001000040004268811F40C5
:105EC40058831F4000080000004000423C811F40EE
:105ED4002C831F40010000000040004244811F4009
:105EE40034831F40040000000040004240811F40F2
:105EF40030831F40020000000040004248811F40E0
:105F040038831F40080000000000004204811F4045
:105F1400F4821F40000004000000004208811F407A
:105F2400F8821F40000008000000004218811F4052
:105F340008831F40000080000000004214811F40BD
:105F440004831F40000040000000004200811F4005
:105F5400F0821F400000020000000042FC801F404D
:105F6400EC821F40000001000000004224811F4019
:105F740014831F40000000040000004228811F40D9
:105F840018831F4000000008000000421C811F40CD
:105F94000C831F40000000010000004220811F40CC
:105FA40010831F400000000200000042EC801F40EC
:105FB400DC821F400010000000000042F0801F40FF
:105FC400E0821F40002000000000004234811F4096
:105FD40024831F40000000400000004238811F401D
:105FE40028831F40000000800080004294801F40EE
:105FF40084821F400000040000C0004290801F40C3
:1060040080821F400000008000800042A8801F4062
:1060140098821F400000800000800042A4801F403E
:1060240094821F4000004000004000426C811F40E9
:106034005C831F400010000000C0004230801F40FD
:1060440020821F408000000000400042B0811F40B9
:10605400A0831F400000002000400042AC811F408C
:106064009C831F40000000100040004284811F40B8
:1060740074831F40000004000040004288811F40D8
:1060840078831F4000000800000000422C811F405C
:106094001C831F40000000100000004230811F409C
:1060A40020831F4000000020000000420C811F409C
:1060B400FC821F40000010000000004210811F40BD
:1060C40000831F400000200000800042C8811F4060
:1060D400B8831F400080000000800042C4811F403C
:1060E400B4831F400040000000800042C0811F4074
:1060F400B0831F400020000000800042BC811F408C
:10610400AC831F400010000000800042D0811F407B
:10611400C0831F400000020000800042CC811F4069
:10612400BC831F400000010000C0004274801F4077
:1061340064821F400000000100C0004280801F40B4
:1061440070821F400000000800C0004284801F408D
:1061540074821F400000001000C000426C801F4089
:106164005C821F400000400000C000427C801F4051
:106174006C821F400000000400C0004278801F4071
:1061840068821F400000000200C0004288801F4057
:1061940078821F4000000020802200203A3A00004C
:1061A40025732573257325732573257325730000C3
:1061B4005F000000646473004C1A00207022002009
:1061C4000400000020000000F8330020B118010092
:1061D400B51801004C1A0020FC190020030000002F
:1061E40018000000F4340020998F00009D8F0000F7
:1061F40000000000C14F0000A95200005B57415449
:106204004348444F475D204E6F202F6A6F696E7478
:106214005F616E676C657320E280942065786974B1
:10622400696E67204D4954206D6F64652028776935
:106234006C6C206175746F2D7265636F7665722066
:106244006F6E206E65787420636F6D6D616E642966
:10625400000000000000000000000000000000003A
:10626400000000000000000000000000000000002A
:10627400000000000000000000000000000000001A
:10628400000000000000000000000000000000000A
:1062940000000000000000000000000000000000FA
:1062A400000000002E0000002F00000025732F25A1
:1062B400732573007B6E6F64657D00007B6E737D58
:1062C400000000007B6E616D6573706163657D0025
:1062D400524F535F444F4D41494E5F4944000000C3
:1062E400524F535F4C4F43414C484F53545F4F4EB2
:1062F4004C5900002F2573002573257300000000FE
:1063040025732F2573000000617267756D656E74C7
:1063140020656E765F6E616D65206973206E756CA5
:106324006C000000617267756D656E7420656E7631
:106334005F76616C7565206973206E756C6C000006
:106344000000000000000000000000000000000049
:106354000000000000000000000000000000000039
:1063640000000000756E6B6E6F776E20726573753A
:106374006C7420636F646520666F7220726D772081
:106384006E616D6573706163652076616C696461CB
:1063940074696F6E00000000756E6B6E6F776E200F
:1063A400726573756C7420636F646520666F722008
:1063B400726D77206E6F6465206E616D6520766105
:1063C4006C69646174696F6E00000000726D775FC0
:1063D40076616C69646174655F6E616D657370612B
:1063E400636528293A20756E6B6E6F776E20726D27
:1063F400775F76616C69646174655F66756C6C5F08
:10640400746F7069635F6E616D65282920726573AE
:10641400756C742027256427000000007274000046
:10642400556E657870656374656420636F6E646926
:1064340074696F6E3A20737472696E672063617059
:10644400616369747920776173207A65726F20665D
:106454006F7220616C6C6F63617465642064617435
:1064640061212045786974696E672E0A0000000076
:10647400556E657870656374656420636F6E6469D6
:1064840074696F6E3A20737472696E672073697AE7
:106494006520776173206E6F6E2D7A65726F20664A
:1064A4006F72206465616C6C6F63617465642064F1
:1064B400617461212045786974696E672E0A000051
:1064C400556E65787065637465642062656861768D
:1064D400696F723A20737472696E672063617061C8
:1064E4006369747920776173206E6F6E2D7A65729B
:1064F4006F20666F72206465616C6C6F6361746594
:10650400642064617461212045786974696E672E22
:106514000A000000441E0020581E0020070000004E
:1065240040010000F83500207D0B0100810B0100C3
:10653400441E0020EC1E0020070000008000000024
:10654400A8370020610C0100650C0100441E0020E6
:10655400541F0020020000000400000058390020ED
:10656400A10C0100A50C0100646576696365000057
:1065740065786563757461626C650000636F6E7441
:10658400726F6C0073656E736F72687562000000E1
:1065940000000000E94F000000000000696E707503
:1065A400744E6F726D616C00696E70757457616BB7
:1065B40065000000696E7075744779726F527600D9
:1065C400636F6D6D616E6400C8210020E01F0020C0
:1065D4000100000001000000DC390020C1110100AD
:1065E400C5110100C82100209420002002000000F1
:1065F4001C000000243A0020091201000D120100C1
:10660400C8210020E0210020020000001400000046
:10661400A83A00206112010065120100C82100207F
:106624009422002003000000140000002C3B0020F2
:106634000577010009770100C8210020FC21002012
:106644000200000010000000EC3B0020ED120100ED
:10665400F1120100C8210020642100200100000083
:1066640001000000703C0020491301004D1301009B
:1066740067656F6D657472795F6D73677300000091
:10668400726F7369646C5F74797065737570706F21
:1066940072745F696E74726F7370656374696F6E20
:1066A4005F635F5F6765745F6D6573736167655F83
:1066B400747970655F737570706F72745F68616E02
:1066C400646C655F5F67656F6D657472795F6D7328
:1066D40067735F5F6D73675F5F566563746F723373
:1066E40000000000726F7369646C5F747970657385
:1066F4007570706F72745F6D6963726F78726365C1
:106704006464735F635F5F6765745F6D6573736112
:1067140067655F747970655F737570706F72745FAD
:1067240068616E646C655F5F67656F6D65747279CF
:106734005F6D7367735F5F6D73675F5F56656374E7
:106744006F723300726F7369646C5F747970657310
:106754007570706F72745F696E74726F7370656355
:1067640074696F6E5F630000726F7369646C5F7449
:10677400797065737570706F72745F6D6963726F31
:10678400787263656464735F6300000067656F6DAE
:10679400657472795F6D7367735F5F6D7367000013
:1067A4007A00000067656F6D657472795F6D736759
:1067B400733A3A6D736700006E616D65737061635F
:1067C40065206D757374206E6F7420626520656D2D
:1067D400707479006E616D657370616365206D75A9
:1067E4007374206265206162736F6C7574652C200C
:1067F4006974206D757374206C65616420776974A5
:1068040068206120272F27006E616D6573706163B6
:1068140065206D757374206E6F7420656E642077C7
:10682400697468206120272F272C20756E6C65738E
:1068340073206F6E6C79206120272F2700000000E1
:106844006E616D657370616365206D757374206E20
:106854006F7420636F6E7461696E20636861726126
:106864006374657273206F74686572207468616EF6
:1068740020616C7068616E756D65726963732C203C
:10688400275F272C206F7220272F27006E616D65EC
:106894007370616365206D757374206E6F7420630B
:1068A4006F6E7461696E20726570656174656420D1
:1068B400272F27006E616D657370616365206D75A8
:1068C4007374206E6F742068617665206120746F24
:1068D4006B656E20746861742073746172747320C4
:1068E400776974682061206E756D626572000000BE
:1068F4006E616D6573706163652073686F756C6438
:10690400206E6F74206578636565642027524D5747
:106914005F4E414D4553504143455F4D41585F4E95
:10692400414D455F4C454E47544827006E6F6465A2
:10693400206E616D65206D757374206E6F742062B6
:106944006520656D707479006E6F6465206E616D8D
:1069540065206D757374206E6F7420636F6E74613F
:10696400696E2063686172616374657273206F7409
:10697400686572207468616E20616C7068616E7500
:106984006D6572696373206F7220275F27000000B2
:106994006E6F6465206E616D65206D757374206E15
:1069A4006F74207374617274207769746820612035
:1069B4006E756D62657200006E6F6465206E616D48
:1069C40065206C656E6774682073686F756C6420ED
:1069D4006E6F7420657863656564202732353527CA
:1069E40000000000726F7369646C5F747970657382
:1069F4007570706F72745F630000000073656E736E
:106A04006F725F6D73677300726F7369646C5F7428
:106A1400797065737570706F72745F696E74726F7C
:106A24007370656374696F6E5F635F5F6765745FDE
:106A34006D6573736167655F747970655F73757095
:106A4400706F72745F68616E646C655F5F73656EAE
:106A5400736F725F6D7367735F5F6D73675F5F49B9
:106A64006D750000726F7369646C5F74797065731F
:106A74007570706F72745F6D6963726F787263653D
:106A84006464735F635F5F6765745F6D657373618F
:106A940067655F747970655F737570706F72745F2A
:106AA40068616E646C655F5F73656E736F725F6D52
:106AB4007367735F5F6D73675F5F496D7500000097
:106AC400726F7369646C5F74797065737570706FDD
:106AD40072745F696E74726F7370656374696F6EDC
:106AE4005F635F5F6765745F6D6573736167655F3F
:106AF400747970655F737570706F72745F68616EBE
:106B0400646C655F5F73656E736F725F6D736773DB
:106B14005F5F6D73675F5F4E61765361744669783A
:106B240000000000726F7369646C5F747970657340
:106B34007570706F72745F6D6963726F787263657C
:106B44006464735F635F5F6765745F6D65737361CE
:106B540067655F747970655F737570706F72745F69
:106B640068616E646C655F5F73656E736F725F6D91
:106B74007367735F5F6D73675F5F4E6176536174B4
:106B84004669780073656E736F725F6D7367735FC8
:106B94005F6D736700000000496D7500686561648E
:106BA400657200006F7269656E746174696F6E005E
:106BB4006F7269656E746174696F6E5F636F76611D
:106BC4007269616E63650000616E67756C61725F06
:106BD40076656C6F6369747900000000616E677597
:106BE4006C61725F76656C6F636974795F636F76ED
:106BF400617269616E6365006C696E6561725F6183
:106C04006363656C65726174696F6E006C696E654F
:106C140061725F616363656C65726174696F6E5FF5
:106C2400636F76617269616E636500004E617653CD
:106C340061744669780000007374617475730000B0
:106C44006C61746974756465000000006C6F6E6734
:106C54006974756465000000616C746974756465B9
:106C640000000000706F736974696F6E5F636F7604
:106C7400617269616E636500706F736974696F6EC8
:106C84005F636F76617269616E63655F7479706565
:106C9400000000004E61765361745374617475731F
:106CA40000000000736572766963650073656E7336
:106CB4006F725F6D7367733A3A6D7367000000001B
:106CC4007374645F6D73677300000000726F73699F
:106CD400646C5F74797065737570706F72745F69DA
:106CE4006E74726F7370656374696F6E5F635F5FF8
:106CF4006765745F6D6573736167655F74797065EB
:106D04005F737570706F72745F68616E646C655FD9
:106D14005F7374645F6D7367735F5F6D73675F5FE9
:106D2400426F6F6C00000000726F7369646C5F7473
:106D3400797065737570706F72745F6D6963726F6B
:106D4400787263656464735F635F5F6765745F6DC6
:106D54006573736167655F747970655F737570706F
:106D64006F72745F68616E646C655F5F7374645F97
:106D74006D7367735F5F6D73675F5F426F6F6C0006
:106D8400726F7369646C5F74797065737570706F1A
:106D940072745F696E74726F7370656374696F6E19
:106DA4005F635F5F6765745F6D6573736167655F7C
:106DB400747970655F737570706F72745F68616EFB
:106DC400646C655F5F7374645F6D7367735F5F6D3D
:106DD40073675F5F466C6F617433324D756C7469B1
:106DE4004172726179000000726F7369646C5F7440
:106DF400797065737570706F72745F6D6963726FAB
:106E0400787263656464735F635F5F6765745F6D05
:106E14006573736167655F747970655F73757070AE
:106E24006F72745F68616E646C655F5F7374645FD6
:106E34006D7367735F5F6D73675F5F466C6F6174DB
:106E440033324D756C7469417272617900000000CF
:106E5400726F7369646C5F74797065737570706F49
:106E640072745F696E74726F7370656374696F6E48
:106E74005F635F5F6765745F6D6573736167655FAB
:106E8400747970655F737570706F72745F68616E2A
:106E9400646C655F5F7374645F6D7367735F5F6D6C
:106EA40073675F5F55496E7438000000726F7369D1
:106EB400646C5F74797065737570706F72745F6DF4
:106EC4006963726F787263656464735F635F5F673D
:106ED40065745F6D6573736167655F747970655F11
:106EE400737570706F72745F68616E646C655F5FF8
:106EF4007374645F6D7367735F5F6D73675F5F5512
:106F0400496E7438000000007374645F6D736773B6
:106F14005F5F6D73670000006C61796F75740000CA
:106F240048656164657200007374616D70000000EF
:106F34006672616D655F6964000000004D756C7474
:106F44006941727261794C61796F75740000000057
:106F540064696D00646174615F6F66667365740073
:106F64007374645F6D7367733A3A6D7367000000FE
:106F74006275696C74696E5F696E7465726661636B
:106F840065735F5F6D73670054696D650000000091
:106F94006E616E6F736563006275696C74696E5FB0
:106FA400696E74657266616365733A3A6D736700FE
:106FB4005175617465726E696F6E0000636472006E
:106FC400726D775F6D6963726F7872636564647301
:106FD400000000004D756C746941727261794469F6
:106FE4006D656E73696F6E006C6162656C000000A4
:106FF40073697A6500000000737472696465000047
:10700400504F534958000000430000004153434986
:107014004900000049534F2D383835392D310000CF
:10702400636A6B73696E676C65000000636A6B6EFC
:107034006172726F77000000636A6B776964650040
:107044005554462D380000005554463800000000C1
:107054004A495300455543004A5000004555434AA8
:1070640050000000534A49530000000049534F00A8
:10707400383835390000000049534F2D3838353938
:107084002D000000435000004B4F49380000000021
:1070940043503230383636004350323138363600B9
:1070A40047454F524749414E0000000050530000ED
:1070B4004350313031000000505431353400000069
:1070C400435031303200000054495300363230000E
:1070D40043503837340000004C435F414C4C0000AF
:1070E4004C414E47000000004C435F434F4C4C4121
:1070F400544500004C435F43545950450000000080
:107104004C435F4D4F4E4554415259004C435F4EE2
:10711400554D4552494300004C435F54494D450089
:107124004C435F4D455353414745530042616C6C9A
:107134006F632073756363656564656400000000B4
:107144002F686F6D652F7061756C2F746F6F6C6332
:107154006861696E2F6275696C642F736E617073F8
:10716400686F74732F6E65776C69622D63796777C6
:10717400696E2F6E65776C69622F6C6962632F7319
:1071840074646C69622F6D707265632E6300000015
:10719400494E4600696E66004E414E006E616E00B7
:1071A4003031323334353637383961626364656679
:1071B400000000003031323334353637383941423B
:1071C4004344454600000000286E756C6C2900009D
:1071D400300000002C2066756E6374696F6E3A206F
:1071E40000000000617373657274696F6E2022255C
:1071F4007322206661696C65643A2066696C652057
:10720400222573222C206C696E6520256425732544
:10721400730A0000496E66696E69747900000000A3
:107224004E614E002F686F6D652F7061756C2F7401
:107234006F6F6C636861696E2F6275696C642F731C
:107244006E617073686F74732F6E65776C69622DED
:1072540063796777696E2F6E65776C69622F6C69E5
:1072640062632F7374646C69622F64746F612E633C
:107274000000000000010000E433002012000000C0
:10728400000600000C2200600A000000000200005A
:10729400A821006062000000000700004421006093
:1072A40062000000EE030000DC3500201200000044
:1072B400000004EEB43500202800000000030000A4
:1072C400402100600000000001030904282100603F
:1072D4000000000002030904102100600000000007
:1072E40003030904B83C0020000000000000000073
:1072F4000000000000000000C02500200000000085
:1073040000000000208D0020888D0020F08D0020DA
:107314000000000000000000000000000000000069
:107324000000000000000000000000000000000059
:107334000000000000000000000000000000000049
:107344000000000000000000000000000000000039
:107354000000000000000000000000000000000029
:107364000000000000000000000000000000000019
:107374000000000000000000000000000000000009
:1073840000000000000000000000000000000000F9
:1073940000000000000000000100000000000000E8
:1073A4000E33CDAB34126DE6ECDE05000B000000AD
:1073B40000000000000000000000000000000000C9
:1073C40000000000000000000000000000000000B9
:1073D40000000000000000000000000000000000A9
:1073E4000000000000000000000000000000000099
:1073F4000000000000000000000000000000000089
:107404000000000000000000000000000000000078
:107414000000000000000000000000000000000068
:10742400000000000000000000000000E42600202E
:10743400E4260020EC260020EC260020F426002080
:10744400F4260020FC260020FC260020042700202F
:10745400042700200C2700200C27002014270020DC
:10746400142700201C2700201C270020242700208C
:10747400242700202C2700202C270020342700203C
:10748400342700203C2700203C27002044270020EC
:10749400442700204C2700204C270020542700209C
:1074A400542700205C2700205C270020642700204C
:1074B400642700206C2700206C27002074270020FC
:1074C400742700207C2700207C27002084270020AC
:1074D400842700208C2700208C270020942700205C
:1074E400942700209C2700209C270020A42700200C
:1074F400A4270020AC270020AC270020B4270020BC
:10750400B4270020BC270020BC270020C42700206B
:10751400C4270020CC270020CC270020D42700201B
:10752400D4270020DC270020DC270020E4270020CB
:10753400E4270020EC270020EC270020F42700207B
:10754400F4270020FC270020FC270020042800202A
:10755400042800200C2800200C28002014280020D7
:10756400142800201C2800201C2800202428002087
:10757400242800202C2800202C2800203428002037
:10758400342800203C2800203C28002044280020E7
:10759400442800204C2800204C2800205428002097
:1075A400542800205C2800205C2800206428002047
:1075B400642800206C2800206C28002074280020F7
:1075C400742800207C2800207C28002084280020A7
:1075D400842800208C2800208C2800209428002057
:1075E400942800209C2800209C280020A428002007
:1075F400A4280020AC280020AC280020B4280020B7
:10760400B4280020BC280020BC280020C428002066
:10761400C4280020CC280020CC280020D428002016
:10762400D4280020DC280020DC280020E4280020C6
:10763400E4280020EC280020EC280020F428002076
:10764400F4280020FC280020FC2800200429002025
:10765400042900200C2900200C29002014290020D2
:10766400142900201C2900201C2900202429002082
:10767400242900202C2900202C2900203429002032
:10768400342900203C2900203C29002044290020E2
:10769400442900204C2900204C2900205429002092
:1076A400542900205C2900205C2900206429002042
:1076B400642900206C2900206C29002074290020F2
:1076C400742900207C2900207C29002084290020A2
:1076D400842900208C2900208C2900209429002052
:1076E400942900209C2900209C290020A429002002
:1076F400A4290020AC290020AC290020B4290020B2
:10770400B4290020BC290020BC290020C429002061
:10771400C4290020CC290020CC290020D429002011
:10772400D4290020DC290020DC290020E4290020C1
:10773400E4290020EC290020EC290020F429002071
:10774400F4290020FC290020FC290020042A002020
:10775400042A00200C2A00200C2A0020142A0020CD
:10776400142A00201C2A00201C2A0020242A00207D
:10777400242A00202C2A00202C2A0020342A00202D
:10778400342A00203C2A00203C2A0020442A0020DD
:10779400442A00204C2A00204C2A0020542A00208D
:1077A400542A00205C2A00205C2A0020642A00203D
:1077B400642A00206C2A00206C2A0020742A0020ED
:1077C400742A00207C2A00207C2A0020842A00209D
:1077D400842A00208C2A00208C2A0020942A00204D
:1077E400942A00209C2A00209C2A0020A42A0020FD
:1077F400A42A0020AC2A0020AC2A0020B42A0020AD
:10780400B42A0020BC2A0020BC2A0020C42A00205C
:10781400C42A0020CC2A0020CC2A0020D42A00200C
:10782400D42A0020DC2A0020DC2A0020FFFFFFFFEE
:10783400000002000000000003000000208D002072
:1078440043000000000000000000000000000000F1
:107854000000000000000000000000000000000024
:1078640043000000000000000000000000000000D1
:107874000000000000000000000000000000000004
:1078840043000000000000000000000000000000B1
:1078940000000000000000000000000000000000E4
:1078A4004300000000000000000000000000000091
:1078B40000000000000000000000000000000000C4
:1078C4004300000000000000000000000000000071
:1078D40000000000000000000000000000000000A4
:1078E4004300000000000000000000000000000051
:1078F4000000000000000000000000000000000084
:107904004300000000000000000000000000000030
:107914000000000000000000000000000000000063
:1079240009D10100C5C1010000000000300600209B
:1079340064150020000C0020000C0020000C002026
:10794400000C0020000C0020000C0020000C002083
:10795400000C0020000C0020FFFFFFFFFFFFFFFFD3
:10796400FFFFFFFFFFFF00000100415343494900AF
:107974000000000000000000000000000000000003
:10798400000000000000000000004153434949008A
:1079940000000000000000000000000000000000E3
:1079A4000000000000000000000000004300000090
:1079B40000000000000000000000000000000000C3
:1079C40000000000000000000000000024910020DE
:1079D400C09200200029DE07007B9A17C00D00200A
:1079E40000000000E803000000000000E80D002093
:1079F40000000000E80300000000000000801940BF
:107A0400DC0A00200000000004930020C49200203F
:107A140000000000000000004000000040000000E2
:107A240040000000400000000000000000000000D2
:107A34000000000000000000000000000000000042
:107A4400000000000000000000000000180E0020EC
:107A540000000000E80300000000000000003F40B8
:107A6400C0200060000000000000000000000000D2
:107A74000000000000000000000000000000000002
:107A840000000000000000000000000000000000F2
:107A940000000000000000000000000000000000E2
:107AA40000000000000000000000000000000000D2
:107AB40000000000000000000000000000000000C2
:107AC40000000000000000000000000000000000B2
:107AD40000000000000000000000000000000000A2
:107AE4000000000000000000000000000000000092
:107AF4000000000000000000000000000000000082
:107B04000000000000000000000000000000000071
:107B14000000000000000000000000000000000061
:107B24000000000000000000000000000000000051
:107B34000000000000000000000000000000000041
:107B44000000000000000000000000000000000031
:107B54000000000000000000000000000000000021
:107B64000000000000000000000000000000000011
:107B74000000000000000000000000000000000001
:107B8400000000000000000000000000180E0020AB
:107B940000000000E80300000000000000803F40F7
:107BA40070200060000000000000000000000000E1
:107BB40000000000000000000000000000000000C1
:107BC40000000000000000000000000000000000B1
:107BD40000000000000000000000000000000000A1
:107BE4000000000000000000000000000000000091
:107BF4000000000000000000000000000000000081
:107C04000000000000000000000000000000000070
:107C14000000000000000000000000000000000060
:107C24000000000000000000000000000000000050
:107C34000000000000000000000000000000000040
:107C44000000000000000000000000000000000030
:107C54000000000000000000000000000000000020
:107C64000000000000000000000000000000000010
:107C74000000000000000000000000000000000000
:107C840000000000000000000000000000000000F0
:107C940000000000000000000000000000000000E0
:107CA40000000000000000000000000000000000D0
:107CB40000000000000000000000000000000000C0
:107CC400000000000000000000000000180E00206A
:107CD40000000000E80300000000000000C03F4076
:107CE40020200060000000000000000000000000F0
:107CF4000000000000000000000000000000000080
:107D0400000000000000000000000000000000006F
:107D1400000000000000000000000000000000005F
:107D2400000000000000000000000000000000004F
:107D3400000000000000000000000000000000003F
:107D4400000000000000000000000000000000002F
:107D5400000000000000000000000000000000001F
:107D6400000000000000000000000000000000000F
:107D740000000000000000000000000000000000FF
:107D840000000000000000000000000000000000EF
:107D940000000000000000000000000000000000DF
:107DA40000000000000000000000000000000000CF
:107DB40000000000000000000000000000000000BF
:107DC40000000000000000000000000000000000AF
:107DD400000000000000000000000000000000009F
:107DE400000000000000000000000000000000008F
:107DF400000000000000000000000000000000007F
:107E0400000000000000000000000000281A00200C
:107E1400FC310020810A0100281A002018320020B9
:107E2400810A0100281A002034320020810A01004E
:107E3400281A002050320020810A0100281A00204C
:107E44006C320020810A0100281A002088320020A8
:107E5400810A0100281A0020A4320020810A0100AE
:107E6400281A0020C0320020810A0100281A0020AC
:107E7400DC320020810A0100281A0020F832002098
:107E8400810A0100281A002014330020810A01000D
:107E9400281A002030330020810A01000000C03F6E
:107EA40000000C420000803FF50B0100A50E01000C
:107EB400000000007C0C0020950A0100710C0100F8
:107EC4005910010000000000980C0020950A0100E0
:107ED400A18F0000CD90000000000000C40C002021
:107EE400950A0100C9110100BD13010051130100DD
:107EF400A917010000000000000D0020950A0100F0
:107F0400000000001C0D0020950A0100351201003C
:107F1400D914010000000000480D0020950A01005A
:107F24006770735F6C696E6B00000000696D755F4C
:107F34006C696E6B0000000080302020202200203D
:107F4400E01F0020991301007D130100A913010013
:107F5400891301006D1301002022002094200020C9
:107F64007D14010015140100A5140100E1130100A2
:107F7400C513010020220020E02100208915010002
:107F840021150100D1150100FD140100E1140100C7
:107F94006C1F0020581E0020B50D0100390D010092
:107FA4002D0D0100250D0100910E0100202200205D
:107FB40094220020297701009D770100197801009F
:107FC40065770100FD77010020220020FC210020BC
:107FD400F5160100991601008D16010085160100A1
:107FE4000D1601006C1F0020EC1E0020850F0100FF
:107FF4001D0F0100110F0100090F010045100100C0
:108004006C1F0020541F0020A510010089100100DE
:10801400C510010061100100E5100100641A002080
:10802400702200204919010015190100811901006D
:10803400D5180100B9190100582200204822002057
:1080440019180100FD17010039180100D5170100A6
:108054005918010020220020642100208517010006
:1080640069170100951701007517010059170100E0
:10807400641A0020FC19002019900000F18F000000
:1080840045900000BD8F0000719000005422002034
:108094000D000000000000000000000000000000CF
:1080A40000000000000000000000000000000000CC
:1080B40000000000000000000000000000000000BC
:1080C4000000000000000000502200200C0000000E
:1080D400000000000000000000000000000000009C
:1080E4000000000004000000000000000000000088
:1080F400000000000000000000000000000000007C
:108104000000000000000000C40E0020810A0100ED
:10811400C5E00000C1E00000BDE00000B9E00000DF
:108124000000000012010002EF020140C0168304A7
:108134008002010203010000F41E0020020000007E
:10814400000000000000000000000000000000002B
:10815400000000000000000000000000000000001B
:10816400000000000000000000000000000000000B
:1081740000000000A4200020020000000000000015
:1081840000000000000000000000000000000000EB
:1081940008000000000000000000000000000000D3
:1081A40000000000000000000000000000000000CB
:1081B400601A00200200000000000000000000001F
:1081C400000000000000000000000000100000009B
:1081D400000000000000000000000000000000009B
:1081E400000000000000000000000000F422002055
:1081F4000200000000000000000000000000000079
:108204000000000000000000180000000000000052
:10821400000000000000000000000000000000005A
:10822400000000000000000000000000781400209E
:10823400810A0100F41E002002000000000000007A
:10824400000000000000000000000000000000002A
:10825400000000000000000000000000000000001A
:10826400000000000000000000000000000000000A
:10827400A420002002000000000000000000000014
:1082840000000000000000000000000008000000E2
:1082940000000000000000000000000000000000DA
:1082A400000000000000000000000000601A002030
:1082B40002000000000000000000000000000000B8
:1082C400000000000000000010000000000000009A
:1082D400000000000000000000000000000000009A
:1082E40000000000000000000000000094140020C2
:1082F400810A0100280000000001040001000000C0
:1083040000000000020157494E555342000000008E
:1083140000000000000000000000000012034D00F7
:10832400530046005400310030003000F8000000D3
:10833400A41C0020041A00205C1E0020120000006F
:108344000000000000000000000000000000000029
:108354000000000000000000000000000000000019
:108364000000000000000000000000000000000009
:1083740000000000641E0020120000000000000045
:1083840000000000000000000000000000000000E9
:1083940018000000000000000000000000000000C1
:1083A40000000000000000000000000000000000C9
:1083B400701E002002000000000000000000000009
:1083C4000100000009000000000000003800000067
:1083D40000000000510B0100550B01008D0B010042
:1083E4005D0B01006D0B010000000000881E0020E1
:1083F4001200000000000000000000000000000067
:1084040000000000000000008000000000000000E8
:108414000000000000000000000000000000000058
:1084240000000000000000009C1E0020020000006C
:10843400000000000000000001000000090000002E
:10844400000000009800000000000000850B0100FF
:10845400A50B0100AD0B0100D50B0100E50B0100DC
:1084640000000000B81E0020120000000000000000
:1084740000000000000000000000000000000000F8
:10848400E000000000000000000000000000000008
:1084940000000000000000000000000000000000D8
:1084A400CC1E0020020000000000000000000000BC
:1084B400010000000900000000000000F8000000B6
:1084C40000000000890B0100950B01009D0B0100C9
:1084D400B50B0100C50B0100000000000000000006
:1084E400D4170020810A01005C1E00201200000045
:1084F4000000000000000000000000000000000078
:108504000000000000000000000000000000000067
:108514000000000000000000000000000000000057
:1085240000000000F81E00201200000000000000FF
:108534000000000000000000000000000000000037
:108544001400000000000000000000000000000013
:108554000000000000000000000000000000000017
:10856400001F0020020000000000000000000000C6
:1085740000000000000000000000000018000000DF
:1085840000000000000000000000000000000000E7
:108594000000000000000000000000000C1F00208C
:1085A40002000000000000000000000000000000C5
:1085B4000000000000000000200000000000000097
:1085C40000000000000000000000000000000000A7
:1085D4000000000000000000181F0020020000003E
:1085E4000000000000000000000000000000000087
:1085F400000000002800000000000000000000004F
:108604000000000000000000000000000000000066
:1086140000000000241F00200200000000000000F1
:10862400000000000100000009000000000000003C
:108634003000000000000000350C0100390C01007E
:10864400690C0100410C0100510C01000000000004
:10865400381F002008000000000000000000000097
:10866400000000000000000000000000780000008E
:1086740000000000000000000000000000000000F6
:1086840000000000000000000000000000000000E6
:10869400F0170020810A0100F81E002009000000E4
:1086A40000000000000000000000000000000000C6
:1086B40000000000000000000000000000000000B6
:1086C40000000000000000000000000000000000A6
:1086D40000000000641F00200A00000000000000E9
:1086E4000000000000000000000000000000000086
:1086F4000200000000000000000000000000000074
:108704000000000000000000000000000000000065
:10871400000000000C180020810A0100740A0020E7
:10872400060000000000000000000000000000003F
:108734000000000000000000000000000000000035
:108744000000000000000000000000000000000025
:108754000000000000000000000000008818002055
:10876400810A0100D821002012000000000000004E
:1087740000000000000000000000000000000000F5
:1087840000000000000000000000000000000000E5
:1087940000000000000000000000000000000000D5
:1087A400740A002001000000000000000000000026
:1087B40001000000000000000000000010000000A4
:1087C40000000000E5110100E91101002D12010073
:1087D400F1110100FD11010011120100000000005F
:1087E400A4180020810A0100E821002012000000E2
:1087F4000000000000000000000000000000000075
:108804000000000000000000000000000000000064
:108814000000000000000000000000000000000054
:1088240000000000F0210020100000000000000003
:108834000000000000000000000000000000000034
:10884400080000000000000000000000000000001C
:108854000000000000000000000000000000000014
:1088640000000000C0180020810A0100A822002096
:1088740010000000000000000000000000000000E4
:1088840000000000000000000000000000000000E4
:1088940000000000000000000000000000000000D4
:1088A4000000000000000000B02200200C000000C6
:1088B40000000000000000000000000000000000B4
:1088C400000000000C000000000000000000000098
:1088D4000000000000000000000000000000000094
:1088E40000000000B82200200C000000000000007E
:1088F4000000000000000000000000000000000074
:108904001000000000000000000000000000000053
:108914000000000000000000000000000000000053
:1089240000000000DC180020810A01001022002051
:108934001200000000000000000000000100000020
:108944000000000000000000000000000000000023
:10895400951201009912010011130100A5120100E2
:10896400C9120100F5120100142200200C000000BD
:1089740000000000000000000000000000000000F3
:10898400000000000C0000000000000000000000D7
:1089940000000000000000000000000000000000D3
:1089A4000000000000000000F8180020810A010007
:1089B400740A00200800000000000000000000000D
:1089C40000000000000000000000000000000000A3
:1089D4000000000000000000000000000000000093
:1089E4000000000000000000000000000000000083
:1089F40014190020810A01000C030000000000008B
:108A04000000000000000000000000000000000062
:108A14000000000000000000000000000000000052
:108A24000000000000000000000000000000000042
:108A34000000000000000000000000000000000032
:108A44000000000000000000000000000000000022
:108A54000000000000000000000000000000000012
:108A64000000000000000000000000000000000002
:108A740000000000000000000000000000000000F2
:108A840000000000000000000000000000000000E2
:108A940000000000000000000000000000000000D2
:108AA40000000000000000000000000000000000C2
:108AB40000000000000000000000000000000000B2
:108AC40000000000000000000000000000000000A2
:108AD4000000000000000000000000000000000092
:108AE4000000000000000000000000000000000082
:108AF4000000000000000000000000000000000072
:108B04000000000000000000000000000000000061
:108B14000000000000000000000000000000000051
:108B24000000000000000000000000000000000041
:108B34000000000000000000000000000000000031
:108B44000000000000000000000000000000000021
:108B54000000000000000000000000000000000011
:108B64000000000000000000000000000000000001
:108B740000000000000000000000000000000000F1
:108B840000000000000000000000000000000000E1
:108B940000000000000000000000000000000000D1
:108BA40000000000000000000000000000000000C1
:108BB40000000000000000000000000000000000B1
:108BC40000000000000000000000000000000000A1
:108BD4000000000000000000000000000000000091
:108BE4000000000000000000000000000000000081
:108BF4000000000000000000000000000000000071
:108C04000000000000000000000000000000000060
:108C14000000000000000000000000000000000050
:108C24000000000000000000000000000000000040
:108C34000000000000000000000000000000000030
:108C44000000000000000000000000000000000020
:108C54000000000000000000000000000000000010
:108C64000000000000000000000000000000000000
:108C740000000000000000000000000000000000F0
:108C840000000000000000000000000000000000E0
:108C940000000000000000000000000000000000D0
:108CA40000000000000000000000000000000000C0
:108CB40000000000000000000000000000000000B0
:108CC40000000000000000000000000000000000A0
:108CD4000000000000000000000000000000000090
:108CE4000000000000000000000000000000000080
:108CF4000000000000000000000000000000000070
:108D0400000000000000000000000000000000005F
:108D1400000000000000000000000000000000004F
:108D2400000000000000000000000000000000003F
:108D3400000000000000000000000000000000002F
:108D4400000000000000000000000000000000001F
:108D5400000000000000000000000000000000000F
:108D640000000000000000000000000000000000FF
:108D740000000000000000000000000000000000EF
:108D840000000000000000000000000000000000DF
:108D940000000000000000000000000000000000CF
:108DA40000000000000000000000000000000000BF
:108DB40000000000000000000000000000000000AF
:108DC400000000000000000000000000000000009F
:108DD400000000000000000000000000000000008F
:108DE400000000000000000000000000000000007F
:108DF400000000000000000000000000000000006F
:108E0400000000000000000000000000000000005E
:108E1400000000000000000000000000000000004E
:108E2400000000000000000000000000000000003E
:108E3400000000000000000000000000000000002E
:108E4400000000000000000000000000000000001E
:108E5400000000000000000000000000000000000E
:108E640000000000000000000000000000000000FE
:108E740000000000000000000000000000000000EE
:108E840000000000000000000000000000000000DE
:108E940000000000000000000000000000000000CE
:108EA40000000000000000000000000000000000BE
:108EB40000000000000000000000000000000000AE
:108EC400000000000000000000000000000000009E
:108ED400000000000000000000000000000000008E
:108EE400000000000000000000000000000000007E
:108EF400000000000000000000000000000000006E
:108F0400000000000000000000000000000000005D
:108F1400000000000000000000000000000000004D
:108F2400000000000000000000000000000000003D
:108F3400000000000000000000000000000000002D
:108F4400000000000000000000000000000000001D
:108F5400000000000000000000000000000000000D
:108F640000000000000000000000000000000000FD
:108F740000000000000000000000000000000000ED
:108F840000000000000000000000000000000000DD
:108F940000000000000000000000000000000000CD
:108FA40000000000000000000000000000000000BD
:108FB40000000000000000000000000000000000AD
:108FC400000000000000000000000000000000009D
:108FD400000000000000000000000000000000008D
:108FE400000000000000000000000000000000007D
:108FF400000000000000000000000000000000006D
:10900400FFFFFFFFFFFFFFFFFFFFFFFFFFFFFFFF6C
:10901400FFFFFFFFFFFFFFFFFFFFFFFFFFFFFFFF5C
:10902400FFFFFFFFFFFFFFFFFFFFFFFFFFFFFFFF4C
:10903400FFFFFFFFFFFFFFFFFFFFFFFFFFFFFFFF3C
:10904400FFFFFFFFFFFFFFFFFFFFFFFFFFFFFFFF2C
:10905400FFFFFFFFFFFFFFFFFFFFFFFFFFFFFFFF1C
:10906400FFFFFFFFFFFFFFFFFFFFFFFFFFFFFFFF0C
:10907400FFFFFFFFFFFFFFFFFFFFFFFFFFFFFFFFFC
:10908400FFFFFFFFFFFFFFFFFFFFFFFFFFFFFFFFEC
:10909400FFFFFFFFFFFFFFFFFFFFFFFFFFFFFFFFDC
:1090A400FFFFFFFFFFFFFFFFFFFFFFFFFFFFFFFFCC
:1090B400FFFFFFFFFFFFFFFFFFFFFFFFFFFFFFFFBC
:1090C400FFFFFFFFFFFFFFFFFFFFFFFFFFFFFFFFAC
:1090D400FFFFFFFFFFFFFFFFFFFFFFFFFFFFFFFF9C
:1090E400FFFFFFFFFFFFFFFFFFFFFFFFFFFFFFFF8C
:1090F400FFFFFFFFFFFFFFFFFFFFFFFFFFFFFFFF7C
:10910400FFFFFFFFFFFFFFFFFFFFFFFFFFFFFFFF6B
:10911400FFFFFFFFFFFFFFFFFFFFFFFFFFFFFFFF5B
:10912400FFFFFFFFFFFFFFFFFFFFFFFFFFFFFFFF4B
:10913400FFFFFFFFFFFFFFFFFFFFFFFFFFFFFFFF3B
:10914400FFFFFFFFFFFFFFFFFFFFFFFFFFFFFFFF2B
:10915400FFFFFFFFFFFFFFFFFFFFFFFFFFFFFFFF1B
:10916400FFFFFFFFFFFFFFFFFFFFFFFFFFFFFFFF0B
:10917400FFFFFFFFFFFFFFFFFFFFFFFFFFFFFFFFFB
:10918400FFFFFFFFFFFFFFFFFFFFFFFFFFFFFFFFEB
:10919400FFFFFFFFFFFFFFFFFFFFFFFFFFFFFFFFDB
:1091A400FFFFFFFFFFFFFFFFFFFFFFFFFFFFFFFFCB
:1091B400FFFFFFFFFFFFFFFFFFFFFFFFFFFFFFFFBB
:1091C400FFFFFFFFFFFFFFFFFFFFFFFFFFFFFFFFAB
:1091D400FFFFFFFFFFFFFFFFFFFFFFFFFFFFFFFF9B
:1091E400FFFFFFFFFFFFFFFFFFFFFFFFFFFFFFFF8B
:1091F400FFFFFFFFFFFFFFFFFFFFFFFFFFFFFFFF7B
:10920400FFFFFFFFFFFFFFFFFFFFFFFFFFFFFFFF6A
:10921400FFFFFFFFFFFFFFFFFFFFFFFFFFFFFFFF5A
:10922400FFFFFFFFFFFFFFFFFFFFFFFFFFFFFFFF4A
:10923400FFFFFFFFFFFFFFFFFFFFFFFFFFFFFFFF3A
:10924400FFFFFFFFFFFFFFFFFFFFFFFFFFFFFFFF2A
:10925400FFFFFFFFFFFFFFFFFFFFFFFFFFFFFFFF1A
:10926400FFFFFFFFFFFFFFFFFFFFFFFFFFFFFFFF0A
:10927400FFFFFFFFFFFFFFFFFFFFFFFFFFFFFFFFFA
:10928400FFFFFFFFFFFFFFFFFFFFFFFFFFFFFFFFEA
:10929400FFFFFFFFFFFFFFFFFFFFFFFFFFFFFFFFDA
:1092A400FFFFFFFFFFFFFFFFFFFFFFFFFFFFFFFFCA
:1092B400FFFFFFFFFFFFFFFFFFFFFFFFFFFFFFFFBA
:1092C400FFFFFFFFFFFFFFFFFFFFFFFFFFFFFFFFAA
:1092D400FFFFFFFFFFFFFFFFFFFFFFFFFFFFFFFF9A
:1092E400FFFFFFFFFFFFFFFFFFFFFFFFFFFFFFFF8A
:1092F400FFFFFFFFFFFFFFFFFFFFFFFFFFFFFFFF7A
:10930400FFFFFFFFFFFFFFFFFFFFFFFFFFFFFFFF69
:10931400FFFFFFFFFFFFFFFFFFFFFFFFFFFFFFFF59
:10932400FFFFFFFFFFFFFFFFFFFFFFFFFFFFFFFF49
:10933400FFFFFFFFFFFFFFFFFFFFFFFFFFFFFFFF39
:10934400FFFFFFFFFFFFFFFFFFFFFFFFFFFFFFFF29
:10935400FFFFFFFFFFFFFFFFFFFFFFFFFFFFFFFF19
:10936400FFFFFFFFFFFFFFFFFFFFFFFFFFFFFFFF09
:10937400FFFFFFFFFFFFFFFFFFFFFFFFFFFFFFFFF9
:10938400FFFFFFFFFFFFFFFFFFFFFFFFFFFFFFFFE9
:10939400FFFFFFFFFFFFFFFFFFFFFFFFFFFFFFFFD9
:1093A400FFFFFFFFFFFFFFFFFFFFFFFFFFFFFFFFC9
:1093B400FFFFFFFFFFFFFFFFFFFFFFFFFFFFFFFFB9
:1093C400FFFFFFFFFFFFFFFFFFFFFFFFFFFFFFFFA9
:1093D400FFFFFFFFFFFFFFFFFFFFFFFFFFFFFFFF99
:1093E400FFFFFFFFFFFFFFFFFFFFFFFFFFFFFFFF89
:1093F400FFFFFFFFFFFFFFFFFFFFFFFF0000000075
:109404000000000000000000000000000000000058
:109414000000000000000000000000000000000048
:109424000000000000000000000000000000000038
:109434000000000000000000000000000000000028
:109444000000000000000000000000000000000018
:109454000000000000000000000000000000000008
:1094640000000000000000000000000000000000F8
:1094740000000000000000000000000000000000E8
:1094840000000000000000000000000000000000D8
:1094940000000000000000000000000000000000C8
:1094A40000000000000000000000000000000000B8
:1094B40000000000000000000000000000000000A8
:1094C4000000000000000000000000000000000098
:1094D4000000000000000000000000000000000088
:1094E4000000000000000000000000000000000078
:1094F4000000000000000000000000000000000068
:109504000000000000000000000000000000000057
:109514000000000000000000000000000000000047
:109524000000000000000000000000000000000037
:109534000000000000000000000000000000000027
:109544000000000000000000000000000000000017
:109554000000000000000000000000000000000007
:1095640000000000000000000000000000000000F7
:1095740000000000000000000000000000000000E7
:1095840000000000000000000000000000000000D7
:1095940000000000000000000000000000000000C7
:1095A40000000000000000000000000000000000B7
:1095B40000000000000000000000000000000000A7
:1095C4000000000000000000000000000000000097
:1095D4000000000000000000000000000000000087
:1095E4000000000000000000000000000000000077
:1095F4000000000000000000000000000000000067
:109604000000000000000000000000000000000056
:109614000000000000000000000000000000000046
:109624000000000000000000000000000000000036
:109634000000000000000000000000000000000026
:109644000000000000000000000000000000000016
:109654000000000000000000000000000000000006
:1096640000000000000000000000000000000000F6
:1096740000000000000000000000000000000000E6
:1096840000000000000000000000000000000000D6
:1096940000000000000000000000000000000000C6
:1096A40000000000000000000000000000000000B6
:1096B40000000000000000000000000000000000A6
:1096C4000000000000000000000000000000000096
:1096D4000000000000000000000000000000000086
:1096E4000000000000000000000000000000000076
:1096F4000000000000000000000000000000000066
:109704000000000000000000000000000000000055
:109714000000000000000000000000000000000045
:109724000000000000000000000000000000000035
:109734000000000000000000000000000000000025
:109744000000000000000000000000000000000015
:109754000000000000000000000000000000000005
:1097640000000000000000000000000000000000F5
:1097740000000000000000000000000000000000E5
:1097840000000000000000000000000000000000D5
:1097940000000000000000000000000000000000C5
:1097A40000000000000000000000000000000000B5
:1097B40000000000000000000000000000000000A5
:1097C4000000000000000000000000000000000095
:1097D4000000000000000000000000000000000085
:1097E4000000000000000000000000000000000075
:1097F4000000000000000000000000000000000065
:109804000000000000000000000000000000000054
:109814000000000000000000000000000000000044
:109824000000000000000000000000000000000034
:109834000000000000000000000000000000000024
:109844000000000000000000000000000000000014
:109854000000000000000000000000000000000004
:1098640000000000000000000000000000000000F4
:1098740000000000000000000000000000000000E4
:1098840000000000000000000000000000000000D4
:1098940000000000000000000000000000000000C4
:1098A40000000000000000000000000000000000B4
:1098B40000000000000000000000000000000000A4
:1098C4000000000000000000000000000000000094
:1098D4000000000000000000000000000000000084
:1098E4000000000000000000000000000000000074
:1098F4000000000000000000000000000000000064
:109904000000000000000000000000000000000053
:109914000000000000000000000000000000000043
:109924000000000000000000000000000000000033
:109934000000000000000000000000000000000023
:109944000000000000000000000000000000000013
:109954000000000000000000000000000000000003
:1099640000000000000000000000000000000000F3
:1099740000000000000000000000000000000000E3
:1099840000000000000000000000000000000000D3
:1099940000000000000000000000000000000000C3
:1099A40000000000000000000000000000000000B3
:1099B40000000000000000000000000000000000A3
:1099C4000000000000000000000000000000000093
:1099D4000000000000000000000000000000000083
:1099E4000000000000000000000000000000000073
:1099F4000000000000000000000000000000000063
:109A04000000000000000000000000000000000052
:109A14000000000000000000000000000000000042
:109A24000000000000000000000000000000000032
:109A34000000000000000000000000000000000022
:109A44000000000000000000000000000000000012
:109A54000000000000000000000000000000000002
:109A640000000000000000000000000000000000F2
:109A740000000000000000000000000000000000E2
:109A840000000000000000000000000000000000D2
:109A940000000000000000000000000000000000C2
:109AA40000000000000000000000000000000000B2
:109AB40000000000000000000000000000000000A2
:109AC4000000000000000000000000000000000092
:109AD4000000000000000000000000000000000082
:109AE4000000000000000000000000000000000072
:109AF4000000000000000000000000000000000062
:109B04000000000000000000000000000000000051
:109B14000000000000000000000000000000000041
:109B24000000000000000000000000000000000031
:109B34000000000000000000000000000000000021
:109B44000000000000000000000000000000000011
:109B54000000000000000000000000000000000001
:109B640000000000000000000000000000000000F1
:109B740000000000000000000000000000000000E1
:109B840000000000000000000000000000000000D1
:109B940000000000000000000000000000000000C1
:109BA40000000000000000000000000000000000B1
:109BB40000000000000000000000000000000000A1
:109BC4000000000000000000000000000000000091
:109BD4000000000000000000000000000000000081
:109BE4000000000000000000000000000000000071
:109BF4000000000000000000000000000000000061
:109C04000000000000000000000000000000000050
:109C14000000000000000000000000000000000040
:109C24000000000000000000000000000000000030
:109C34000000000000000000000000000000000020
:109C44000000000000000000000000000000000010
:109C54000000000000000000000000000000000000
:109C640000000000000000000000000000000000F0
:109C740000000000000000000000000000000000E0
:109C840000000000000000000000000000000000D0
:109C940000000000000000000000000000000000C0
:109CA40000000000000000000000000000000000B0
:109CB40000000000000000000000000000000000A0
:109CC4000000000000000000000000000000000090
:109CD4000000000000000000000000000000000080
:109CE4000000000000000000000000000000000070
:109CF4000000000000000000000000000000000060
:109D0400000000000000000000000000000000004F
:109D1400000000000000000000000000000000003F
:109D2400000000000000000000000000000000002F
:109D3400000000000000000000000000000000001F
:109D4400000000000000000000000000000000000F
:109D540000000000000000000000000000000000FF
:109D640000000000000000000000000000000000EF
:109D740000000000000000000000000000000000DF
:109D840000000000000000000000000000000000CF
:109D940000000000000000000000000000000000BF
:109DA40000000000000000000000000000000000AF
:109DB400000000000000000000000000000000009F
:109DC400000000000000000000000000000000008F
:109DD400000000000000000000000000000000007F
:109DE400000000000000000000000000000000006F
:109DF400000000000000000000000000000000005F
:109E0400000000000000000000000000000000004E
:109E1400000000000000000000000000000000003E
:109E2400000000000000000000000000000000002E
:109E3400000000000000000000000000000000001E
:109E4400000000000000000000000000000000000E
:109E540000000000000000000000000000000000FE
:109E640000000000000000000000000000000000EE
:109E740000000000000000000000000000000000DE
:109E840000000000000000000000000000000000CE
:109E940000000000000000000000000000000000BE
:109EA40000000000000000000000000000000000AE
:109EB400000000000000000000000000000000009E
:109EC400000000000000000000000000000000008E
:109ED400000000000000000000000000000000007E
:109EE400000000000000000000000000000000006E
:109EF400000000000000000000000000000000005E
:109F0400000000000000000000000000000000004D
:109F1400000000000000000000000000000000003D
:109F2400000000000000000000000000000000002D
:109F3400000000000000000000000000000000001D
:109F4400000000000000000000000000000000000D
:109F540000000000000000000000000000000000FD
:109F640000000000000000000000000000000000ED
:109F740000000000000000000000000000000000DD
:109F840000000000000000000000000000000000CD
:109F940000000000000000000000000000000000BD
:109FA40000000000000000000000000000000000AD
:109FB400000000000000000000000000000000009D
:109FC400000000000000000000000000000000008D
:109FD400000000000000000000000000000000007D
:109FE400000000000000000000000000000000006D
:0C9FF40000000000000000000000000061
:040000056000100087
:00000001FF
